CustomerID,Recency,Frequency,Monetary,Cluster,PCA1,PCA2,Segment,Action
12347.0,2,7,4310.0,0,2.569075377734924,-0.7951463165816482,Champions,"Programme VIP, avant-premières, remerciements personnalisés"
12348.0,75,4,1437.24,3,0.3856341994883147,0.6740159512369692,Clients fidèles,"Fidélité à paliers, recommandations de produits complémentaires"
12349.0,19,1,1457.55,2,0.07157439124370571,-0.5206519773948852,Nouveaux clients,"Mail de bienvenue, code promo sur la 2e commande"
12350.0,310,1,294.4,1,-1.7372281136471786,0.6378999316879044,Clients perdus,"Campagne de réactivation avec remise, à faible coût"
12352.0,36,7,1385.74,3,1.0692108000021943,0.3850765916000312,Clients fidèles,"Fidélité à paliers, recommandations de produits complémentaires"
12353.0,204,1,89.0,1,-2.1443175131716123,-0.05986585186455468,Clients perdus,"Campagne de réactivation avec remise, à faible coût"
12354.0,232,1,1079.4,1,-1.0091185643924414,0.9275443923001214,Clients perdus,"Campagne de réactivation avec remise, à faible coût"
12355.0,214,1,459.4,1,-1.3848149047864193,0.5655186290884773,Clients perdus,"Campagne de réactivation avec remise, à faible coût"
12356.0,23,3,2487.43,3,0.8847826809844562,0.05673092001215926,Clients fidèles,"Fidélité à paliers, recommandations de produits complémentaires"
12357.0,33,1,6207.67,3,0.5590524307157447,0.34413220893702257,Clients fidèles,"Fidélité à paliers, recommandations de produits complémentaires"
12358.0,2,2,928.0600000000001,2,0.9487588218495593,-1.7324751936880445,Nouveaux clients,"Mail de bienvenue, code promo sur la 2e commande"
12359.0,58,4,6310.03,3,1.1869346700488348,1.0526245678459711,Clients fidèles,"Fidélité à paliers, recommandations de produits complémentaires"
12360.0,52,3,2302.06,3,0.5453356999856274,0.5310928858465002,Clients fidèles,"Fidélité à paliers, recommandations de produits complémentaires"
12361.0,287,1,174.9,1,-1.9548803993229358,0.40013199339119443,Clients perdus,"Campagne de réactivation avec remise, à faible coût"
12362.0,3,10,4737.23,0,2.792896822999211,-0.4555505947135236,Champions,"Programme VIP, avant-premières, remerciements personnalisés"
12363.0,110,2,552.0,1,-0.6774742456967482,0.3690862542437921,Clients perdus,"Campagne de réactivation avec remise, à faible coût"
12364.0,8,4,1208.1,2,1.1177593497708045,-0.7427408596088042,Nouveaux clients,"Mail de bienvenue, code promo sur la 2e commande"
12365.0,291,1,320.69,1,-1.6725322070020507,0.6289955450035258,Clients perdus,"Campagne de réactivation avec remise, à faible coût"
12367.0,4,1,150.9,2,-0.4766893540080376,-2.2248738400379544,Nouveaux clients,"Mail de bienvenue, code promo sur la 2e commande"
12370.0,51,4,3421.94,3,0.9436797865693999,0.7494287142532672,Clients fidèles,"Fidélité à paliers, recommandations de produits complémentaires"
12371.0,60,1,1527.96,3,-0.33184776932991006,0.20397391980135893,Clients fidèles,"Fidélité à paliers, recommandations de produits complémentaires"
12372.0,72,3,1196.04,3,0.11128198713679056,0.49559951604260544,Clients fidèles,"Fidélité à paliers, recommandations de produits complémentaires"
12373.0,311,1,324.6,1,-1.6920774798371763,0.6754286751531382,Clients perdus,"Campagne de réactivation avec remise, à faible coût"
12374.0,25,1,622.93,2,-0.43320203912295624,-0.6638340292635233,Nouveaux clients,"Mail de bienvenue, code promo sur la 2e commande"
12375.0,11,2,377.5,2,-0.008507303857225918,-1.1804388205243412,Nouveaux clients,"Mail de bienvenue, code promo sur la 2e commande"
12377.0,315,2,1548.12,3,-0.5862563169454285,1.4083865339004038,Clients fidèles,"Fidélité à paliers, recommandations de produits complémentaires"
12378.0,130,1,4008.62,3,-0.16440734504692198,1.0403904048133463,Clients fidèles,"Fidélité à paliers, recommandations de produits complémentaires"
12379.0,82,2,777.24,3,-0.40366708325791834,0.3092588211361195,Clients fidèles,"Fidélité à paliers, recommandations de produits complémentaires"
12380.0,22,4,2427.81,3,1.0917558949792066,0.10682290194416397,Clients fidèles,"Fidélité à paliers, recommandations de produits complémentaires"
12381.0,5,3,1474.81,2,1.1653072198178833,-1.0132173535154267,Nouveaux clients,"Mail de bienvenue, code promo sur la 2e commande"
12383.0,185,5,1628.56,3,0.26859167126614253,1.3575550690216396,Clients fidèles,"Fidélité à paliers, recommandations de produits complémentaires"
12384.0,29,2,425.27000000000004,2,-0.3018195914167174,-0.5558142716558381,Nouveaux clients,"Mail de bienvenue, code promo sur la 2e commande"
12386.0,338,2,401.9,1,-1.254740840386254,0.9618995114218394,Clients perdus,"Campagne de réactivation avec remise, à faible coût"
12388.0,16,6,2780.66,0,1.5768304788935665,0.09409572459817385,Champions,"Programme VIP, avant-premières, remerciements personnalisés"
12390.0,80,1,504.84000000000003,1,-0.9671531686346371,-0.019446678729844888,Clients perdus,"Campagne de réactivation avec remise, à faible coût"
12391.0,22,1,439.66,2,-0.5520691617261079,-0.8684149374743781,Nouveaux clients,"Mail de bienvenue, code promo sur la 2e commande"
12393.0,72,4,1582.6000000000001,3,0.4468874910967121,0.6835727111848773,Clients fidèles,"Fidélité à paliers, recommandations de produits complémentaires"
12394.0,64,2,1080.48,3,-0.15353368020216276,0.27415945472108993,Clients fidèles,"Fidélité à paliers, recommandations de produits complémentaires"
12395.0,19,12,2682.63,0,2.0588106496686605,0.42250969236341224,Champions,"Programme VIP, avant-premières, remerciements personnalisés"
12397.0,36,2,2214.9,3,0.4034275110997389,0.17825422961367712,Clients fidèles,"Fidélité à paliers, recommandations de produits complémentaires"
12398.0,46,1,1435.66,3,-0.261940333843329,0.015867608639234268,Clients fidèles,"Fidélité à paliers, recommandations de produits complémentaires"
12399.0,119,4,1033.65,3,0.054273439747729045,0.8436881018630098,Clients fidèles,"Fidélité à paliers, recommandations de produits complémentaires"
12401.0,303,1,69.3,1,-2.4124965653922303,0.10001963716640812,Clients perdus,"Campagne de réactivation avec remise, à faible coût"
12402.0,323,1,195.6,1,-1.9468559565652162,0.5154188649835286,Clients perdus,"Campagne de réactivation avec remise, à faible coût"
12403.0,50,1,391.7,1,-0.9110958231060219,-0.40524418583374094,Clients perdus,"Campagne de réactivation avec remise, à faible coût"
12405.0,149,1,1390.39,1,-0.720397202797974,0.7403960888742707,Clients perdus,"Campagne de réactivation avec remise, à faible coût"
12406.0,22,2,3415.3,3,0.7912489094160138,0.03449500896233819,Clients fidèles,"Fidélité à paliers, recommandations de produits complémentaires"
12407.0,50,5,1507.1200000000001,3,0.725854724500961,0.5084645707211638,Clients fidèles,"Fidélité à paliers, recommandations de produits complémentaires"
12408.0,33,5,2618.55,3,1.143768996858259,0.45256386779569946,Clients fidèles,"Fidélité à paliers, recommandations de produits complémentaires"
12409.0,79,3,11072.67,3,1.1362644045200607,1.3648732989168826,Clients fidèles,"Fidélité à paliers, recommandations de produits complémentaires"
12410.0,309,2,533.33,1,-1.086075380923822,1.0081097051074395,Clients perdus,"Campagne de réactivation avec remise, à faible coût"
12412.0,75,3,1142.88,3,0.07425811277539109,0.5045855851072882,Clients fidèles,"Fidélité à paliers, recommandations de produits complémentaires"
12413.0,67,3,686.1,3,-0.12610766271125276,0.2481759790467632,Clients fidèles,"Fidélité à paliers, recommandations de produits complémentaires"
12414.0,217,3,442.41,1,-0.7797035128772881,0.8275338408949822,Clients perdus,"Campagne de réactivation avec remise, à faible coût"
12415.0,24,20,124564.53,0,4.236738550432401,2.1480572424396462,Champions,"Programme VIP, avant-premières, remerciements personnalisés"
12417.0,3,9,3226.1,0,2.523508510391508,-0.6322995037334778,Champions,"Programme VIP, avant-premières, remerciements personnalisés"
12418.0,113,1,668.58,1,-0.9640615544037625,0.2996074083334508,Clients perdus,"Campagne de réactivation avec remise, à faible coût"
12420.0,64,1,600.39,1,-0.80067345034573,-0.09596362911406199,Clients perdus,"Campagne de réactivation avec remise, à faible coût"
12421.0,16,4,639.04,2,0.5718024678671754,-0.5712126091652768,Nouveaux clients,"Mail de bienvenue, code promo sur la 2e commande"
12422.0,96,3,683.5600000000001,3,-0.26352798962299706,0.47216332257114296,Clients fidèles,"Fidélité à paliers, recommandations de produits complémentaires"
12423.0,1,8,1634.31,0,2.3688589904554416,-1.3604539946654381,Champions,"Programme VIP, avant-premières, remerciements personnalisés"
12424.0,163,2,1760.96,3,-0.27443332991112396,1.0392464123715666,Clients fidèles,"Fidélité à paliers, recommandations de produits complémentaires"
12425.0,78,1,777.2,1,-0.7523705607816082,0.12175904560331258,Clients perdus,"Campagne de réactivation avec remise, à faible coût"
12426.0,195,1,510.73,1,-1.2991184866215029,0.5453638688730843,Clients perdus,"Campagne de réactivation avec remise, à faible coût"
12427.0,22,3,699.8,2,0.29729455906850205,-0.43231372179223776,Nouveaux clients,"Mail de bienvenue, code promo sur la 2e commande"
12428.0,26,8,6405.26,0,2.0254216601543336,0.7885413582062573,Champions,"Programme VIP, avant-premières, remerciements personnalisés"
12429.0,9,4,3388.4,0,1.568628030808112,-0.300055818389006,Champions,"Programme VIP, avant-premières, remerciements personnalisés"
12430.0,43,1,216.4,1,-1.136436552088189,-0.7145074932913157,Clients perdus,"Campagne de réactivation avec remise, à faible coût"
12431.0,36,15,6314.95,0,2.4198759062583726,1.2048249160685185,Champions,"Programme VIP, avant-premières, remerciements personnalisés"
12432.0,43,4,4359.32,3,1.1228005559186278,0.7317066111872332,Clients fidèles,"Fidélité à paliers, recommandations de produits complémentaires"
12433.0,1,7,13375.87,0,3.2634310495661416,-0.6394857776418615,Champions,"Programme VIP, avant-premières, remerciements personnalisés"
12434.0,85,2,806.14,3,-0.39985528326238645,0.34507890550297526,Clients fidèles,"Fidélité à paliers, recommandations de produits complémentaires"
12435.0,80,2,7829.89,3,0.7056596182475594,1.1356263351152498,Clients fidèles,"Fidélité à paliers, recommandations de produits complémentaires"
12436.0,100,1,429.01000000000005,1,-1.1288099763304658,0.061326039353335624,Clients perdus,"Campagne de réactivation avec remise, à faible coût"
12437.0,2,18,4447.41,0,3.36812025178214,-0.4505905874319708,Champions,"Programme VIP, avant-premières, remerciements personnalisés"
12438.0,14,2,2466.85,3,0.7995495951650028,-0.35525106362371983,Clients fidèles,"Fidélité à paliers, recommandations de produits complémentaires"
12441.0,367,1,155.55,1,-2.1040200324362113,0.5131421774201909,Clients perdus,"Campagne de réactivation avec remise, à faible coût"
12442.0,3,1,144.06,2,-0.4134206492466632,-2.3832340987554,Nouveaux clients,"Mail de bienvenue, code promo sur la 2e commande"
12444.0,21,5,4085.46,3,1.521884752609421,0.3385414883321805,Clients fidèles,"Fidélité à paliers, recommandations de produits complémentaires"
12445.0,22,1,77.4,2,-1.3746250928776784,-1.4979188924869946,Nouveaux clients,"Mail de bienvenue, code promo sur la 2e commande"
12446.0,58,1,1002.3100000000001,1,-0.5198339538220258,0.029215871014922762,Clients perdus,"Campagne de réactivation avec remise, à faible coût"
12447.0,243,1,431.49,1,-1.4629331960732834,0.622985980190521,Clients perdus,"Campagne de réactivation avec remise, à faible coût"
12448.0,44,1,365.45,1,-0.8962569428887598,-0.5098726113399761,Clients perdus,"Campagne de réactivation avec remise, à faible coût"
12449.0,22,4,3596.29,3,1.2788931140434339,0.2500394481625707,Clients fidèles,"Fidélité à paliers, recommandations de produits complémentaires"
12450.0,156,2,197.88,1,-1.2971266167820303,0.2161550500745941,Clients perdus,"Campagne de réactivation avec remise, à faible coût"
12451.0,11,5,8995.52,0,2.129363930256515,0.24176017280351325,Champions,"Programme VIP, avant-premières, remerciements personnalisés"
12452.0,17,1,348.57,2,-0.5687843068730831,-1.1083541665914103,Nouveaux clients,"Mail de bienvenue, code promo sur la 2e commande"
12453.0,134,1,707.09,1,-1.0019905586967526,0.42725784517323656,Clients perdus,"Campagne de réactivation avec remise, à faible coût"
12454.0,56,1,3528.34,3,0.09261048218057517,0.46596378417878653,Clients fidèles,"Fidélité à paliers, recommandations de produits complémentaires"
12455.0,73,5,2339.86,3,0.793163233341796,0.9049182515072415,Clients fidèles,"Fidélité à paliers, recommandations de produits complémentaires"
12456.0,44,3,2581.04,3,0.6623045582827185,0.46897930459958265,Clients fidèles,"Fidélité à paliers, recommandations de produits complémentaires"
12457.0,66,6,2043.23,3,0.9062910420577536,0.8518360323604183,Clients fidèles,"Fidélité à paliers, recommandations de produits complémentaires"
12458.0,71,2,787.4,3,-0.3431894116992085,0.22379400163243687,Clients fidèles,"Fidélité à paliers, recommandations de produits complémentaires"
12461.0,155,1,626.88,1,-1.1144866930767816,0.4751430633656752,Clients perdus,"Campagne de réactivation avec remise, à faible coût"
12462.0,19,2,937.59,2,0.22909143019930053,-0.5252383012414742,Nouveaux clients,"Mail de bienvenue, code promo sur la 2e commande"
12463.0,53,4,1200.78,3,0.43057471680038834,0.3917209654443208,Clients fidèles,"Fidélité à paliers, recommandations de produits complémentaires"
12464.0,10,8,957.05,0,1.4630495572594846,-0.473936876102359,Champions,"Programme VIP, avant-premières, remerciements personnalisés"
12465.0,17,2,682.1899999999999,2,0.11800846862657206,-0.7078845461203269,Nouveaux clients,"Mail de bienvenue, code promo sur la 2e commande"
12468.0,188,2,657.54,1,-0.7975142374433234,0.7704075572229999,Clients perdus,"Campagne de réactivation avec remise, à faible coût"
12471.0,2,27,17388.649999999998,0,4.369167831212641,0.19584139705120354,Champions,"Programme VIP, avant-premières, remerciements personnalisés"
12472.0,32,7,6068.11,0,1.8162581890912657,0.850773295988178,Champions,"Programme VIP, avant-premières, remerciements personnalisés"
12473.0,54,3,2585.73,3,0.5865309725482004,0.5969446770267984,Clients fidèles,"Fidélité à paliers, recommandations de produits complémentaires"
12474.0,17,18,6694.09,0,2.878612163479881,0.8351535540803166,Champions,"Programme VIP, avant-premières, remerciements personnalisés"
12475.0,54,1,669.38,1,-0.6851314829312267,-0.1623427362294624,Clients perdus,"Campagne de réactivation avec remise, à faible coût"
12476.0,16,11,5898.42,0,2.4236087330847207,0.5757921972147767,Champions,"Programme VIP, avant-premières, remerciements personnalisés"
12477.0,23,6,13219.74,0,2.1877835579614726,0.8812121040814589,Champions,"Programme VIP, avant-premières, remerciements personnalisés"
12478.0,4,1,545.99,2,0.13373407488472983,-1.7577153792359104,Nouveaux clients,"Mail de bienvenue, code promo sur la 2e commande"
12479.0,11,1,473.2,2,-0.26865326207873663,-1.2543946457643411,Nouveaux clients,"Mail de bienvenue, code promo sur la 2e commande"
12480.0,28,4,2885.63,3,1.0855047077445747,0.3168419465800719,Clients fidèles,"Fidélité à paliers, recommandations de produits complémentaires"
12481.0,23,10,5003.82,0,2.1346848646373076,0.7010840851724862,Champions,"Programme VIP, avant-premières, remerciements personnalisés"
12483.0,17,8,1910.98,0,1.6041877034042165,0.09043857629826046,Champions,"Programme VIP, avant-premières, remerciements personnalisés"
12484.0,35,4,3939.32,3,1.1511828831634776,0.5674725991180842,Clients fidèles,"Fidélité à paliers, recommandations de produits complémentaires"
12488.0,10,3,1244.66,2,0.8530407435267783,-0.6905090754112391,Nouveaux clients,"Mail de bienvenue, code promo sur la 2e commande"
12489.0,336,1,298.93,1,-1.7606408267852358,0.6943843030445911,Clients perdus,"Campagne de réactivation avec remise, à faible coût"
12490.0,5,10,4859.93,0,2.6502263326648747,-0.1890051893256832,Champions,"Programme VIP, avant-premières, remerciements personnalisés"
12491.0,39,1,424.40000000000003,2,-0.7802043316981612,-0.5302030268072775,Nouveaux clients,"Mail de bienvenue, code promo sur la 2e commande"
12492.0,63,2,227.21,1,-0.888872741602275,-0.30296445880594725,Clients perdus,"Campagne de réactivation avec remise, à faible coût"
12493.0,166,2,379.74,1,-1.0112991377644718,0.49211937041989556,Clients perdus,"Campagne de réactivation avec remise, à faible coût"
12494.0,16,7,1084.1000000000001,3,1.2493604333429047,-0.19772826245406674,Clients fidèles,"Fidélité à paliers, recommandations de produits complémentaires"
12497.0,82,1,953.1,1,-0.6741421356428723,0.22739811626260667,Clients perdus,"Campagne de réactivation avec remise, à faible coût"
12498.0,21,3,349.70000000000005,2,-0.015566665553973565,-0.7129391572163137,Nouveaux clients,"Mail de bienvenue, code promo sur la 2e commande"
12500.0,23,11,4059.82,0,2.113973614548653,0.6583803016197657,Champions,"Programme VIP, avant-premières, remerciements personnalisés"
12501.0,337,1,2025.39,1,-0.8515449612067018,1.392863154256472,Clients perdus,"Campagne de réactivation avec remise, à faible coût"
12502.0,96,5,2995.87,3,0.8075061855568573,1.166693774187942,Clients fidèles,"Fidélité à paliers, recommandations de produits complémentaires"
12504.0,18,2,428.04999999999995,2,-0.12428171497973417,-0.8432074303542395,Nouveaux clients,"Mail de bienvenue, code promo sur la 2e commande"
12506.0,233,1,73.5,1,-2.2849013696830434,-0.04484653208667036,Clients perdus,"Campagne de réactivation avec remise, à faible coût"
12507.0,134,3,1052.81,3,-0.18424015538080613,0.8391653159315184,Clients fidèles,"Fidélité à paliers, recommandations de produits complémentaires"
12508.0,26,2,397.88,2,-0.2932230532192918,-0.6468695187848236,Nouveaux clients,"Mail de bienvenue, code promo sur la 2e commande"
12509.0,284,1,158.5,1,-1.9975116628205303,0.3578027724633653,Clients perdus,"Campagne de réactivation avec remise, à faible coût"
12510.0,143,2,814.5699999999999,1,-0.5917667635975082,0.6758743554601345,Clients perdus,"Campagne de réactivation avec remise, à faible coût"
12512.0,66,2,132.18,1,-1.1629635722470562,-0.4702765827556673,Clients perdus,"Campagne de réactivation avec remise, à faible coût"
12513.0,113,1,558.29,1,-1.0498130813526039,0.23398156659027147,Clients perdus,"Campagne de réactivation avec remise, à faible coût"
12514.0,267,1,1017.68,1,-1.0905925140857713,0.9948779844597155,Clients perdus,"Campagne de réactivation avec remise, à faible coût"
12515.0,353,1,278.7,1,-1.8127069339233028,0.7001430042810235,Clients perdus,"Campagne de réactivation avec remise, à faible coût"
12516.0,78,2,1186.06,3,-0.18364899340214738,0.431868497640957,Clients fidèles,"Fidélité à paliers, recommandations de produits complémentaires"
12517.0,28,4,2301.6,3,0.9778042406100428,0.2344185301894347,Clients fidèles,"Fidélité à paliers, recommandations de produits complémentaires"
12518.0,1,5,1840.89,0,2.057994050458513,-1.4732251738682258,Champions,"Programme VIP, avant-premières, remerciements personnalisés"
12519.0,64,1,276.84,1,-1.168582371434659,-0.3775251766500057,Clients perdus,"Campagne de réactivation avec remise, à faible coût"
12520.0,79,5,2346.2599999999998,3,0.7646897534833371,0.9553718820039954,Clients fidèles,"Fidélité à paliers, recommandations de produits complémentaires"
12521.0,143,1,545.68,1,-1.1498980626679896,0.3738696602331475,Clients perdus,"Campagne de réactivation avec remise, à faible coût"
12522.0,39,2,156.72,2,-0.8853931930401131,-0.7358387832571097,Nouveaux clients,"Mail de bienvenue, code promo sur la 2e commande"
12523.0,19,11,1699.77,0,1.7689533906935433,0.2253840103074137,Champions,"Programme VIP, avant-premières, remerciements personnalisés"
12524.0,9,8,3945.72,0,2.1739698658683206,-0.018188796030832705,Champions,"Programme VIP, avant-premières, remerciements personnalisés"
12526.0,1,3,1172.66,2,1.4757349252551013,-1.7936949501934334,Nouveaux clients,"Mail de bienvenue, code promo sur la 2e commande"
12527.0,82,3,330.71000000000004,1,-0.5491901314704652,0.1091053711198198,Clients perdus,"Campagne de réactivation avec remise, à faible coût"
12528.0,9,6,1645.48,0,1.5296319458787284,-0.43374153796917864,Champions,"Programme VIP, avant-premières, remerciements personnalisés"
12530.0,60,4,1500.28,3,0.49003924933414744,0.5501806792325401,Clients fidèles,"Fidélité à paliers, recommandations de produits complémentaires"
12531.0,15,1,125.22,2,-1.0091441022962082,-1.5545082826927357,Nouveaux clients,"Mail de bienvenue, code promo sur la 2e commande"
12532.0,30,1,313.83000000000004,2,-0.8262664946937314,-0.8016549478279997,Nouveaux clients,"Mail de bienvenue, code promo sur la 2e commande"
12534.0,131,1,981.18,1,-0.8375139774717026,0.5323072809021844,Clients perdus,"Campagne de réactivation avec remise, à faible coût"
12535.0,92,2,716.35,1,-0.48592915821001237,0.3517201615542753,Clients perdus,"Campagne de réactivation avec remise, à faible coût"
12536.0,59,1,4279.71,3,0.16497847319206047,0.568879019412563,Clients fidèles,"Fidélité à paliers, recommandations de produits complémentaires"
12538.0,29,1,363.95,2,-0.743359875710243,-0.7685915938356497,Nouveaux clients,"Mail de bienvenue, code promo sur la 2e commande"
12539.0,22,4,5568.35,3,1.4871454603158425,0.4094154500298303,Clients fidèles,"Fidélité à paliers, recommandations de produits complémentaires"
12540.0,20,17,11580.24,0,3.031826909426783,1.1119418291705863,Champions,"Programme VIP, avant-premières, remerciements personnalisés"
12541.0,30,3,841.18,3,0.2708536351689343,-0.1759451797283755,Clients fidèles,"Fidélité à paliers, recommandations de produits complémentaires"
12544.0,36,1,316.7,2,-0.8895145606968877,-0.6861028481064941,Nouveaux clients,"Mail de bienvenue, code promo sur la 2e commande"
12545.0,75,2,832.39,3,-0.3373974575612628,0.2783289507246504,Clients fidèles,"Fidélité à paliers, recommandations de produits complémentaires"
12546.0,47,2,1021.5,3,-0.064462612321351,0.06137280397769164,Clients fidèles,"Fidélité à paliers, recommandations de produits complémentaires"
12547.0,198,2,151.79999999999998,1,-1.5132389818086753,0.2704387186051366,Clients perdus,"Campagne de réactivation avec remise, à faible coût"
12548.0,166,1,67.19999999999999,1,-2.198168557740248,-0.2910600617310318,Clients perdus,"Campagne de réactivation avec remise, à faible coût"
12550.0,79,1,824.83,1,-0.7288712129971604,0.15139950325425194,Clients perdus,"Campagne de réactivation avec remise, à faible coût"
12551.0,358,1,168.0,1,-2.0581047006395217,0.5253364827536162,Clients perdus,"Campagne de réactivation avec remise, à faible coût"
12552.0,40,1,317.82,2,-0.9270425703249597,-0.6196968210818887,Nouveaux clients,"Mail de bienvenue, code promo sur la 2e commande"
12553.0,8,10,3278.28,0,2.307844007790406,-0.07529971243952266,Champions,"Programme VIP, avant-premières, remerciements personnalisés"
12556.0,50,2,599.56,2,-0.34115207717177837,-0.09419939772370306,Nouveaux clients,"Mail de bienvenue, code promo sur la 2e commande"
12557.0,16,5,11990.960000000001,0,2.133271232833713,0.5675150400076427,Champions,"Programme VIP, avant-premières, remerciements personnalisés"
12558.0,8,1,269.96,2,-0.425429975673455,-1.6409619413270757,Nouveaux clients,"Mail de bienvenue, code promo sur la 2e commande"
12559.0,311,2,525.71,1,-1.0953748085064439,1.0069521307081906,Clients perdus,"Campagne de réactivation avec remise, à faible coût"
12560.0,5,2,1918.01,2,1.0296468561054175,-1.0282542184518508,Nouveaux clients,"Mail de bienvenue, code promo sur la 2e commande"
12561.0,303,1,238.85,1,-1.8277849795375454,0.5475007650721024,Clients perdus,"Campagne de réactivation avec remise, à faible coût"
12562.0,8,7,3385.7400000000002,0,2.034537165572336,-0.1861810086132906,Champions,"Programme VIP, avant-premières, remerciements personnalisés"
12564.0,261,1,402.9,1,-1.5227010272476633,0.6432022865391146,Clients perdus,"Campagne de réactivation avec remise, à faible coût"
12565.0,289,1,145.92,1,-2.043296308479488,0.338880045360954,Clients perdus,"Campagne de réactivation avec remise, à faible coût"
12566.0,86,1,297.65,1,-1.2455051415935907,-0.16625136566571727,Clients perdus,"Campagne de réactivation avec remise, à faible coût"
12567.0,23,10,8609.28,0,2.3931819181188883,0.8989124775809508,Champions,"Programme VIP, avant-premières, remerciements personnalisés"
12569.0,2,32,3152.69,0,3.7046707294436168,-0.3634069118443814,Champions,"Programme VIP, avant-premières, remerciements personnalisés"
12571.0,40,2,519.61,2,-0.3258641674117903,-0.2847480778035144,Nouveaux clients,"Mail de bienvenue, code promo sur la 2e commande"
12572.0,9,2,912.42,2,0.4808603481137966,-0.9748761422213622,Nouveaux clients,"Mail de bienvenue, code promo sur la 2e commande"
12573.0,227,1,160.54000000000002,1,-1.9062357785794235,0.22087647292551832,Clients perdus,"Campagne de réactivation avec remise, à faible coût"
12574.0,316,1,182.45000000000002,1,-1.9714981123031892,0.4763201272330047,Clients perdus,"Campagne de réactivation avec remise, à faible coût"
12576.0,36,5,1315.83,3,0.7837895457348747,0.255427371029009,Clients fidèles,"Fidélité à paliers, recommandations de produits complémentaires"
12577.0,35,3,622.65,3,0.0706201372425036,-0.1906180948710353,Clients fidèles,"Fidélité à paliers, recommandations de produits complémentaires"
12578.0,21,2,2402.51,3,0.6406946151976868,-0.12191655753694872,Clients fidèles,"Fidélité à paliers, recommandations de produits complémentaires"
12579.0,78,1,386.42,1,-1.0846776853498852,-0.132556364780682,Clients perdus,"Campagne de réactivation avec remise, à faible coût"
12580.0,247,1,379.7,1,-1.5299124689762016,0.586794689019709,Clients perdus,"Campagne de réactivation avec remise, à faible coût"
12581.0,40,1,179.71,1,-1.1975354038657973,-0.8267056116915938,Clients perdus,"Campagne de réactivation avec remise, à faible coût"
12582.0,239,2,351.36,1,-1.186703965918372,0.6939331986675699,Clients perdus,"Campagne de réactivation avec remise, à faible coût"
12583.0,3,15,6705.38,0,3.2980602282810425,-0.18458561415030206,Champions,"Programme VIP, avant-premières, remerciements personnalisés"
12584.0,4,9,2254.15,0,2.2675458187003152,-0.6214083985235006,Champions,"Programme VIP, avant-premières, remerciements personnalisés"
12585.0,234,2,1824.1,3,-0.3950391564435829,1.2802865904034384,Clients fidèles,"Fidélité à paliers, recommandations de produits complémentaires"
12586.0,17,1,196.94000000000003,2,-0.8397567902497288,-1.315730034328916,Nouveaux clients,"Mail de bienvenue, code promo sur la 2e commande"
12587.0,8,1,104.0,2,-0.877103699685439,-1.9866288861180046,Nouveaux clients,"Mail de bienvenue, code promo sur la 2e commande"
12588.0,39,1,174.89999999999998,1,-1.2009584812664993,-0.852207149822266,Clients perdus,"Campagne de réactivation avec remise, à faible coût"
12589.0,29,2,574.68,2,-0.1586582881197784,-0.44625259540117196,Nouveaux clients,"Mail de bienvenue, code promo sur la 2e commande"
12590.0,211,1,9341.26,3,0.054745900125254404,1.6541965323518868,Clients fidèles,"Fidélité à paliers, recommandations de produits complémentaires"
12591.0,317,1,368.85,1,-1.6386399799467193,0.733975866316318,Clients perdus,"Campagne de réactivation avec remise, à faible coût"
12592.0,92,2,401.6,1,-0.7611326896454532,0.1411062629595473,Clients perdus,"Campagne de réactivation avec remise, à faible coût"
12593.0,109,3,382.09999999999997,1,-0.5881267249607898,0.34029360221446897,Clients perdus,"Campagne de réactivation avec remise, à faible coût"
12594.0,38,9,3208.2200000000003,0,1.6511495176832856,0.8103524173775853,Champions,"Programme VIP, avant-premières, remerciements personnalisés"
12596.0,51,2,450.27,2,-0.48473406964713883,-0.18608891339883304,Nouveaux clients,"Mail de bienvenue, code promo sur la 2e commande"
12597.0,19,4,3195.22,3,1.2759483260999696,0.11827290291409145,Clients fidèles,"Fidélité à paliers, recommandations de produits complémentaires"
12598.0,10,7,2807.08,0,1.8686292248742333,-0.12719566633752277,Champions,"Programme VIP, avant-premières, remerciements personnalisés"
12599.0,29,7,888.58,3,0.937782608481852,0.09015302899429758,Clients fidèles,"Fidélité à paliers, recommandations de produits complémentaires"
12600.0,29,10,2311.04,0,1.6815203558577771,0.5610561840372181,Champions,"Programme VIP, avant-premières, remerciements personnalisés"
12601.0,190,5,487.06,3,-0.3159524463060108,0.9347835941662139,Clients fidèles,"Fidélité à paliers, recommandations de produits complémentaires"
12602.0,59,1,153.12,1,-1.4187880769933208,-0.6431811814817544,Clients perdus,"Campagne de réactivation avec remise, à faible coût"
12603.0,22,1,613.1999999999999,2,-0.3938674850672034,-0.7473428287279439,Nouveaux clients,"Mail de bienvenue, code promo sur la 2e commande"
12604.0,79,2,236.18,1,-0.9557251937111223,-0.1473468502154559,Clients perdus,"Campagne de réactivation avec remise, à faible coût"
12607.0,60,1,1579.51,3,-0.31604898752532423,0.21606476402692384,Clients fidèles,"Fidélité à paliers, recommandations de produits complémentaires"
12609.0,78,3,964.85,3,-0.02112862604793309,0.4674613854370813,Clients fidèles,"Fidélité à paliers, recommandations de produits complémentaires"
12610.0,23,4,1747.54,3,0.9189329076367382,0.013999694776704737,Clients fidèles,"Fidélité à paliers, recommandations de produits complémentaires"
12611.0,52,1,1193.32,3,-0.39584478134291323,0.024724091141936615,Clients fidèles,"Fidélité à paliers, recommandations de produits complémentaires"
12612.0,74,1,668.0400000000001,1,-0.804536151294763,0.03368718145672607,Clients perdus,"Campagne de réactivation avec remise, à faible coût"
12613.0,57,4,3092.38,3,0.8537424483090279,0.781790929528693,Clients fidèles,"Fidélité à paliers, recommandations de produits complémentaires"
12614.0,278,1,315.6,1,-1.6627381346177554,0.5942886471536636,Clients perdus,"Campagne de réactivation avec remise, à faible coût"
12615.0,2,4,2093.19,0,1.7990367048406084,-1.2394063624004696,Champions,"Programme VIP, avant-premières, remerciements personnalisés"
12616.0,95,2,641.3,1,-0.5507053273314826,0.3315673061783106,Clients perdus,"Campagne de réactivation avec remise, à faible coût"
12617.0,29,1,352.98,2,-0.7579009080535514,-0.7797198794918773,Nouveaux clients,"Mail de bienvenue, code promo sur la 2e commande"
12618.0,22,1,137.31,2,-1.1041606213180317,-1.2909318073670384,Nouveaux clients,"Mail de bienvenue, code promo sur la 2e commande"
12619.0,16,8,2945.56,0,1.8320784964149963,0.21187706500243023,Champions,"Programme VIP, avant-premières, remerciements personnalisés"
12620.0,15,3,1303.41,3,0.7318985052931101,-0.4360031543031886,Clients fidèles,"Fidélité à paliers, recommandations de produits complémentaires"
12621.0,2,20,12411.67,0,3.947755684160249,-0.037881968039148096,Champions,"Programme VIP, avant-premières, remerciements personnalisés"
12622.0,232,1,162.1,1,-1.909941526155548,0.23814249788771388,Clients perdus,"Campagne de réactivation avec remise, à faible coût"
12623.0,276,1,269.1,1,-1.7356721520113496,0.5318053714905114,Clients perdus,"Campagne de réactivation avec remise, à faible coût"
12624.0,106,2,569.13,1,-0.6489230336374423,0.3569265877889992,Clients perdus,"Campagne de réactivation avec remise, à faible coût"
12625.0,212,2,2413.82,3,-0.22410047761752205,1.3200210749968626,Clients fidèles,"Fidélité à paliers, recommandations de produits complémentaires"
12626.0,23,9,5954.48,0,2.1311473760187556,0.7277914261247855,Champions,"Programme VIP, avant-premières, remerciements personnalisés"
12627.0,11,6,4082.53,0,1.8927657464875123,0.013117115492698256,Champions,"Programme VIP, avant-premières, remerciements personnalisés"
12628.0,4,3,732.46,2,0.9018134678034607,-1.3838212475228469,Nouveaux clients,"Mail de bienvenue, code promo sur la 2e commande"
12630.0,10,2,1030.88,2,0.5025588294861779,-0.8699493692600048,Nouveaux clients,"Mail de bienvenue, code promo sur la 2e commande"
12631.0,57,1,480.5,1,-0.8630882025355697,-0.2493182597984015,Clients perdus,"Campagne de réactivation avec remise, à faible coût"
12633.0,59,4,1929.98,3,0.616277378050452,0.6314738389301467,Clients fidèles,"Fidélité à paliers, recommandations de produits complémentaires"
12635.0,90,2,1509.18,3,-0.12295214966327621,0.6093615593478215,Clients fidèles,"Fidélité à paliers, recommandations de produits complémentaires"
12637.0,67,8,5804.9,3,1.625779707243499,1.3386304762797938,Clients fidèles,"Fidélité à paliers, recommandations de produits complémentaires"
12638.0,33,1,511.69,2,-0.6292125372076555,-0.5652497170597942,Nouveaux clients,"Mail de bienvenue, code promo sur la 2e commande"
12639.0,239,1,366.1,1,-1.5347214644008214,0.5527290805973546,Clients perdus,"Campagne de réactivation avec remise, à faible coût"
12640.0,24,3,994.58,3,0.4327310184349616,-0.251396833996058,Clients fidèles,"Fidélité à paliers, recommandations de produits complémentaires"
12641.0,115,1,145.9,1,-1.693420283038761,-0.2424561441899218,Clients perdus,"Campagne de réactivation avec remise, à faible coût"
12642.0,25,3,905.26,3,0.37296688459529287,-0.2607898916058145,Clients fidèles,"Fidélité à paliers, recommandations de produits complémentaires"
12643.0,128,6,3041.64,3,0.8455777436199597,1.4124504172854087,Clients fidèles,"Fidélité à paliers, recommandations de produits complémentaires"
12644.0,130,1,477.91,1,-1.1768210026132517,0.26558789301994956,Clients perdus,"Campagne de réactivation avec remise, à faible coût"
12645.0,34,4,1631.18,3,0.7420302430364303,0.22824209339247317,Clients fidèles,"Fidélité à paliers, recommandations de produits complémentaires"
12646.0,5,2,1346.97,2,0.861362362255435,-1.157042730495708,Nouveaux clients,"Mail de bienvenue, code promo sur la 2e commande"
12647.0,22,12,3146.82,0,2.0814458382557004,0.5693453467283502,Champions,"Programme VIP, avant-premières, remerciements personnalisés"
12648.0,155,1,300.05,1,-1.464707391056615,0.2071183538520803,Clients perdus,"Campagne de réactivation avec remise, à faible coût"
12649.0,107,3,569.51,3,-0.3913826436893297,0.4738587462454461,Clients fidèles,"Fidélité à paliers, recommandations de produits complémentaires"
12650.0,3,1,242.44000000000003,2,-0.16675480307654222,-2.1944601566439643,Nouveaux clients,"Mail de bienvenue, code promo sur la 2e commande"
12651.0,335,1,114.0,1,-2.2162328227252717,0.3429648517514639,Clients perdus,"Campagne de réactivation avec remise, à faible coût"
12652.0,331,1,793.98,1,-1.2905101274270714,1.0403246191227242,Clients perdus,"Campagne de réactivation avec remise, à faible coût"
12653.0,149,2,2209.85,3,-0.13222604956415024,1.065390353913674,Clients fidèles,"Fidélité à paliers, recommandations de produits complémentaires"
12654.0,11,5,529.98,2,0.7810910179374139,-0.7900762028129392,Nouveaux clients,"Mail de bienvenue, code promo sur la 2e commande"
12656.0,17,5,3619.17,3,1.5407979665338412,0.16706074195606657,Clients fidèles,"Fidélité à paliers, recommandations de produits complémentaires"
12657.0,11,4,1427.18,3,1.0872301922214755,-0.4995191800909124,Clients fidèles,"Fidélité à paliers, recommandations de produits complémentaires"
12658.0,19,1,632.05,2,-0.32608863796574344,-0.824984412636323,Nouveaux clients,"Mail de bienvenue, code promo sur la 2e commande"
12659.0,30,1,73.68,1,-1.5117833366686664,-1.326282571200473,Clients perdus,"Campagne de réactivation avec remise, à faible coût"
12660.0,11,1,227.1,2,-0.6173361634031266,-1.5212424759437226,Nouveaux clients,"Mail de bienvenue, code promo sur la 2e commande"
12662.0,1,11,3543.78,0,2.9982322181473084,-0.9675775339698177,Champions,"Programme VIP, avant-premières, remerciements personnalisés"
12664.0,8,9,4391.88,0,2.360741649985657,-0.005402435455509222,Champions,"Programme VIP, avant-premières, remerciements personnalisés"
12665.0,325,1,45.0,1,-2.6412547410112053,-0.010303540389742526,Clients perdus,"Campagne de réactivation avec remise, à faible coût"
12667.0,58,1,460.13,1,-0.8902116056245807,-0.2542350018413222,Clients perdus,"Campagne de réactivation avec remise, à faible coût"
12668.0,12,4,3177.15,3,1.4377675254085196,-0.1570791487717521,Clients fidèles,"Fidélité à paliers, recommandations de produits complémentaires"
12669.0,151,2,1427.73,3,-0.3452955911236448,0.9146016665473492,Clients fidèles,"Fidélité à paliers, recommandations de produits complémentaires"
12670.0,10,5,2744.05,0,1.5970375325760486,-0.24626109117385933,Champions,"Programme VIP, avant-premières, remerciements personnalisés"
12672.0,330,1,225.89999999999998,1,-1.886726672916222,0.5812433389102747,Clients perdus,"Campagne de réactivation avec remise, à faible coût"
12673.0,5,2,574.52,2,0.4558702240050869,-1.4673668009789842,Nouveaux clients,"Mail de bienvenue, code promo sur la 2e commande"
12674.0,39,4,1844.6,3,0.7495823738596415,0.35776099893883223,Clients fidèles,"Fidélité à paliers, recommandations de produits complémentaires"
12676.0,25,6,1091.39,3,0.9692409206574897,0.022831607886640553,Clients fidèles,"Fidélité à paliers, recommandations de produits complémentaires"
12678.0,42,9,16331.46,0,2.389094474310243,1.4655818242342986,Champions,"Programme VIP, avant-premières, remerciements personnalisés"
12679.0,59,4,951.02,3,0.2793379363536967,0.3736133055425803,Clients fidèles,"Fidélité à paliers, recommandations de produits complémentaires"
12680.0,1,4,790.81,2,1.4904986368991897,-1.8512627201663188,Nouveaux clients,"Mail de bienvenue, code promo sur la 2e commande"
12681.0,15,22,12365.54,0,3.389136201330005,1.0577496431015705,Champions,"Programme VIP, avant-premières, remerciements personnalisés"
12682.0,4,31,11019.82,0,4.077819974828251,0.4050274638710082,Champions,"Programme VIP, avant-premières, remerciements personnalisés"
12683.0,4,14,7612.57,0,3.2147848376466905,-0.02161866605911145,Champions,"Programme VIP, avant-premières, remerciements personnalisés"
12684.0,8,6,2073.63,0,1.6799968924693895,-0.41630109453224085,Champions,"Programme VIP, avant-premières, remerciements personnalisés"
12685.0,28,6,2575.08,3,1.3362779968402325,0.40491739858967807,Clients fidèles,"Fidélité à paliers, recommandations de produits complémentaires"
12686.0,372,1,71.14,1,-2.478306780813268,0.23920549210455214,Clients perdus,"Campagne de réactivation avec remise, à faible coût"
12688.0,114,1,4873.8099999999995,3,-0.02156795031991073,1.0289931616514296,Clients fidèles,"Fidélité à paliers, recommandations de produits complémentaires"
12689.0,26,2,1139.61,3,0.20735618268200395,-0.26377507272581946,Clients fidèles,"Fidélité à paliers, recommandations de produits complémentaires"
12690.0,206,1,335.01,1,-1.5203913410641605,0.42662313499104965,Clients perdus,"Campagne de réactivation avec remise, à faible coût"
12691.0,28,5,927.8,3,0.7105100204404878,-0.026410359379225225,Clients fidèles,"Fidélité à paliers, recommandations de produits complémentaires"
12693.0,127,4,711.91,3,-0.14783224962195296,0.7488219203870946,Clients fidèles,"Fidélité à paliers, recommandations de produits complémentaires"
12694.0,70,2,761.67,3,-0.3536563879068627,0.20282300041425627,Clients fidèles,"Fidélité à paliers, recommandations de produits complémentaires"
12695.0,7,4,582.1,2,0.8152845052716514,-1.083371304119989,Nouveaux clients,"Mail de bienvenue, code promo sur la 2e commande"
12697.0,29,3,757.59,3,0.23357264956519444,-0.23486167727661464,Clients fidèles,"Fidélité à paliers, recommandations de produits complémentaires"
12700.0,8,4,4525.99,0,1.7467511525317039,-0.2613719793745184,Champions,"Programme VIP, avant-premières, remerciements personnalisés"
12701.0,80,2,725.71,3,-0.42699167845640157,0.26880568022421186,Clients fidèles,"Fidélité à paliers, recommandations de produits complémentaires"
12702.0,20,1,201.0,2,-0.8889549370857555,-1.210535017830219,Nouveaux clients,"Mail de bienvenue, code promo sur la 2e commande"
12703.0,71,1,265.55,1,-1.2274082994284607,-0.327766278773837,Clients perdus,"Campagne de réactivation avec remise, à faible coût"
12704.0,7,8,1740.84,0,1.869487049994349,-0.45799014335334765,Champions,"Programme VIP, avant-premières, remerciements personnalisés"
12705.0,15,8,6382.29,0,2.223544141680565,0.45528774281987483,Champions,"Programme VIP, avant-premières, remerciements personnalisés"
12707.0,292,1,603.42,1,-1.373353960159766,0.8611254468463226,Clients perdus,"Campagne de réactivation avec remise, à faible coût"
12708.0,30,10,2442.91,0,1.695425418067952,0.6020830333912974,Champions,"Programme VIP, avant-premières, remerciements personnalisés"
12709.0,15,15,9400.52,0,2.9295685073191815,0.8180411716048487,Champions,"Programme VIP, avant-premières, remerciements personnalisés"
12710.0,97,3,1023.02,3,-0.07557404162970308,0.6255092818135303,Clients fidèles,"Fidélité à paliers, recommandations de produits complémentaires"
12712.0,29,13,3928.13,0,2.1527791300826493,0.847284276518726,Champions,"Programme VIP, avant-premières, remerciements personnalisés"
12713.0,1,1,794.55,2,0.6621522563395414,-2.202412844183589,Nouveaux clients,"Mail de bienvenue, code promo sur la 2e commande"
12714.0,9,5,4294.86,0,1.8468139294651862,-0.14342751243129778,Champions,"Programme VIP, avant-premières, remerciements personnalisés"
12715.0,106,1,263.36,1,-1.3826376046169324,-0.07945239119767708,Clients perdus,"Campagne de réactivation avec remise, à faible coût"
12716.0,4,2,963.49,2,0.771500690467047,-1.3947655922475648,Nouveaux clients,"Mail de bienvenue, code promo sur la 2e commande"
12717.0,151,2,830.98,1,-0.6029242901568247,0.7174378278049871,Clients perdus,"Campagne de réactivation avec remise, à faible coût"
12718.0,71,1,202.25,1,-1.3565841207610891,-0.42662483336118295,Clients perdus,"Campagne de réactivation avec remise, à faible coût"
12719.0,5,2,572.95,2,0.45456872514619945,-1.468362841063416,Nouveaux clients,"Mail de bienvenue, code promo sur la 2e commande"
12720.0,3,25,5115.7300000000005,0,3.6092604157506285,-0.09626061737111609,Champions,"Programme VIP, avant-premières, remerciements personnalisés"
12721.0,32,6,2386.13,3,1.250636630724682,0.4591122146543868,Clients fidèles,"Fidélité à paliers, recommandations de produits complémentaires"
12722.0,85,4,979.63,3,0.15595628121861402,0.6127919827318961,Clients fidèles,"Fidélité à paliers, recommandations de produits complémentaires"
12723.0,4,5,707.07,2,1.2525709011498105,-1.2405202509693807,Nouveaux clients,"Mail de bienvenue, code promo sur la 2e commande"
12724.0,5,4,923.41,2,1.1446970470980131,-1.0978568389400458,Nouveaux clients,"Mail de bienvenue, code promo sur la 2e commande"
12725.0,371,1,371.8,1,-1.6947546013670636,0.8363720855036834,Clients perdus,"Campagne de réactivation avec remise, à faible coût"
12726.0,28,7,2411.1,3,1.4259841740570094,0.4323593389032152,Clients fidèles,"Fidélité à paliers, recommandations de produits complémentaires"
12727.0,11,7,3440.7,0,1.9323380730307003,0.0021915040278980592,Champions,"Programme VIP, avant-premières, remerciements personnalisés"
12728.0,71,4,728.33,3,0.08275441002631846,0.3921189952100986,Clients fidèles,"Fidélité à paliers, recommandations de produits complémentaires"
12729.0,114,1,417.01,1,-1.1918712059981038,0.13335737554485327,Clients perdus,"Campagne de réactivation avec remise, à faible coût"
12731.0,24,12,18751.91,0,2.8998813048777796,1.2729629531676705,Champions,"Programme VIP, avant-premières, remerciements personnalisés"
12732.0,180,1,218.26000000000002,1,-1.6725161942947022,0.18582264781036378,Clients perdus,"Campagne de réactivation avec remise, à faible coût"
12733.0,234,1,383.95,1,-1.5040598048433522,0.5566850030458276,Clients perdus,"Campagne de réactivation avec remise, à faible coût"
12734.0,353,1,110.39999999999999,1,-2.251316294884739,0.36447424672403383,Clients perdus,"Campagne de réactivation avec remise, à faible coût"
12735.0,315,2,689.5699999999999,1,-0.9711870101409598,1.1137981848344676,Clients perdus,"Campagne de réactivation avec remise, à faible coût"
12736.0,333,1,144.0,1,-2.1035123544914187,0.42369772505331227,Clients perdus,"Campagne de réactivation avec remise, à faible coût"
12738.0,372,1,137.35,1,-2.1680571633581023,0.4766402413206393,Clients perdus,"Campagne de réactivation avec remise, à faible coût"
12739.0,99,1,975.54,1,-0.7342273329438475,0.35408039696464183,Clients perdus,"Campagne de réactivation avec remise, à faible coût"
12740.0,64,1,427.6,1,-0.9620542230352057,-0.21946870739948898,Clients perdus,"Campagne de réactivation avec remise, à faible coût"
12743.0,134,2,540.13,1,-0.7625692107546757,0.48535307827242713,Clients perdus,"Campagne de réactivation avec remise, à faible coût"
12744.0,56,4,9120.39,3,1.375590586633995,1.1650461477369896,Clients fidèles,"Fidélité à paliers, recommandations de produits complémentaires"
12747.0,2,11,4196.01,0,2.923850457825576,-0.6487706056901054,Champions,"Programme VIP, avant-premières, remerciements personnalisés"
12748.0,1,206,31650.78,0,6.62277968065206,0.9274063826641222,Champions,"Programme VIP, avant-premières, remerciements personnalisés"
12749.0,4,5,4040.88,0,2.082498641786963,-0.6053746331214157,Champions,"Programme VIP, avant-premières, remerciements personnalisés"
12750.0,129,1,275.88,1,-1.4349515045603496,0.060939085888091896,Clients perdus,"Campagne de réactivation avec remise, à faible coût"
12752.0,81,1,4366.78,3,0.055273019601985385,0.7743887456816888,Clients fidèles,"Fidélité à paliers, recommandations de produits complémentaires"
12753.0,23,6,21429.39,0,2.417916879072878,1.0573336665592852,Champions,"Programme VIP, avant-premières, remerciements personnalisés"
12754.0,236,3,3010.74,3,0.1011425215631874,1.5790844143071758,Clients fidèles,"Fidélité à paliers, recommandations de produits complémentaires"
12755.0,281,2,3811.95,3,-0.1136410438473458,1.6645927329405665,Clients fidèles,"Fidélité à paliers, recommandations de produits complémentaires"
12756.0,87,1,112.07999999999998,1,-1.712580861064166,-0.5131148887126703,Clients perdus,"Campagne de réactivation avec remise, à faible coût"
12757.0,16,9,4176.75,0,2.093927682153041,0.37975453221754596,Champions,"Programme VIP, avant-premières, remerciements personnalisés"
12758.0,117,2,2791.59,3,0.07070720731698672,0.9983410842715268,Clients fidèles,"Fidélité à paliers, recommandations de produits complémentaires"
12759.0,52,3,1411.44,3,0.3123929010279603,0.3528212234803096,Clients fidèles,"Fidélité à paliers, recommandations de produits complémentaires"
12762.0,8,2,1702.52,2,0.8180450466933585,-0.814462110852422,Nouveaux clients,"Mail de bienvenue, code promo sur la 2e commande"
12763.0,138,2,494.08,1,-0.8160956505348538,0.4714470867693301,Clients perdus,"Campagne de réactivation avec remise, à faible coût"
12764.0,317,1,1693.88,1,-0.9133642939529798,1.2890310248978898,Clients perdus,"Campagne de réactivation avec remise, à faible coût"
12766.0,4,7,6457.63,0,2.5665868583817355,-0.323685127167746,Champions,"Programme VIP, avant-premières, remerciements personnalisés"
12769.0,239,1,1143.6,1,-0.9929211111856961,0.9673701429974098,Clients perdus,"Campagne de réactivation avec remise, à faible coût"
12770.0,211,1,1351.45,1,-0.8660435359857168,0.9495142489791295,Clients perdus,"Campagne de réactivation avec remise, à faible coût"
12772.0,60,1,752.47,1,-0.6690049264887065,-0.054053231732441545,Clients perdus,"Campagne de réactivation avec remise, à faible coût"
12775.0,17,5,1281.04,3,1.0462168887098582,-0.21144329986480487,Clients fidèles,"Fidélité à paliers, recommandations de produits complémentaires"
12778.0,20,6,693.23,3,0.8348256917704346,-0.27794891993458165,Clients fidèles,"Fidélité à paliers, recommandations de produits complémentaires"
12779.0,38,8,3981.36,0,1.6584819847859713,0.8484802911522832,Champions,"Programme VIP, avant-premières, remerciements personnalisés"
12781.0,64,2,786.74,3,-0.3045270799538394,0.15860385694987084,Clients fidèles,"Fidélité à paliers, recommandations de produits complémentaires"
12782.0,5,5,1938.92,0,1.6631284324058933,-0.7573681068482934,Champions,"Programme VIP, avant-premières, remerciements personnalisés"
12783.0,2,4,1295.87,2,1.570718645683323,-1.4141387007097916,Nouveaux clients,"Mail de bienvenue, code promo sur la 2e commande"
12784.0,15,1,476.82,2,-0.37489869959255856,-1.0691188102813498,Nouveaux clients,"Mail de bienvenue, code promo sur la 2e commande"
12785.0,364,1,255.95,1,-1.864813170138716,0.6886224242428653,Clients perdus,"Campagne de réactivation avec remise, à faible coût"
12787.0,10,3,418.66,2,0.33468155461194204,-1.087210560600449,Nouveaux clients,"Mail de bienvenue, code promo sur la 2e commande"
12789.0,65,1,76.85,1,-1.7805740545695365,-0.8317359511749505,Clients perdus,"Campagne de réactivation avec remise, à faible coût"
12790.0,192,1,294.92,1,-1.554179701235209,0.33587157184509625,Clients perdus,"Campagne de réactivation avec remise, à faible coût"
12791.0,374,1,177.60000000000002,1,-2.048433892027982,0.5731436619269755,Clients perdus,"Campagne de réactivation avec remise, à faible coût"
12792.0,257,1,344.53999999999996,1,-1.5911786406515653,0.5765395017949683,Clients perdus,"Campagne de réactivation avec remise, à faible coût"
12793.0,335,2,461.48,1,-1.1856373757802496,1.0065474511974462,Clients perdus,"Campagne de réactivation avec remise, à faible coût"
12794.0,53,2,860.41,3,-0.19112442701071233,0.07358397148983593,Clients fidèles,"Fidélité à paliers, recommandations de produits complémentaires"
12795.0,19,1,318.48,2,-0.651906862124589,-1.0743338525413237,Nouveaux clients,"Mail de bienvenue, code promo sur la 2e commande"
12797.0,366,1,226.03,1,-1.925883525435856,0.6469489112948521,Clients perdus,"Campagne de réactivation avec remise, à faible coût"
12798.0,10,3,6977.04,0,1.6740019652085405,-0.062225555241193053,Champions,"Programme VIP, avant-premières, remerciements personnalisés"
12802.0,187,1,397.58,1,-1.402261230960037,0.4278117422087856,Clients perdus,"Campagne de réactivation avec remise, à faible coût"
12808.0,37,3,455.65000000000003,2,-0.098522866460915,-0.2699612732843083,Nouveaux clients,"Mail de bienvenue, code promo sur la 2e commande"
12809.0,178,1,405.31,1,-1.374374561541363,0.4036947134880363,Clients perdus,"Campagne de réactivation avec remise, à faible coût"
12811.0,262,2,458.85,1,-1.0948028610424994,0.8490694315516991,Clients perdus,"Campagne de réactivation avec remise, à faible coût"
12812.0,45,1,229.64000000000001,1,-1.1252462312258875,-0.6647514976673968,Clients perdus,"Campagne de réactivation avec remise, à faible coût"
12814.0,102,1,85.92,1,-1.8980463876811284,-0.5092018248136494,Clients perdus,"Campagne de réactivation avec remise, à faible coût"
12815.0,148,2,863.46,1,-0.5770650215898965,0.718755590651732,Clients perdus,"Campagne de réactivation avec remise, à faible coût"
12816.0,96,2,452.20000000000005,1,-0.7208093328997476,0.21098917871764342,Clients perdus,"Campagne de réactivation avec remise, à faible coût"
12817.0,281,1,126.03999999999999,1,-2.1018811440952074,0.2681224672335782,Clients perdus,"Campagne de réactivation avec remise, à faible coût"
12818.0,262,1,1182.0800000000002,1,-1.0121176023098792,1.0374831289194526,Clients perdus,"Campagne de réactivation avec remise, à faible coût"
12820.0,3,4,942.34,2,1.309206379969444,-1.347688927665331,Nouveaux clients,"Mail de bienvenue, code promo sur la 2e commande"
12821.0,214,1,92.72,1,-2.143210264204544,-0.01488309210335789,Clients perdus,"Campagne de réactivation avec remise, à faible coût"
12822.0,71,2,948.88,3,-0.2544136314499648,0.29173431141537376,Clients fidèles,"Fidélité à paliers, recommandations de produits complémentaires"
12823.0,75,5,1759.5,3,0.6472297892060652,0.8179476554237021,Clients fidèles,"Fidélité à paliers, recommandations de produits complémentaires"
12824.0,60,1,397.12,1,-0.9729453369634238,-0.2866595302660015,Clients perdus,"Campagne de réactivation avec remise, à faible coût"
12826.0,3,7,1474.72,0,1.9484476837981977,-1.0035284106612181,Champions,"Programme VIP, avant-premières, remerciements personnalisés"
12827.0,6,3,430.15000000000003,2,0.5201686510601116,-1.3640969191140522,Nouveaux clients,"Mail de bienvenue, code promo sur la 2e commande"
12828.0,3,6,1018.71,0,1.6512984983769932,-1.189726964548233,Champions,"Programme VIP, avant-premières, remerciements personnalisés"
12829.0,337,2,293.0,1,-1.4037440899143683,0.8451294071642109,Clients perdus,"Campagne de réactivation avec remise, à faible coût"
12830.0,38,6,6814.64,3,1.6866873705396568,0.9476264953268663,Clients fidèles,"Fidélité à paliers, recommandations de produits complémentaires"
12831.0,262,1,215.05,1,-1.8222464299284906,0.417489664959277,Clients perdus,"Campagne de réactivation avec remise, à faible coût"
12832.0,32,2,383.03,2,-0.38793750771760493,-0.5333996369943256,Nouveaux clients,"Mail de bienvenue, code promo sur la 2e commande"
12833.0,145,1,417.38,1,-1.282601922565302,0.285092917109931,Clients perdus,"Campagne de réactivation avec remise, à faible coût"
12834.0,283,1,312.38,1,-1.6743923095980193,0.6018295765197237,Clients perdus,"Campagne de réactivation avec remise, à faible coût"
12836.0,59,4,2610.36,3,0.7600887933873881,0.7415330474314124,Clients fidèles,"Fidélité à paliers, recommandations de produits complémentaires"
12837.0,173,1,134.1,1,-1.888167474799993,-0.01576515875179442,Clients perdus,"Campagne de réactivation avec remise, à faible coût"
12838.0,34,2,671.95,2,-0.143148083361712,-0.29153612788843786,Nouveaux clients,"Mail de bienvenue, code promo sur la 2e commande"
12839.0,3,14,5591.42,0,3.1530132433315066,-0.2756725546242643,Champions,"Programme VIP, avant-premières, remerciements personnalisés"
12840.0,144,4,2726.77,3,0.4438745212837218,1.3172151781573882,Clients fidèles,"Fidélité à paliers, recommandations de produits complémentaires"
12841.0,5,25,3991.58,0,3.336213962044977,0.07050776195367858,Champions,"Programme VIP, avant-premières, remerciements personnalisés"
12842.0,70,2,1118.99,3,-0.17058311737726362,0.34292939742744777,Clients fidèles,"Fidélité à paliers, recommandations de produits complémentaires"
12843.0,66,8,1702.26,3,1.0471603619807954,0.8820830911668563,Clients fidèles,"Fidélité à paliers, recommandations de produits complémentaires"
12844.0,29,2,325.96000000000004,2,-0.42818916661024237,-0.6525251995877768,Nouveaux clients,"Mail de bienvenue, code promo sur la 2e commande"
12845.0,267,4,354.09,1,-0.7621209811419491,0.9634727324006718,Clients perdus,"Campagne de réactivation avec remise, à faible coût"
12847.0,22,1,843.64,2,-0.24207736350148787,-0.6311774979112403,Nouveaux clients,"Mail de bienvenue, code promo sur la 2e commande"
12849.0,31,2,992.65,3,0.07675247303635768,-0.20628642620215967,Clients fidèles,"Fidélité à paliers, recommandations de produits complémentaires"
12851.0,97,1,131.81,1,-1.6770625527786618,-0.3861947740648389,Clients perdus,"Campagne de réactivation avec remise, à faible coût"
12852.0,295,1,311.55,1,-1.6914613056053731,0.6271169818109645,Clients perdus,"Campagne de réactivation avec remise, à faible coût"
12853.0,135,6,1957.1000000000001,3,0.6154036797201771,1.285265100433034,Clients fidèles,"Fidélité à paliers, recommandations de produits complémentaires"
12854.0,79,3,1316.25,3,0.12190451101990205,0.5885813282656328,Clients fidèles,"Fidélité à paliers, recommandations de produits complémentaires"
12855.0,373,1,38.1,1,-2.7711444446501,0.017577191010475206,Clients perdus,"Campagne de réactivation avec remise, à faible coût"
12856.0,8,6,2170.78,0,1.7018009932056293,-0.3996143658501676,Champions,"Programme VIP, avant-premières, remerciements personnalisés"
12857.0,211,2,1106.4,1,-0.5937433754190444,1.0327717133618821,Clients perdus,"Campagne de réactivation avec remise, à faible coût"
12863.0,52,1,521.2,1,-0.7899978246513946,-0.2769221437780173,Clients perdus,"Campagne de réactivation avec remise, à faible coût"
12864.0,138,1,147.12,1,-1.758561141684101,-0.12468945384043588,Clients perdus,"Campagne de réactivation avec remise, à faible coût"
12865.0,26,2,1568.23,3,0.3593521055489472,-0.14745224169768573,Clients fidèles,"Fidélité à paliers, recommandations de produits complémentaires"
12866.0,283,1,499.12,1,-1.4516875265881901,0.7722660616212831,Clients perdus,"Campagne de réactivation avec remise, à faible coût"
12867.0,26,7,4009.34,0,1.6954886813528782,0.5723930399208981,Champions,"Programme VIP, avant-premières, remerciements personnalisés"
12868.0,186,6,1607.0600000000002,3,0.3999491853299872,1.415478097673237,Clients fidèles,"Fidélité à paliers, recommandations de produits complémentaires"
12871.0,84,2,380.64,1,-0.7522539486207359,0.0645490490379906,Clients perdus,"Campagne de réactivation avec remise, à faible coût"
12872.0,327,2,599.97,1,-1.0516338188953798,1.0867702577550171,Clients perdus,"Campagne de réactivation avec remise, à faible coût"
12873.0,282,1,374.0,1,-1.5875190192502322,0.6650452334925687,Clients perdus,"Campagne de réactivation avec remise, à faible coût"
12875.0,143,2,343.2300000000001,1,-1.0027361742038667,0.36135851578499,Clients perdus,"Campagne de réactivation avec remise, à faible coût"
12876.0,58,2,2053.02,3,0.18907778191799415,0.44661318287421736,Clients fidèles,"Fidélité à paliers, recommandations de produits complémentaires"
12877.0,4,12,1535.77,0,2.3226393908176934,-0.6602159137155333,Champions,"Programme VIP, avant-premières, remerciements personnalisés"
12878.0,236,2,854.99,1,-0.7590061115000257,1.0095950025657583,Clients perdus,"Campagne de réactivation avec remise, à faible coût"
12879.0,45,3,573.22,3,-0.06233780847948688,-0.06522402808608904,Clients fidèles,"Fidélité à paliers, recommandations de produits complémentaires"
12881.0,276,1,298.0,1,-1.6872410327845058,0.5688698189576926,Clients perdus,"Campagne de réactivation avec remise, à faible coût"
12882.0,9,2,1463.04,2,0.705627018010046,-0.802861690320666,Nouveaux clients,"Mail de bienvenue, code promo sur la 2e commande"
12883.0,25,4,703.47,3,0.4552333152360993,-0.2666976747337334,Clients fidèles,"Fidélité à paliers, recommandations de produits complémentaires"
12884.0,88,1,309.05,1,-1.236337119064149,-0.13817351832105698,Clients perdus,"Campagne de réactivation avec remise, à faible coût"
12885.0,63,3,1175.22,3,0.1531727068752351,0.40573100613016805,Clients fidèles,"Fidélité à paliers, recommandations de produits complémentaires"
12886.0,68,2,1378.4,3,-0.06041369304643421,0.4007642881691689,Clients fidèles,"Fidélité à paliers, recommandations de produits complémentaires"
12888.0,214,2,354.12,1,-1.1409760944340903,0.6269945563788583,Clients perdus,"Campagne de réactivation avec remise, à faible coût"
12890.0,24,1,376.71999999999997,2,-0.6573431506437133,-0.8717143120246881,Nouveaux clients,"Mail de bienvenue, code promo sur la 2e commande"
12891.0,186,3,331.0,1,-0.8589873149380018,0.6247194829308215,Clients perdus,"Campagne de réactivation avec remise, à faible coût"
12893.0,31,1,176.55,2,-1.1112892888517656,-0.9903630543278534,Nouveaux clients,"Mail de bienvenue, code promo sur la 2e commande"
12895.0,42,2,372.8,2,-0.501890198691043,-0.3753258267645751,Nouveaux clients,"Mail de bienvenue, code promo sur la 2e commande"
12897.0,205,2,216.5,1,-1.35822467535279,0.4211076770570063,Clients perdus,"Campagne de réactivation avec remise, à faible coût"
12901.0,9,28,17654.54,0,3.9483972273179244,0.978677647282002,Champions,"Programme VIP, avant-premières, remerciements personnalisés"
12902.0,265,1,138.68,1,-2.0343817959801327,0.2656525016348796,Clients perdus,"Campagne de réactivation avec remise, à faible coût"
12904.0,18,2,496.06,2,-0.05417909640638252,-0.7895577343549847,Nouveaux clients,"Mail de bienvenue, code promo sur la 2e commande"
12906.0,12,5,2919.81,0,1.5628067474535163,-0.11765434834268655,Champions,"Programme VIP, avant-premières, remerciements personnalisés"
12908.0,176,2,750.0,1,-0.7098666105959944,0.776697598887791,Clients perdus,"Campagne de réactivation avec remise, à faible coût"
12909.0,40,5,2178.67,3,0.9846867950688369,0.5043007997309492,Clients fidèles,"Fidélité à paliers, recommandations de produits complémentaires"
12910.0,23,8,3075.04,0,1.7208696549286238,0.4463212577907823,Champions,"Programme VIP, avant-premières, remerciements personnalisés"
12912.0,3,5,1662.3,0,1.744682152781496,-1.070686317524592,Champions,"Programme VIP, avant-premières, remerciements personnalisés"
12913.0,5,5,2483.63,0,1.7810372793795526,-0.6671321937755096,Champions,"Programme VIP, avant-premières, remerciements personnalisés"
12915.0,149,2,363.65,1,-0.9908700457957654,0.40826811929685314,Clients perdus,"Campagne de réactivation avec remise, à faible coût"
12916.0,139,4,2944.95,3,0.49393712758594177,1.323010210183078,Clients fidèles,"Fidélité à paliers, recommandations de produits complémentaires"
12917.0,128,1,594.0,1,-1.067533867031002,0.33496888148395865,Clients perdus,"Campagne de réactivation avec remise, à faible coût"
12919.0,8,6,1335.19,0,1.4703804987780371,-0.5767210050414912,Champions,"Programme VIP, avant-premières, remerciements personnalisés"
12920.0,17,1,162.78,2,-0.93001421728431,-1.3848042518207133,Nouveaux clients,"Mail de bienvenue, code promo sur la 2e commande"
12921.0,9,37,16587.09,0,4.163694487718146,1.060028245898113,Champions,"Programme VIP, avant-premières, remerciements personnalisés"
12922.0,161,1,405.38,1,-1.3361818570950468,0.340451988867409,Clients perdus,"Campagne de réactivation avec remise, à faible coût"
12923.0,64,1,171.57,1,-1.3954850511564802,-0.5511743218064672,Clients perdus,"Campagne de réactivation avec remise, à faible coût"
12924.0,88,4,925.75,3,0.1159364436631375,0.6139392889892594,Clients fidèles,"Fidélité à paliers, recommandations de produits complémentaires"
12925.0,5,2,694.05,2,0.5457798066284313,-1.3985587896189646,Nouveaux clients,"Mail de bienvenue, code promo sur la 2e commande"
12928.0,35,5,2062.7000000000003,3,1.0083068245709423,0.40186121613099257,Clients fidèles,"Fidélité à paliers, recommandations de produits complémentaires"
12929.0,312,1,117.85,1,-2.1734630178243535,0.3099885499672467,Clients perdus,"Campagne de réactivation avec remise, à faible coût"
12930.0,78,2,415.8,1,-0.6823084398903596,0.05024327085636203,Clients perdus,"Campagne de réactivation avec remise, à faible coût"
12931.0,22,15,42055.96,0,3.50475683437709,1.5945269644588531,Champions,"Programme VIP, avant-premières, remerciements personnalisés"
12933.0,24,3,607.53,2,0.19818770199233296,-0.43089337609223793,Nouveaux clients,"Mail de bienvenue, code promo sur la 2e commande"
12935.0,2,7,2160.7,0,2.240198284220018,-1.0468367162737984,Champions,"Programme VIP, avant-premières, remerciements personnalisés"
12936.0,17,4,1063.9,3,0.7925331477155817,-0.34932004793941573,Clients fidèles,"Fidélité à paliers, recommandations de produits complémentaires"
12937.0,15,4,1504.27,3,1.0024087370662087,-0.2978475213987324,Clients fidèles,"Fidélité à paliers, recommandations de produits complémentaires"
12938.0,26,1,114.14,2,-1.252752482587141,-1.2560651307475401,Nouveaux clients,"Mail de bienvenue, code promo sur la 2e commande"
12939.0,64,8,11581.8,0,1.972065831250527,1.5618323925603526,Champions,"Programme VIP, avant-premières, remerciements personnalisés"
12940.0,55,2,899.69,3,-0.1837687204238814,0.11291403570171768,Clients fidèles,"Fidélité à paliers, recommandations de produits complémentaires"
12942.0,131,3,675.6,3,-0.3867636044428973,0.6633487803555503,Clients fidèles,"Fidélité à paliers, recommandations de produits complémentaires"
12944.0,36,2,604.51,2,-0.21468320753536013,-0.29478733179327143,Nouveaux clients,"Mail de bienvenue, code promo sur la 2e commande"
12945.0,288,1,462.95,1,-1.4941200305305673,0.7559649917654554,Clients perdus,"Campagne de réactivation avec remise, à faible coût"
12947.0,144,6,1603.99,3,0.4961871117565621,1.2534081988741737,Clients fidèles,"Fidélité à paliers, recommandations de produits complémentaires"
12948.0,16,7,2064.95,0,1.55615106519334,0.037059317085107034,Champions,"Programme VIP, avant-premières, remerciements personnalisés"
12949.0,31,8,4167.22,0,1.7557664047595494,0.7396135354241108,Champions,"Programme VIP, avant-premières, remerciements personnalisés"
12950.0,2,3,1843.0,2,1.536145632784227,-1.3717310347660703,Nouveaux clients,"Mail de bienvenue, code promo sur la 2e commande"
12951.0,9,6,1064.07,3,1.3220935099927797,-0.5925711825678547,Clients fidèles,"Fidélité à paliers, recommandations de produits complémentaires"
12952.0,6,4,1387.79,2,1.2797533236395018,-0.8516514864240382,Nouveaux clients,"Mail de bienvenue, code promo sur la 2e commande"
12953.0,10,1,329.85,2,-0.4069253048334791,-1.44084520126915,Nouveaux clients,"Mail de bienvenue, code promo sur la 2e commande"
12955.0,1,11,4757.16,0,3.138490044313574,-0.8602378954731051,Champions,"Programme VIP, avant-premières, remerciements personnalisés"
12956.0,306,1,108.07,1,-2.2069842913212105,0.26639857607587625,Clients perdus,"Campagne de réactivation avec remise, à faible coût"
12957.0,10,8,4017.54,0,2.146162012675789,0.048850664680328594,Champions,"Programme VIP, avant-premières, remerciements personnalisés"
12962.0,7,2,266.39,2,-0.019223871003753935,-1.56437169547522,Nouveaux clients,"Mail de bienvenue, code promo sur la 2e commande"
12963.0,8,8,1856.63,0,1.8551681451465056,-0.3598026873183624,Champions,"Programme VIP, avant-premières, remerciements personnalisés"
12965.0,89,1,769.8100000000001,1,-0.8067031429922606,0.20098029436732742,Clients perdus,"Campagne de réactivation avec remise, à faible coût"
12966.0,10,1,160.18,2,-0.7495565637794975,-1.7030616955511981,Nouveaux clients,"Mail de bienvenue, code promo sur la 2e commande"
12967.0,358,2,1660.9,3,-0.601498666159362,1.5149459693380511,Clients fidèles,"Fidélité à paliers, recommandations de produits complémentaires"
12968.0,112,1,135.95,1,-1.7168292655575836,-0.28465198749621207,Clients perdus,"Campagne de réactivation avec remise, à faible coût"
12970.0,7,4,405.47,2,0.6433605054559738,-1.214945138490183,Nouveaux clients,"Mail de bienvenue, code promo sur la 2e commande"
12971.0,4,86,11189.91,0,4.991744684430645,0.7957834111922002,Champions,"Programme VIP, avant-premières, remerciements personnalisés"
12974.0,198,1,144.8,1,-1.90312394776992,0.09719333091892587,Clients perdus,"Campagne de réactivation avec remise, à faible coût"
12976.0,212,1,738.6,1,-1.1554047624411523,0.7324262313813075,Clients perdus,"Campagne de réactivation avec remise, à faible coût"
12977.0,156,1,39.239999999999995,1,-2.425949928892754,-0.5226015615843779,Clients perdus,"Campagne de réactivation avec remise, à faible coût"
12980.0,158,9,7374.900000000001,3,1.5109263118746885,2.0053249743058252,Clients fidèles,"Fidélité à paliers, recommandations de produits complémentaires"
12981.0,30,2,372.21999999999997,2,-0.3776640500208437,-0.5834729379894198,Nouveaux clients,"Mail de bienvenue, code promo sur la 2e commande"
12982.0,243,1,390.54,1,-1.5103257686344271,0.5867163348866506,Clients perdus,"Campagne de réactivation avec remise, à faible coût"
12984.0,19,1,97.5,2,-1.212508588829046,-1.5033636495221803,Nouveaux clients,"Mail de bienvenue, code promo sur la 2e commande"
12985.0,1,2,1239.38,2,1.241302213800536,-1.8843225211168468,Nouveaux clients,"Mail de bienvenue, code promo sur la 2e commande"
12987.0,74,2,558.7,1,-0.5220115516925301,0.12476943266176797,Clients perdus,"Campagne de réactivation avec remise, à faible coût"
12988.0,292,1,505.82,1,-1.4572620703254164,0.7969103762274007,Clients perdus,"Campagne de réactivation avec remise, à faible coût"
12989.0,3,15,6924.110000000001,0,3.313351507232488,-0.1728831630310695,Champions,"Programme VIP, avant-premières, remerciements personnalisés"
12990.0,31,3,409.5,2,-0.08365240424369674,-0.41782897439528777,Nouveaux clients,"Mail de bienvenue, code promo sur la 2e commande"
12991.0,23,2,503.76,2,-0.13607497272751712,-0.6357494766255264,Nouveaux clients,"Mail de bienvenue, code promo sur la 2e commande"
12993.0,23,4,414.76,2,0.23455582820767445,-0.5097556656854562,Nouveaux clients,"Mail de bienvenue, code promo sur la 2e commande"
12994.0,4,3,974.4200000000001,2,1.0376452015346922,-1.279868907795234,Nouveaux clients,"Mail de bienvenue, code promo sur la 2e commande"
12995.0,85,1,211.32,1,-1.4036419053942677,-0.2979868383591126,Clients perdus,"Campagne de réactivation avec remise, à faible coût"
12997.0,22,4,1226.89,3,0.7667717128240901,-0.14188824368793684,Clients fidèles,"Fidélité à paliers, recommandations de produits complémentaires"
12999.0,196,3,455.88,1,-0.7267612912583794,0.774187227353785,Clients perdus,"Campagne de réactivation avec remise, à faible coût"
13000.0,107,3,534.85,3,-0.4212444271315213,0.4510054543674424,Clients fidèles,"Fidélité à paliers, recommandations de produits complémentaires"
13001.0,4,13,9785.970000000001,0,3.271889153174655,0.04337595069239793,Champions,"Programme VIP, avant-premières, remerciements personnalisés"
13002.0,318,1,120.94999999999999,1,-2.1684467836851775,0.3314229724895377,Clients perdus,"Campagne de réactivation avec remise, à faible coût"
13003.0,106,3,149.05,1,-1.0241500162413502,-0.019019814055976983,Clients perdus,"Campagne de réactivation avec remise, à faible coût"
13004.0,12,18,5655.91,0,2.9226151997548664,0.5672707182330526,Champions,"Programme VIP, avant-premières, remerciements personnalisés"
13005.0,174,2,513.7,1,-0.8855372904487554,0.6317259923525526,Clients perdus,"Campagne de réactivation avec remise, à faible coût"
13006.0,56,1,81.57,1,-1.6965400025899229,-0.9032772164896918,Clients perdus,"Campagne de réactivation avec remise, à faible coût"
13008.0,323,1,229.46999999999997,1,-1.871125484242895,0.5733755704626725,Clients perdus,"Campagne de réactivation avec remise, à faible coût"
13011.0,372,1,50.550000000000004,1,-2.6384187391238836,0.1166714403954594,Clients perdus,"Campagne de réactivation avec remise, à faible coût"
13012.0,9,8,1646.8400000000001,0,1.7578347115022142,-0.3366579913431926,Champions,"Programme VIP, avant-premières, remerciements personnalisés"
13013.0,1,13,4810.9400000000005,0,3.2835781406700333,-0.7967755605382507,Champions,"Programme VIP, avant-premières, remerciements personnalisés"
13014.0,11,10,3466.2799999999997,0,2.2245353378764507,0.12752968429383535,Champions,"Programme VIP, avant-premières, remerciements personnalisés"
13015.0,53,5,3339.64,3,1.082940261893211,0.8347098195373538,Clients fidèles,"Fidélité à paliers, recommandations de produits complémentaires"
13016.0,73,3,789.89,3,-0.0913753654783034,0.35311329546429937,Clients fidèles,"Fidélité à paliers, recommandations de produits complémentaires"
13017.0,7,1,204.0,2,-0.5133567163593824,-1.8173982261757051,Nouveaux clients,"Mail de bienvenue, code promo sur la 2e commande"
13018.0,16,28,7277.7,0,3.3235693982703425,0.9922115819300269,Champions,"Programme VIP, avant-premières, remerciements personnalisés"
13021.0,4,9,2616.38,0,2.338515587027512,-0.5670950708136707,Champions,"Programme VIP, avant-premières, remerciements personnalisés"
13023.0,64,2,599.9,1,-0.4335192132105049,0.059885879271556974,Clients perdus,"Campagne de réactivation avec remise, à faible coût"
13026.0,1,5,975.36,0,1.755587602253838,-1.7046575275315807,Champions,"Programme VIP, avant-premières, remerciements personnalisés"
13027.0,114,6,6912.0,3,1.2804585683146545,1.638809864333239,Clients fidèles,"Fidélité à paliers, recommandations de produits complémentaires"
13028.0,23,2,661.3199999999999,2,-0.006641557766726814,-0.5366937850392569,Nouveaux clients,"Mail de bienvenue, code promo sur la 2e commande"
13029.0,31,3,1247.5,3,0.44630640085774925,-0.012250276132097133,Clients fidèles,"Fidélité à paliers, recommandations de produits complémentaires"
13030.0,11,2,752.4399999999999,2,0.3194923553831557,-0.9294199233102092,Nouveaux clients,"Mail de bienvenue, code promo sur la 2e commande"
13032.0,52,2,1010.18,3,-0.1076105275581998,0.1201759538876722,Clients fidèles,"Fidélité à paliers, recommandations de produits complémentaires"
13033.0,357,1,190.55,1,-1.9973647615071983,0.5692360494326804,Clients perdus,"Campagne de réactivation avec remise, à faible coût"
13034.0,55,2,642.77,3,-0.343767833913015,-0.009533655604714138,Clients fidèles,"Fidélité à paliers, recommandations de produits complémentaires"
13035.0,74,2,921.88,3,-0.2837429129751673,0.3071169725039111,Clients fidèles,"Fidélité à paliers, recommandations de produits complémentaires"
13037.0,138,3,881.07,3,-0.28014904186844325,0.7928239400186278,Clients fidèles,"Fidélité à paliers, recommandations de produits complémentaires"
13038.0,80,3,908.46,3,-0.05933855071864296,0.4613871435975776,Clients fidèles,"Fidélité à paliers, recommandations de produits complémentaires"
13040.0,9,2,676.99,2,0.33885001076848553,-1.0835569815733994,Nouveaux clients,"Mail de bienvenue, code promo sur la 2e commande"
13043.0,273,1,516.42,1,-1.4217951702265792,0.7619252948114063,Clients perdus,"Campagne de réactivation avec remise, à faible coût"
13044.0,291,1,560.47,1,-1.4071674067685436,0.8320798398723983,Clients perdus,"Campagne de réactivation avec remise, à faible coût"
13045.0,99,1,305.28000000000003,1,-1.2866713300616504,-0.06870627071127748,Clients perdus,"Campagne de réactivation avec remise, à faible coût"
13046.0,31,2,629.31,2,-0.14011192695932848,-0.37225325268604387,Nouveaux clients,"Mail de bienvenue, code promo sur la 2e commande"
13047.0,57,9,3232.59,3,1.5031807521470568,1.0648887615922629,Clients fidèles,"Fidélité à paliers, recommandations de produits complémentaires"
13048.0,14,4,1819.41,3,1.1176235776199765,-0.2694791073238063,Clients fidèles,"Fidélité à paliers, recommandations de produits complémentaires"
13049.0,64,2,656.6800000000001,3,-0.39050113816339516,0.09280771151860347,Clients fidèles,"Fidélité à paliers, recommandations de produits complémentaires"
13050.0,15,17,5833.11,0,2.809000573203898,0.689420100140802,Champions,"Programme VIP, avant-premières, remerciements personnalisés"
13052.0,212,1,348.15000000000003,1,-1.5130270924266478,0.45873703578882774,Clients perdus,"Campagne de réactivation avec remise, à faible coût"
13055.0,78,3,1214.41,3,0.08837155552906827,0.551262127449627,Clients fidèles,"Fidélité à paliers, recommandations de produits complémentaires"
13058.0,25,3,271.40000000000003,2,-0.19974439061572571,-0.6990871540435493,Nouveaux clients,"Mail de bienvenue, code promo sur la 2e commande"
13059.0,250,1,183.4,1,-1.879880685245484,0.3301056368346507,Clients perdus,"Campagne de réactivation avec remise, à faible coût"
13060.0,254,1,307.53,1,-1.6406877794686787,0.5278116999606878,Clients perdus,"Campagne de réactivation avec remise, à faible coût"
13061.0,72,1,248.61,1,-1.263960420764245,-0.342957874172105,Clients perdus,"Campagne de réactivation avec remise, à faible coût"
13062.0,191,1,346.98,1,-1.4749852669863426,0.3916653858438099,Clients perdus,"Campagne de réactivation avec remise, à faible coût"
13064.0,13,4,1105.59,3,0.9068092604025634,-0.4947492641915761,Clients fidèles,"Fidélité à paliers, recommandations de produits complémentaires"
13065.0,373,1,205.86,1,-1.9774276013022851,0.6250105254806024,Clients perdus,"Campagne de réactivation avec remise, à faible coût"
13066.0,24,2,470.8,2,-0.18383855166165003,-0.6344746259451571,Nouveaux clients,"Mail de bienvenue, code promo sur la 2e commande"
13067.0,82,1,115.46000000000001,1,-1.6762081796065835,-0.5394853429276786,Clients perdus,"Campagne de réactivation avec remise, à faible coût"
13068.0,10,2,344.0,2,-0.01942958002367508,-1.2694283053576019,Nouveaux clients,"Mail de bienvenue, code promo sur la 2e commande"
13069.0,1,24,4431.44,0,3.770027226165822,-0.603438300882922,Champions,"Programme VIP, avant-premières, remerciements personnalisés"
13070.0,192,1,228.8,1,-1.6746626597440528,0.2436656852657404,Clients perdus,"Campagne de réactivation avec remise, à faible coût"
13072.0,267,1,177.15,1,-1.9213372640992477,0.3591071074479655,Clients perdus,"Campagne de réactivation avec remise, à faible coût"
13075.0,130,1,919.61,1,-0.8654537557563718,0.5038779665999766,Clients perdus,"Campagne de réactivation avec remise, à faible coût"
13077.0,1,4,728.02,2,1.451134723339061,-1.88138801418272,Nouveaux clients,"Mail de bienvenue, code promo sur la 2e commande"
13078.0,3,26,12627.94,0,4.0739260593136795,0.24770166870865126,Champions,"Programme VIP, avant-premières, remerciements personnalisés"
13079.0,4,5,220.10000000000002,2,0.6980248942722336,-1.6649155915721372,Nouveaux clients,"Mail de bienvenue, code promo sur la 2e commande"
13080.0,179,1,58.08,1,-2.2951922012501975,-0.29584664608112204,Clients perdus,"Campagne de réactivation avec remise, à faible coût"
13081.0,12,11,28337.38,0,3.2737745188396237,0.9778344383984903,Champions,"Programme VIP, avant-premières, remerciements personnalisés"
13082.0,126,9,3613.63,3,1.2569349636214298,1.6027066923266977,Clients fidèles,"Fidélité à paliers, recommandations de produits complémentaires"
13083.0,4,2,303.75,2,0.22258633060569638,-1.8148510203742343,Nouveaux clients,"Mail de bienvenue, code promo sur la 2e commande"
13085.0,158,2,416.08000000000004,1,-0.9491180786238957,0.49421691739645895,Clients perdus,"Campagne de réactivation avec remise, à faible coût"
13089.0,3,97,58762.08,0,5.975029213242651,1.304769337185258,Champions,"Programme VIP, avant-premières, remerciements personnalisés"
13090.0,9,13,8895.82,0,2.9617363806176455,0.44833249279101706,Champions,"Programme VIP, avant-premières, remerciements personnalisés"
13091.0,28,1,345.82,2,-0.7546894431763939,-0.8086776144448531,Nouveaux clients,"Mail de bienvenue, code promo sur la 2e commande"
13092.0,71,5,477.83,3,0.04754544915359877,0.30890549092344594,Clients fidèles,"Fidélité à paliers, recommandations de produits complémentaires"
13093.0,276,8,7832.47,3,1.2320925221680505,2.3388547768066936,Clients fidèles,"Fidélité à paliers, recommandations de produits complémentaires"
13094.0,21,12,1927.3200000000002,0,1.8649359925883553,0.3624578442838103,Champions,"Programme VIP, avant-premières, remerciements personnalisés"
13095.0,71,1,74.39999999999999,1,-1.8290396555801296,-0.7881961459888994,Clients perdus,"Campagne de réactivation avec remise, à faible coût"
13097.0,33,10,6003.22,0,2.088404796053039,0.988430441245222,Champions,"Programme VIP, avant-premières, remerciements personnalisés"
13098.0,1,28,28882.44,0,4.797572685727335,0.13713929195787464,Champions,"Programme VIP, avant-premières, remerciements personnalisés"
13099.0,99,1,207.35999999999999,1,-1.4702128313423526,-0.20917100580035544,Clients perdus,"Campagne de réactivation avec remise, à faible coût"
13101.0,234,1,101.19,1,-2.1359572713447887,0.07309241163600598,Clients perdus,"Campagne de réactivation avec remise, à faible coût"
13102.0,1,24,6424.09,0,3.946911882266465,-0.468068064793915,Champions,"Programme VIP, avant-premières, remerciements personnalisés"
13103.0,40,1,243.94,1,-1.0526394914467399,-0.7158164350671403,Clients perdus,"Campagne de réactivation avec remise, à faible coût"
13104.0,3,6,1098.48,0,1.687183787515871,-1.1622638698404126,Champions,"Programme VIP, avant-premières, remerciements personnalisés"
13106.0,133,1,76.5,1,-2.0531840740750944,-0.3841127366109525,Clients perdus,"Campagne de réactivation avec remise, à faible coût"
13107.0,44,4,1531.6200000000001,3,0.6160643295133909,0.364725078050016,Clients fidèles,"Fidélité à paliers, recommandations de produits complémentaires"
13108.0,373,1,350.06,1,-1.725429466079494,0.8178652807268084,Clients perdus,"Campagne de réactivation avec remise, à faible coût"
13109.0,60,2,786.54,3,-0.28039163484242885,0.1182189406617234,Clients fidèles,"Fidélité à paliers, recommandations de produits complémentaires"
13110.0,31,7,1488.67,3,1.1587701708509857,0.3190810908300331,Clients fidèles,"Fidélité à paliers, recommandations de produits complémentaires"
13113.0,1,24,12245.960000000001,0,4.254249987883445,-0.23286150231600802,Champions,"Programme VIP, avant-premières, remerciements personnalisés"
13115.0,12,4,2294.78,3,1.2828153817220713,-0.2756643824247916,Clients fidèles,"Fidélité à paliers, recommandations de produits complémentaires"
13116.0,138,1,501.14,1,-1.1768919913291143,0.3204632911463611,Clients perdus,"Campagne de réactivation avec remise, à faible coût"
13117.0,22,8,984.91,3,1.1950102140418373,0.004441188000058144,Clients fidèles,"Fidélité à paliers, recommandations de produits complémentaires"
13118.0,20,5,1197.81,3,0.9553647513081002,-0.13812617860719684,Clients fidèles,"Fidélité à paliers, recommandations de produits complémentaires"
13120.0,239,1,30.599999999999998,1,-2.7031885622494976,-0.3415014896789866,Clients perdus,"Campagne de réactivation avec remise, à faible coût"
13121.0,269,1,283.73,1,-1.7007649753209078,0.5348013449741954,Clients perdus,"Campagne de réactivation avec remise, à faible coût"
13122.0,94,2,922.39,3,-0.3737590085087005,0.4572813164375352,Clients fidèles,"Fidélité à paliers, recommandations de produits complémentaires"
13124.0,90,3,3756.33,3,0.5720921796109846,1.0524962658484127,Clients fidèles,"Fidélité à paliers, recommandations de produits complémentaires"
13126.0,5,8,2099.64,0,2.0685937088009743,-0.5721990715814332,Champions,"Programme VIP, avant-premières, remerciements personnalisés"
13127.0,78,1,259.17,1,-1.2743852003545595,-0.2777399644221904,Clients perdus,"Campagne de réactivation avec remise, à faible coût"
13130.0,94,1,64.0,1,-2.005623075024789,-0.666453547080101,Clients perdus,"Campagne de réactivation avec remise, à faible coût"
13131.0,23,3,1073.3,3,0.48457828231882133,-0.24954643114712674,Clients fidèles,"Fidélité à paliers, recommandations de produits complémentaires"
13132.0,262,1,77.3,1,-2.305818721730345,0.04741067252211747,Clients perdus,"Campagne de réactivation avec remise, à faible coût"
13133.0,274,2,109.8,1,-1.7899045471053223,0.35845170294797585,Clients perdus,"Campagne de réactivation avec remise, à faible coût"
13134.0,86,4,1793.58,3,0.4394707648123387,0.8404793141270965,Clients fidèles,"Fidélité à paliers, recommandations de produits complémentaires"
13135.0,197,1,3096.0,3,-0.4452104843326058,1.2082695121512255,Clients fidèles,"Fidélité à paliers, recommandations de produits complémentaires"
13136.0,56,5,2607.61,3,0.9444455361682103,0.7788218390882238,Clients fidèles,"Fidélité à paliers, recommandations de produits complémentaires"
13137.0,11,8,3603.29,0,2.0610973342092054,0.06438111130992856,Champions,"Programme VIP, avant-premières, remerciements personnalisés"
13138.0,22,6,962.39,3,0.9561917630310817,-0.10076656718533926,Clients fidèles,"Fidélité à paliers, recommandations de produits complémentaires"
13139.0,16,7,5064.94,0,1.9834969493357089,0.36410810980290426,Champions,"Programme VIP, avant-premières, remerciements personnalisés"
13140.0,108,3,422.47,1,-0.5369056586714369,0.3710304241270063,Clients perdus,"Campagne de réactivation avec remise, à faible coût"
13141.0,85,5,2388.75,3,0.7456171771002534,1.007792823875029,Clients fidèles,"Fidélité à paliers, recommandations de produits complémentaires"
13142.0,19,1,307.09,2,-0.6692030642568744,-1.087570676004171,Nouveaux clients,"Mail de bienvenue, code promo sur la 2e commande"
13144.0,333,1,110.95,1,-2.2267594565254774,0.3293764330462561,Clients perdus,"Campagne de réactivation avec remise, à faible coût"
13145.0,40,4,618.52,3,0.22005914167995017,-0.024602505275458673,Clients fidèles,"Fidélité à paliers, recommandations de produits complémentaires"
13146.0,26,1,228.91,2,-0.9232730680178259,-1.0039137733605048,Nouveaux clients,"Mail de bienvenue, code promo sur la 2e commande"
13147.0,10,4,712.8000000000001,2,0.7900216556364617,-0.8076042016215434,Nouveaux clients,"Mail de bienvenue, code promo sur la 2e commande"
13148.0,29,12,3683.26,0,2.054944006431052,0.7952820027059454,Champions,"Programme VIP, avant-premières, remerciements personnalisés"
13149.0,14,4,1676.06,3,1.0785459149605416,-0.2993853328643892,Clients fidèles,"Fidélité à paliers, recommandations de produits complémentaires"
13151.0,296,1,1257.8700000000001,1,-1.0289655862383351,1.1372518449700457,Clients perdus,"Campagne de réactivation avec remise, à faible coût"
13153.0,6,1,486.22,2,-0.04989970123381559,-1.5864527438393212,Nouveaux clients,"Mail de bienvenue, code promo sur la 2e commande"
13155.0,33,4,971.76,3,0.5065249050943945,0.021147496880547432,Clients fidèles,"Fidélité à paliers, recommandations de produits complémentaires"
13157.0,49,4,1741.22,3,0.6368973059770795,0.4783028007598863,Clients fidèles,"Fidélité à paliers, recommandations de produits complémentaires"
13158.0,95,4,1201.06,3,0.21094820419762847,0.756811716483821,Clients fidèles,"Fidélité à paliers, recommandations de produits complémentaires"
13159.0,9,4,1429.35,3,1.1575840432781783,-0.6146287319561077,Clients fidèles,"Fidélité à paliers, recommandations de produits complémentaires"
13160.0,22,1,91.8,2,-1.2942858775534196,-1.4364351053377995,Nouveaux clients,"Mail de bienvenue, code promo sur la 2e commande"
13161.0,313,1,112.75,1,-2.195577639058173,0.2960200598998865,Clients perdus,"Campagne de réactivation avec remise, à faible coût"
13162.0,122,4,1688.29,3,0.27841723381124567,1.0381077145347524,Clients fidèles,"Fidélité à paliers, recommandations de produits complémentaires"
13165.0,46,2,1021.48,3,-0.056431417341089474,0.048009579586895806,Clients fidèles,"Fidélité à paliers, recommandations de produits complémentaires"
13166.0,283,1,417.2,1,-1.5369177073258704,0.7070392073383208,Clients perdus,"Campagne de réactivation avec remise, à faible coût"
13167.0,19,4,779.33,3,0.6041593772760913,-0.3958487321051252,Clients fidèles,"Fidélité à paliers, recommandations de produits complémentaires"
13168.0,36,4,1299.59,3,0.6126078946011696,0.1806896629845721,Clients fidèles,"Fidélité à paliers, recommandations de produits complémentaires"
13169.0,64,2,712.88,3,-0.351434481314935,0.1227055142866134,Clients fidèles,"Fidélité à paliers, recommandations de produits complémentaires"
13170.0,27,1,108.81,2,-1.289223745028965,-1.2502759472161116,Nouveaux clients,"Mail de bienvenue, code promo sur la 2e commande"
13171.0,22,3,468.41,2,0.10636170717443666,-0.5784350745869142,Nouveaux clients,"Mail de bienvenue, code promo sur la 2e commande"
13173.0,4,2,353.65,2,0.29483405957164377,-1.7595596664342397,Nouveaux clients,"Mail de bienvenue, code promo sur la 2e commande"
13174.0,16,3,2738.82,3,1.0623338677239071,-0.12694132263882274,Clients fidèles,"Fidélité à paliers, recommandations de produits complémentaires"
13176.0,46,1,481.49,1,-0.7817956174597321,-0.38197884128251514,Clients perdus,"Campagne de réactivation avec remise, à faible coût"
13177.0,65,1,282.45,1,-1.1648889103364868,-0.3605506874633206,Clients perdus,"Campagne de réactivation avec remise, à faible coût"
13178.0,26,11,5725.47,0,2.2327515717754935,0.8584270937834004,Champions,"Programme VIP, avant-premières, remerciements personnalisés"
13182.0,45,1,121.18,1,-1.427960728643956,-0.8964196021056549,Clients perdus,"Campagne de réactivation avec remise, à faible coût"
13183.0,8,9,3957.78,0,2.31116809573891,-0.043341191083555886,Champions,"Programme VIP, avant-premières, remerciements personnalisés"
13184.0,15,10,1667.95,0,1.7663025703406898,0.043428802678774296,Champions,"Programme VIP, avant-premières, remerciements personnalisés"
13185.0,268,1,71.4,1,-2.351758819713753,0.03315577697178972,Clients perdus,"Campagne de réactivation avec remise, à faible coût"
13186.0,40,3,1575.89,3,0.46291038189579725,0.2301185826963356,Clients fidèles,"Fidélité à paliers, recommandations de produits complémentaires"
13187.0,337,1,236.02,1,-1.8739294276972405,0.610429959351135,Clients perdus,"Campagne de réactivation avec remise, à faible coût"
13188.0,11,1,114.60000000000001,2,-0.941150198480758,-1.7690581053132488,Nouveaux clients,"Mail de bienvenue, code promo sur la 2e commande"
13189.0,19,2,260.68,2,-0.37944921490512645,-0.9909558632592438,Nouveaux clients,"Mail de bienvenue, code promo sur la 2e commande"
13192.0,95,2,911.94,3,-0.38318075831545306,0.45977424599058,Clients fidèles,"Fidélité à paliers, recommandations de produits complémentaires"
13193.0,61,1,112.08,1,-1.578834938872574,-0.7352801416310426,Clients perdus,"Campagne de réactivation avec remise, à faible coût"
13194.0,136,1,60.7,1,-2.1702662875827428,-0.4531985566861233,Clients perdus,"Campagne de réactivation avec remise, à faible coût"
13196.0,11,4,1797.78,3,1.1971494279615702,-0.4153977349589296,Clients fidèles,"Fidélité à paliers, recommandations de produits complémentaires"
13198.0,10,6,3401.2400000000002,0,1.839032097071756,-0.10863601222406927,Champions,"Programme VIP, avant-premières, remerciements personnalisés"
13199.0,4,37,9802.12,0,4.177812702907028,0.4285157729185978,Champions,"Programme VIP, avant-premières, remerciements personnalisés"
13200.0,19,4,870.09,3,0.6565817034294452,-0.3557298047535251,Clients fidèles,"Fidélité à paliers, recommandations de produits complémentaires"
13203.0,10,4,869.46,2,0.88455712036379,-0.7352559919970686,Nouveaux clients,"Mail de bienvenue, code promo sur la 2e commande"
13207.0,15,2,250.26000000000002,2,-0.31358825854462613,-1.1473322658372624,Nouveaux clients,"Mail de bienvenue, code promo sur la 2e commande"
13208.0,59,5,1193.17,3,0.5525791915322933,0.5264574644192855,Clients fidèles,"Fidélité à paliers, recommandations de produits complémentaires"
13209.0,30,8,5891.61,0,1.9328410757030936,0.8457086937630096,Champions,"Programme VIP, avant-premières, remerciements personnalisés"
13210.0,94,1,353.48,1,-1.197448603408515,-0.04795575628497261,Clients perdus,"Campagne de réactivation avec remise, à faible coût"
13211.0,10,3,1095.42,2,0.792239303859765,-0.737040557698725,Nouveaux clients,"Mail de bienvenue, code promo sur la 2e commande"
13212.0,20,3,786.83,2,0.3878100104743515,-0.44734265559290637,Nouveaux clients,"Mail de bienvenue, code promo sur la 2e commande"
13213.0,57,5,1520.58,3,0.6809678252947478,0.5932981060949458,Clients fidèles,"Fidélité à paliers, recommandations de produits complémentaires"
13216.0,268,1,333.74,1,-1.6222532153973863,0.5914481018208839,Clients perdus,"Campagne de réactivation avec remise, à faible coût"
13217.0,122,3,533.98,1,-0.47168723618406777,0.5329175027907991,Clients perdus,"Campagne de réactivation avec remise, à faible coût"
13218.0,127,1,62.63999999999999,1,-2.129565357081102,-0.48501773116882335,Clients perdus,"Campagne de réactivation avec remise, à faible coût"
13220.0,78,4,819.2900000000001,3,0.10331730440847135,0.4938336709936106,Clients fidèles,"Fidélité à paliers, recommandations de produits complémentaires"
13221.0,240,2,844.86,1,-0.7710700467409544,1.0158718916653509,Clients perdus,"Campagne de réactivation avec remise, à faible coût"
13223.0,200,2,163.20000000000002,1,-1.4827754636549284,0.3030192747124226,Clients perdus,"Campagne de réactivation avec remise, à faible coût"
13224.0,60,2,2152.95,3,0.19897948307918437,0.4850827650195459,Clients fidèles,"Fidélité à paliers, recommandations de produits complémentaires"
13225.0,3,7,6463.84,0,2.6522655661198558,-0.46489495881823734,Champions,"Programme VIP, avant-premières, remerciements personnalisés"
13226.0,273,1,108.21000000000001,1,-2.1629424256236653,0.19472358748672755,Clients perdus,"Campagne de réactivation avec remise, à faible coût"
13227.0,202,1,257.7,1,-1.6375157818857022,0.31890563305189157,Clients perdus,"Campagne de réactivation avec remise, à faible coût"
13228.0,81,1,358.0,1,-1.135210819667566,-0.1366912876840833,Clients perdus,"Campagne de réactivation avec remise, à faible coût"
13229.0,226,1,160.95,1,-1.9033493334146585,0.21901220444944122,Clients perdus,"Campagne de réactivation avec remise, à faible coût"
13230.0,4,14,2755.63,0,2.7307546821555087,-0.39204806263582226,Champions,"Programme VIP, avant-premières, remerciements personnalisés"
13232.0,13,7,1327.75,0,1.4200221363896168,-0.24703859426266891,Champions,"Programme VIP, avant-premières, remerciements personnalisés"
13233.0,74,2,605.12,1,-0.4840499247144394,0.15382155351629295,Clients perdus,"Campagne de réactivation avec remise, à faible coût"
13235.0,212,1,1031.07,1,-0.996647900938845,0.8539232243714134,Clients perdus,"Campagne de réactivation avec remise, à faible coût"
13236.0,25,2,744.85,2,0.019379223139585997,-0.4426070211286513,Nouveaux clients,"Mail de bienvenue, code promo sur la 2e commande"
13238.0,17,4,700.73,2,0.5938144877922452,-0.5013998976116645,Nouveaux clients,"Mail de bienvenue, code promo sur la 2e commande"
13239.0,262,1,329.56,1,-1.6196252864588603,0.572556094308028,Clients perdus,"Campagne de réactivation avec remise, à faible coût"
13240.0,96,4,648.7,3,-0.08615630635753274,0.539039809062288,Clients fidèles,"Fidélité à paliers, recommandations de produits complémentaires"
13242.0,112,3,270.40000000000003,1,-0.762634172210132,0.2316769198628057,Clients perdus,"Campagne de réactivation avec remise, à faible coût"
13243.0,203,1,585.12,1,-1.249730480994435,0.6202322792903058,Clients perdus,"Campagne de réactivation avec remise, à faible coût"
13244.0,93,1,121.74000000000001,1,-1.6987154893194307,-0.44138256250098373,Clients perdus,"Campagne de réactivation avec remise, à faible coût"
13245.0,51,1,430.5,1,-0.8736205347608471,-0.3585701460789184,Clients perdus,"Campagne de réactivation avec remise, à faible coût"
13246.0,18,6,1961.52,3,1.3681599076485296,0.03746886923409845,Clients fidèles,"Fidélité à paliers, recommandations de produits complémentaires"
13247.0,18,4,501.12,2,0.4136954145668385,-0.5891430873954856,Nouveaux clients,"Mail de bienvenue, code promo sur la 2e commande"
13248.0,125,2,465.68,1,-0.806741279575793,0.3876146192076279,Clients perdus,"Campagne de réactivation avec remise, à faible coût"
13249.0,92,3,711.41,3,-0.22844589730636977,0.45998837124020286,Clients fidèles,"Fidélité à paliers, recommandations de produits complémentaires"
13253.0,157,2,1030.4,3,-0.5153391899617273,0.8203423993780621,Clients fidèles,"Fidélité à paliers, recommandations de produits complémentaires"
13255.0,9,2,399.51,2,0.08805304207695511,-1.2754924812973714,Nouveaux clients,"Mail de bienvenue, code promo sur la 2e commande"
13258.0,12,3,672.83,2,0.496493648795208,-0.8085717491872788,Nouveaux clients,"Mail de bienvenue, code promo sur la 2e commande"
13259.0,62,1,283.18,1,-1.1458969758739246,-0.389124716861909,Clients perdus,"Campagne de réactivation avec remise, à faible coût"
13260.0,61,1,557.62,1,-0.8177763260264563,-0.15284022643606496,Clients perdus,"Campagne de réactivation avec remise, à faible coût"
13261.0,269,2,944.1,1,-0.7616094477811614,1.128404762784383,Clients perdus,"Campagne de réactivation avec remise, à faible coût"
13262.0,263,1,200.29,1,-1.8574104856279536,0.394095301950017,Clients perdus,"Campagne de réactivation avec remise, à faible coût"
13263.0,1,34,7411.71,0,4.320038905730328,-0.2863550171164758,Champions,"Programme VIP, avant-premières, remerciements personnalisés"
13265.0,53,5,2092.66,3,0.8603226123904867,0.6643400179101446,Clients fidèles,"Fidélité à paliers, recommandations de produits complémentaires"
13266.0,11,12,3834.2599999999998,0,2.424022460896278,0.22864147646376162,Champions,"Programme VIP, avant-premières, remerciements personnalisés"
13267.0,3,19,4521.49,0,3.3126163540262135,-0.24231225009135407,Champions,"Programme VIP, avant-premières, remerciements personnalisés"
13268.0,18,10,3152.71,0,2.0038726851294033,0.3844898607550668,Champions,"Programme VIP, avant-premières, remerciements personnalisés"
13269.0,1,15,5343.28,0,3.4546121130860787,-0.707093270612595,Champions,"Programme VIP, avant-premières, remerciements personnalisés"
13270.0,366,1,590.0,1,-1.470053787684646,0.9957964630048348,Clients perdus,"Campagne de réactivation avec remise, à faible coût"
13271.0,37,1,211.49,2,-1.0913310722849936,-0.8158408848554445,Nouveaux clients,"Mail de bienvenue, code promo sur la 2e commande"
13272.0,31,2,276.56,2,-0.5308788984961547,-0.6713081190540389,Nouveaux clients,"Mail de bienvenue, code promo sur la 2e commande"
13273.0,113,1,138.98,1,-1.7097678060168746,-0.271083309331057,Clients perdus,"Campagne de réactivation avec remise, à faible coût"
13276.0,64,2,590.9300000000001,1,-0.4406849951269168,0.05440188981101788,Clients perdus,"Campagne de réactivation avec remise, à faible coût"
13277.0,16,4,258.4,2,0.14149793378089115,-0.9005256635225044,Nouveaux clients,"Mail de bienvenue, code promo sur la 2e commande"
13278.0,41,1,542.73,2,-0.6819076256014578,-0.4097640561807586,Nouveaux clients,"Mail de bienvenue, code promo sur la 2e commande"
13279.0,78,1,137.75,1,-1.5739069655958728,-0.5069646635472685,Clients perdus,"Campagne de réactivation avec remise, à faible coût"
13280.0,122,3,798.46,3,-0.28029643426236256,0.6793893257999373,Clients fidèles,"Fidélité à paliers, recommandations de produits complémentaires"
13282.0,18,3,1132.14,3,0.5992037289441514,-0.37830667308571947,Clients fidèles,"Fidélité à paliers, recommandations de produits complémentaires"
13283.0,60,2,93.66,1,-1.289795871633736,-0.6542804544578668,Clients perdus,"Campagne de réactivation avec remise, à faible coût"
13284.0,331,1,201.19,1,-1.9428134252398344,0.5411153978530747,Clients perdus,"Campagne de réactivation avec remise, à faible coût"
13285.0,23,4,2709.12,3,1.1277161045338897,0.1737819578538601,Clients fidèles,"Fidélité à paliers, recommandations de produits complémentaires"
13291.0,156,1,361.11,1,-1.3791620825547732,0.2785075963136929,Clients perdus,"Campagne de réactivation avec remise, à faible coût"
13292.0,39,2,578.9399999999999,2,-0.2650143652522543,-0.26106143267402127,Nouveaux clients,"Mail de bienvenue, code promo sur la 2e commande"
13294.0,190,2,873.74,1,-0.6662713557072227,0.8806025259211738,Clients perdus,"Campagne de réactivation avec remise, à faible coût"
13295.0,360,1,201.20000000000002,1,-1.9747721736270694,0.5942592259633636,Clients perdus,"Campagne de réactivation avec remise, à faible coût"
13296.0,137,1,87.4,1,-2.001720402981989,-0.3174705697797987,Clients perdus,"Campagne de réactivation avec remise, à faible coût"
13297.0,8,4,2089.85,3,1.3787048520178695,-0.543038663701822,Clients fidèles,"Fidélité à paliers, recommandations de produits complémentaires"
13298.0,1,1,360.0,2,0.2856875956743532,-2.490522118989304,Nouveaux clients,"Mail de bienvenue, code promo sur la 2e commande"
13299.0,268,1,142.5,1,-2.0258100491024353,0.28260512437855656,Clients perdus,"Campagne de réactivation avec remise, à faible coût"
13300.0,169,1,371.89,1,-1.395567371931466,0.3396714529669244,Clients perdus,"Campagne de réactivation avec remise, à faible coût"
13301.0,104,4,600.19,3,-0.15339433812463393,0.5610202291686198,Clients fidèles,"Fidélité à paliers, recommandations de produits complémentaires"
13302.0,155,1,63.75,1,-2.19687862673354,-0.35321398483744404,Clients perdus,"Campagne de réactivation avec remise, à faible coût"
13304.0,351,1,300.42,1,-1.7749113219330725,0.7238178169211947,Clients perdus,"Campagne de réactivation avec remise, à faible coût"
13305.0,4,10,2000.86,0,2.2971784172364376,-0.6281450915508594,Champions,"Programme VIP, avant-premières, remerciements personnalisés"
13307.0,120,1,15.0,1,-2.765890369112875,-1.024114269683377,Clients perdus,"Campagne de réactivation avec remise, à faible coût"
13308.0,23,3,1385.51,3,0.6061288221723434,-0.15652352209753978,Clients fidèles,"Fidélité à paliers, recommandations de produits complémentaires"
13309.0,7,5,1456.79,0,1.4171277578298573,-0.6790472772592151,Champions,"Programme VIP, avant-premières, remerciements personnalisés"
13310.0,28,3,1132.03,3,0.43766408017656394,-0.11008551022556518,Clients fidèles,"Fidélité à paliers, recommandations de produits complémentaires"
13311.0,4,2,598.57,2,0.5450057152569141,-1.5681027201990383,Nouveaux clients,"Mail de bienvenue, code promo sur la 2e commande"
13313.0,22,5,1555.32,3,1.0449709315723814,0.014750256166362401,Clients fidèles,"Fidélité à paliers, recommandations de produits complémentaires"
13314.0,2,3,775.94,2,1.1243414643098375,-1.6868857165667197,Nouveaux clients,"Mail de bienvenue, code promo sur la 2e commande"
13316.0,37,4,5732.93,3,1.309266741449731,0.7385568943970636,Clients fidèles,"Fidélité à paliers, recommandations de produits complémentaires"
13317.0,66,6,2273.68,3,0.9571838883391361,0.8907844452314161,Clients fidèles,"Fidélité à paliers, recommandations de produits complémentaires"
13318.0,1,3,640.76,2,1.1881211834417504,-2.013806411470003,Nouveaux clients,"Mail de bienvenue, code promo sur la 2e commande"
13319.0,5,26,10845.550000000001,0,3.846586736323573,0.44944982079787343,Champions,"Programme VIP, avant-premières, remerciements personnalisés"
13320.0,78,4,1532.2,3,0.40131106081905427,0.7218889814293477,Clients fidèles,"Fidélité à paliers, recommandations de produits complémentaires"
13321.0,72,2,567.36,1,-0.5043736622239419,0.11322114974471827,Clients perdus,"Campagne de réactivation avec remise, à faible coût"
13322.0,17,1,199.48000000000002,2,-0.833681878412682,-1.3110808902610833,Nouveaux clients,"Mail de bienvenue, code promo sur la 2e commande"
13323.0,3,5,787.85,2,1.3892634694061528,-1.3426890572737602,Nouveaux clients,"Mail de bienvenue, code promo sur la 2e commande"
13324.0,36,10,7121.95,0,2.1375163325225164,1.1043722226804673,Champions,"Programme VIP, avant-premières, remerciements personnalisés"
13325.0,82,1,675.3,1,-0.8381014991760927,0.10191963644541507,Clients perdus,"Campagne de réactivation avec remise, à faible coût"
13327.0,39,8,3627.77,3,1.6045127149573106,0.8306386817590968,Clients fidèles,"Fidélité à paliers, recommandations de produits complémentaires"
13328.0,316,1,1308.48,1,-1.035075222485821,1.1929667288557146,Clients perdus,"Campagne de réactivation avec remise, à faible coût"
13329.0,32,2,789.0,2,-0.044272879075512896,-0.27039230249578566,Nouveaux clients,"Mail de bienvenue, code promo sur la 2e commande"
13330.0,93,3,1140.93,3,-0.007734193817239321,0.6388105280580804,Clients fidèles,"Fidélité à paliers, recommandations de produits complémentaires"
13332.0,14,1,350.9,2,-0.495988704467454,-1.2215950405064573,Nouveaux clients,"Mail de bienvenue, code promo sur la 2e commande"
13334.0,82,3,3502.32,3,0.5738852805094286,0.9685975793019441,Clients fidèles,"Fidélité à paliers, recommandations de produits complémentaires"
13336.0,77,1,795.12,1,-0.736658504745357,0.12197867335509072,Clients perdus,"Campagne de réactivation avec remise, à faible coût"
13338.0,158,1,437.02,1,-1.2933213547108398,0.3559318325400787,Clients perdus,"Campagne de réactivation avec remise, à faible coût"
13339.0,201,1,860.12,1,-1.0626754863267065,0.754256093078396,Clients perdus,"Campagne de réactivation avec remise, à faible coût"
13340.0,45,7,10736.48,0,1.9612374904058876,1.269504021876986,Champions,"Programme VIP, avant-premières, remerciements personnalisés"
13341.0,261,1,775.85,1,-1.2110688046141118,0.8816951466933798,Clients perdus,"Campagne de réactivation avec remise, à faible coût"
13343.0,178,1,303.43,1,-1.5119120372492731,0.2984369654837523,Clients perdus,"Campagne de réactivation avec remise, à faible coût"
13344.0,68,3,2511.69,3,0.48608767503688116,0.7302187231919592,Clients fidèles,"Fidélité à paliers, recommandations de produits complémentaires"
13345.0,288,1,339.5,1,-1.641513420390745,0.6431644898837162,Clients perdus,"Campagne de réactivation avec remise, à faible coût"
13347.0,70,1,291.36,1,-1.1780319478712074,-0.30293904295738133,Clients perdus,"Campagne de réactivation avec remise, à faible coût"
13348.0,64,1,233.76,1,-1.2488543988274414,-0.43895754471997256,Clients perdus,"Campagne de réactivation avec remise, à faible coût"
13349.0,11,1,197.32,2,-0.6839916936513954,-1.572254107281673,Nouveaux clients,"Mail de bienvenue, code promo sur la 2e commande"
13350.0,16,2,879.12,2,0.26051400096570426,-0.6517915947309699,Nouveaux clients,"Mail de bienvenue, code promo sur la 2e commande"
13351.0,66,1,323.94,1,-1.1055475412982947,-0.30120148380733547,Clients perdus,"Campagne de réactivation avec remise, à faible coût"
13352.0,60,1,347.97999999999996,1,-1.0357114730171813,-0.3346945992386178,Clients perdus,"Campagne de réactivation avec remise, à faible coût"
13354.0,71,1,743.53,1,-0.7380095575713478,0.046771709355364226,Clients perdus,"Campagne de réactivation avec remise, à faible coût"
13355.0,122,1,674.7,1,-0.9887464150013477,0.35112972102983325,Clients perdus,"Campagne de réactivation avec remise, à faible coût"
13356.0,80,1,768.24,1,-0.7674362934241047,0.13339710740854072,Clients perdus,"Campagne de réactivation avec remise, à faible coût"
13357.0,257,1,609.4,1,-1.3200793299132654,0.7840124308054423,Clients perdus,"Campagne de réactivation avec remise, à faible coût"
13358.0,269,1,389.03,1,-1.550836603237679,0.649541874609504,Clients perdus,"Campagne de réactivation avec remise, à faible coût"
13359.0,64,1,389.56,1,-1.006336072828703,-0.2533577093804916,Clients perdus,"Campagne de réactivation avec remise, à faible coût"
13362.0,9,4,3090.7400000000002,0,1.5248338691975178,-0.33357159147660015,Champions,"Programme VIP, avant-premières, remerciements personnalisés"
13363.0,18,2,892.5,2,0.2252243989722026,-0.5757295936485765,Nouveaux clients,"Mail de bienvenue, code promo sur la 2e commande"
13364.0,71,1,134.95999999999998,1,-1.5481506764765454,-0.5732311611548406,Clients perdus,"Campagne de réactivation avec remise, à faible coût"
13365.0,34,2,2225.37,3,0.42689607784153033,0.14471998603552458,Clients fidèles,"Fidélité à paliers, recommandations de produits complémentaires"
13366.0,50,1,56.160000000000004,1,-1.829293967185414,-1.107943347426332,Clients perdus,"Campagne de réactivation avec remise, à faible coût"
13368.0,257,2,573.4,1,-0.9814990131733115,0.917994251879079,Clients perdus,"Campagne de réactivation avec remise, à faible coût"
13369.0,366,1,258.28000000000003,1,-1.8625992388008354,0.6953805221047397,Clients perdus,"Campagne de réactivation avec remise, à faible coût"
13370.0,372,1,754.87,1,-1.3590164979504018,1.0958009322260944,Clients perdus,"Campagne de réactivation avec remise, à faible coût"
13372.0,90,1,328.64,1,-1.2156338191689473,-0.10173576970324111,Clients perdus,"Campagne de réactivation avec remise, à faible coût"
13373.0,61,3,3312.25,3,0.6587141533728653,0.7632025468775693,Clients fidèles,"Fidélité à paliers, recommandations de produits complémentaires"
13375.0,89,1,778.65,1,-0.8012701653869267,0.20513816468413928,Clients perdus,"Campagne de réactivation avec remise, à faible coût"
13376.0,99,3,869.76,3,-0.1605330586638127,0.5792111481652769,Clients fidèles,"Fidélité à paliers, recommandations de produits complémentaires"
13379.0,26,3,572.56,2,0.14059780849257453,-0.40364973568940576,Nouveaux clients,"Mail de bienvenue, code promo sur la 2e commande"
13381.0,32,6,3639.31,3,1.451684896480027,0.6129749170535217,Clients fidèles,"Fidélité à paliers, recommandations de produits complémentaires"
13382.0,281,1,222.99,1,-1.8316902487377813,0.4749001838537486,Clients perdus,"Campagne de réactivation avec remise, à faible coût"
13384.0,31,7,4151.93,0,1.6472485126170429,0.6929146946425323,Champions,"Programme VIP, avant-premières, remerciements personnalisés"
13385.0,330,1,534.57,1,-1.4775463119890055,0.8943900147315312,Clients perdus,"Campagne de réactivation avec remise, à faible coût"
13388.0,131,2,677.1,1,-0.6464841325334443,0.5533683849212268,Clients perdus,"Campagne de réactivation avec remise, à faible coût"
13389.0,11,3,797.96,2,0.6082168693961034,-0.7972427104221226,Nouveaux clients,"Mail de bienvenue, code promo sur la 2e commande"
13390.0,75,1,544.08,1,-0.9072233100538009,-0.0326256132620022,Clients perdus,"Campagne de réactivation avec remise, à faible coût"
13391.0,204,1,59.8,1,-2.3311881728099793,-0.20287839953833947,Clients perdus,"Campagne de réactivation avec remise, à faible coût"
13394.0,2,8,2520.02,0,2.420227340702595,-0.9454102161625875,Champions,"Programme VIP, avant-premières, remerciements personnalisés"
13395.0,185,1,307.72,1,-1.5198953150242227,0.3278751257461346,Clients perdus,"Campagne de réactivation avec remise, à faible coût"
13396.0,29,2,1360.99,3,0.2516312265307202,-0.13225708167226638,Clients fidèles,"Fidélité à paliers, recommandations de produits complémentaires"
13397.0,73,5,1544.13,3,0.5952436305190402,0.7534499220806644,Clients fidèles,"Fidélité à paliers, recommandations de produits complémentaires"
13398.0,192,1,457.34,1,-1.3457250794326534,0.4954023756430301,Clients perdus,"Campagne de réactivation avec remise, à faible coût"
13402.0,127,2,621.23,1,-0.675699108948977,0.5024949905918954,Clients perdus,"Campagne de réactivation avec remise, à faible coût"
13403.0,18,1,75.0,2,-1.3164720379173567,-1.6304589618383165,Nouveaux clients,"Mail de bienvenue, code promo sur la 2e commande"
13404.0,1,2,252.49,2,0.48478183843348005,-2.4632893126813666,Nouveaux clients,"Mail de bienvenue, code promo sur la 2e commande"
13405.0,204,2,557.45,1,-0.9070959802474519,0.7618481686880083,Clients perdus,"Campagne de réactivation avec remise, à faible coût"
13408.0,2,62,28117.04,0,5.333201402335799,0.6833495613316929,Champions,"Programme VIP, avant-premières, remerciements personnalisés"
13410.0,24,5,1003.06,3,0.8043146035903344,-0.09215753533452825,Clients fidèles,"Fidélité à paliers, recommandations de produits complémentaires"
13411.0,107,1,213.55,1,-1.4856569418380314,-0.14967310026684894,Clients perdus,"Campagne de réactivation avec remise, à faible coût"
13414.0,134,3,1390.5,3,-0.05180305893039937,0.94051973190321,Clients fidèles,"Fidélité à paliers, recommandations de produits complémentaires"
13416.0,44,2,712.5,3,-0.2112502721281785,-0.11076990095334095,Clients fidèles,"Fidélité à paliers, recommandations de produits complémentaires"
13417.0,5,2,640.83,2,0.5078261582059916,-1.4276048044664114,Nouveaux clients,"Mail de bienvenue, code promo sur la 2e commande"
13418.0,12,18,6127.43,0,2.960759653670527,0.5964627569654075,Champions,"Programme VIP, avant-premières, remerciements personnalisés"
13419.0,64,1,221.06,1,-1.2753523348053108,-0.4592364763597788,Clients perdus,"Campagne de réactivation avec remise, à faible coût"
13420.0,150,2,159.85,1,-1.3833604422371542,0.11405159567661298,Clients perdus,"Campagne de réactivation avec remise, à faible coût"
13421.0,40,2,1823.21,3,0.27154900771505225,0.17245360572515733,Clients fidèles,"Fidélité à paliers, recommandations de produits complémentaires"
13422.0,64,1,2626.3,3,-0.09817241895710392,0.44166203366666645,Clients fidèles,"Fidélité à paliers, recommandations de produits complémentaires"
13425.0,108,3,1624.21,3,0.10386795900083283,0.861415954540388,Clients fidèles,"Fidélité à paliers, recommandations de produits complémentaires"
13426.0,1,10,3641.32,0,2.932291818270439,-0.9911884583851018,Champions,"Programme VIP, avant-premières, remerciements personnalisés"
13427.0,19,3,582.6,2,0.26347870196766937,-0.5877059676089745,Nouveaux clients,"Mail de bienvenue, code promo sur la 2e commande"
13428.0,10,1,201.78,2,-0.6401651591075127,-1.6193442007554417,Nouveaux clients,"Mail de bienvenue, code promo sur la 2e commande"
13429.0,11,4,1006.8,2,0.9211270963760143,-0.6266382632007637,Nouveaux clients,"Mail de bienvenue, code promo sur la 2e commande"
13430.0,19,2,679.45,2,0.07585553472506754,-0.6425100861715066,Nouveaux clients,"Mail de bienvenue, code promo sur la 2e commande"
13431.0,67,2,1269.1,3,-0.09417010354672768,0.36140219180192107,Clients fidèles,"Fidélité à paliers, recommandations de produits complémentaires"
13434.0,74,2,534.24,1,-0.5433017594759892,0.10847598744404909,Clients perdus,"Campagne de réactivation avec remise, à faible coût"
13435.0,5,7,3809.8900000000003,0,2.2456064165001193,-0.40038068445146247,Champions,"Programme VIP, avant-premières, remerciements personnalisés"
13436.0,2,1,196.89,2,-0.15558572216654631,-2.452498147554499,Nouveaux clients,"Mail de bienvenue, code promo sur la 2e commande"
13437.0,14,7,3408.06,0,1.8425772441916404,0.14027727896617956,Champions,"Programme VIP, avant-premières, remerciements personnalisés"
13439.0,255,1,283.71,1,-1.6804638132171659,0.5009978939009144,Clients perdus,"Campagne de réactivation avec remise, à faible coût"
13441.0,92,1,296.64,1,-1.2725892741626006,-0.12517816535589443,Clients perdus,"Campagne de réactivation avec remise, à faible coût"
13447.0,23,3,1129.14,3,0.508720743984029,-0.23107014944223161,Clients fidèles,"Fidélité à paliers, recommandations de produits complémentaires"
13448.0,17,6,3534.69,0,1.6692811427331042,0.21781529312114198,Champions,"Programme VIP, avant-premières, remerciements personnalisés"
13449.0,24,1,291.88,2,-0.7785457436367745,-0.9644709365378694,Nouveaux clients,"Mail de bienvenue, code promo sur la 2e commande"
13450.0,27,6,2043.7199999999998,3,1.2396174451973445,0.2984248587671177,Clients fidèles,"Fidélité à paliers, recommandations de produits complémentaires"
13451.0,26,5,2898.2599999999998,3,1.280144988463062,0.34331387682518344,Clients fidèles,"Fidélité à paliers, recommandations de produits complémentaires"
13452.0,259,2,590.0,1,-0.9708742637314606,0.9332811686769957,Clients perdus,"Campagne de réactivation avec remise, à faible coût"
13453.0,166,2,356.97999999999996,1,-1.0406669359276846,0.46964412661747984,Clients perdus,"Campagne de réactivation avec remise, à faible coût"
13455.0,25,2,1058.34,2,0.18655225648272353,-0.3146691123792346,Nouveaux clients,"Mail de bienvenue, code promo sur la 2e commande"
13456.0,18,6,1766.72,3,1.3183530724896872,-0.0006484168150799445,Clients fidèles,"Fidélité à paliers, recommandations de produits complémentaires"
13458.0,7,14,9646.57,0,3.148095009172452,0.3628806850982602,Champions,"Programme VIP, avant-premières, remerciements personnalisés"
13460.0,29,2,183.44,2,-0.7009596332115838,-0.8612770680422279,Nouveaux clients,"Mail de bienvenue, code promo sur la 2e commande"
13461.0,39,3,1445.0,3,0.4310552721436881,0.1828579445015494,Clients fidèles,"Fidélité à paliers, recommandations de produits complémentaires"
13462.0,253,1,151.5,1,-1.9749152815254403,0.2683854847014425,Clients perdus,"Campagne de réactivation avec remise, à faible coût"
13464.0,58,1,674.68,1,-0.7081912797546779,-0.11493442580952014,Clients perdus,"Campagne de réactivation avec remise, à faible coût"
13466.0,184,1,307.9,1,-1.5175587835517341,0.32466775281525745,Clients perdus,"Campagne de réactivation avec remise, à faible coût"
13467.0,11,2,1071.91,2,0.48790587236977306,-0.8005326695617165,Nouveaux clients,"Mail de bienvenue, code promo sur la 2e commande"
13468.0,2,37,5704.97,0,4.115056851116796,-0.092877084509168,Champions,"Programme VIP, avant-premières, remerciements personnalisés"
13470.0,99,2,165.0,1,-1.2109561378721752,-0.1358957369296153,Clients perdus,"Campagne de réactivation avec remise, à faible coût"
13471.0,1,4,2501.84,0,2.0388184933612794,-1.4316322668649835,Champions,"Programme VIP, avant-premières, remerciements personnalisés"
13473.0,61,2,422.64,1,-0.5820110921446316,-0.09754302587635634,Clients perdus,"Campagne de réactivation avec remise, à faible coût"
13474.0,236,1,226.84,1,-1.7571766549207657,0.37082725671989825,Clients perdus,"Campagne de réactivation avec remise, à faible coût"
13475.0,191,4,1431.78,3,0.029882046576511015,1.2605585433082105,Clients fidèles,"Fidélité à paliers, recommandations de produits complémentaires"
13476.0,179,2,1238.47,3,-0.477571210519662,0.9700484208165636,Clients fidèles,"Fidélité à paliers, recommandations de produits complémentaires"
13477.0,38,6,1454.58,3,0.9511463152406997,0.38471522589304785,Clients fidèles,"Fidélité à paliers, recommandations de produits complémentaires"
13479.0,201,2,300.95,1,-1.1944326700744674,0.5282875380927942,Clients perdus,"Campagne de réactivation avec remise, à faible coût"
13481.0,46,5,1804.56,3,0.8428115706562207,0.5222835137287674,Clients fidèles,"Fidélité à paliers, recommandations de produits complémentaires"
13482.0,232,1,184.64,1,-1.8482678985042826,0.2853414676551484,Clients perdus,"Campagne de réactivation avec remise, à faible coût"
13483.0,66,1,140.34,1,-1.5021736157887247,-0.6047403352059363,Clients perdus,"Campagne de réactivation avec remise, à faible coût"
13484.0,241,1,313.8,1,-1.6111187100292492,0.5019523253466606,Clients perdus,"Campagne de réactivation avec remise, à faible coût"
13485.0,233,1,454.24,1,-1.4225262098266018,0.6151311706748386,Clients perdus,"Campagne de réactivation avec remise, à faible coût"
13486.0,78,3,1122.41,3,0.05086936054400379,0.5225616109610987,Clients fidèles,"Fidélité à paliers, recommandations de produits complémentaires"
13487.0,58,3,575.4,3,-0.15558840621571676,0.09405502766237082,Clients fidèles,"Fidélité à paliers, recommandations de produits complémentaires"
13488.0,17,13,8968.31,0,2.7411208508075466,0.8241778960039349,Champions,"Programme VIP, avant-premières, remerciements personnalisés"
13489.0,105,4,449.52,3,-0.2944724273916295,0.461836488270789,Clients fidèles,"Fidélité à paliers, recommandations de produits complémentaires"
13491.0,52,10,1215.82,3,1.1583531942216752,0.6880367263745514,Clients fidèles,"Fidélité à paliers, recommandations de produits complémentaires"
13492.0,136,3,1269.84,3,-0.10063492703530363,0.9167763037011201,Clients fidèles,"Fidélité à paliers, recommandations de produits complémentaires"
13493.0,275,2,498.63,1,-1.07369950062277,0.9099286693382842,Clients perdus,"Campagne de réactivation avec remise, à faible coût"
13494.0,312,1,316.26000000000005,1,-1.7056623563330042,0.6679974772800072,Clients perdus,"Campagne de réactivation avec remise, à faible coût"
13495.0,8,5,2044.8700000000001,0,1.5336126754074937,-0.4807553536382626,Champions,"Programme VIP, avant-premières, remerciements personnalisés"
13496.0,11,2,653.33,2,0.2522959026955063,-0.980845523841073,Nouveaux clients,"Mail de bienvenue, code promo sur la 2e commande"
13497.0,283,2,348.05,1,-1.2554897310459776,0.7972822101805118,Clients perdus,"Campagne de réactivation avec remise, à faible coût"
13499.0,18,5,1159.11,3,0.9779533646500272,-0.2135831793773599,Clients fidèles,"Fidélité à paliers, recommandations de produits complémentaires"
13500.0,23,3,1166.77,3,0.524326382359491,-0.21912711832932388,Clients fidèles,"Fidélité à paliers, recommandations de produits complémentaires"
13501.0,288,1,1340.32,1,-0.9883119075369088,1.1430611172000473,Clients perdus,"Campagne de réactivation avec remise, à faible coût"
13502.0,17,3,292.0,2,-0.024573269042632004,-0.9057870043805251,Nouveaux clients,"Mail de bienvenue, code promo sur la 2e commande"
13503.0,71,1,216.85,1,-1.3235332249548004,-0.4013309064209919,Clients perdus,"Campagne de réactivation avec remise, à faible coût"
13504.0,64,1,295.93,1,-1.13692221063701,-0.35329558242587394,Clients perdus,"Campagne de réactivation avec remise, à faible coût"
13505.0,73,4,3633.63,3,0.8375238463095751,0.9951355362914392,Clients fidèles,"Fidélité à paliers, recommandations de produits complémentaires"
13506.0,316,2,458.52,1,-1.1664657817358082,0.9672787524455175,Clients perdus,"Campagne de réactivation avec remise, à faible coût"
13507.0,3,4,2479.16,0,1.7697613588257073,-0.9952251380177592,Champions,"Programme VIP, avant-premières, remerciements personnalisés"
13508.0,244,1,110.97,1,-2.108326914042991,0.13285473399420802,Clients perdus,"Campagne de réactivation avec remise, à faible coût"
13509.0,9,6,964.72,3,1.2754392615299996,-0.6282757867330026,Clients fidèles,"Fidélité à paliers, recommandations de produits complémentaires"
13510.0,1,4,1791.56,0,1.8797905127163588,-1.5533367479614797,Champions,"Programme VIP, avant-premières, remerciements personnalisés"
13512.0,261,1,251.21,1,-1.7470608280745008,0.47149921247750165,Clients perdus,"Campagne de réactivation avec remise, à faible coût"
13513.0,127,1,205.1,1,-1.5696872726907543,-0.056541739323270696,Clients perdus,"Campagne de réactivation avec remise, à faible coût"
13514.0,74,1,152.20000000000002,1,-1.5068614952631683,-0.503804027335299,Clients perdus,"Campagne de réactivation avec remise, à faible coût"
13515.0,73,4,891.12,3,0.1682816265541581,0.4829629189137314,Clients fidèles,"Fidélité à paliers, recommandations de produits complémentaires"
13516.0,21,3,1389.41,3,0.6406976328954264,-0.2106985730056913,Clients fidèles,"Fidélité à paliers, recommandations de produits complémentaires"
13517.0,60,3,2128.42,3,0.4542980483688179,0.591694328149525,Clients fidèles,"Fidélité à paliers, recommandations de produits complémentaires"
13518.0,86,1,627.16,1,-0.8912585472468398,0.10485437164120633,Clients perdus,"Campagne de réactivation avec remise, à faible coût"
13519.0,78,1,122.75,1,-1.628417047338822,-0.548681355076327,Clients perdus,"Campagne de réactivation avec remise, à faible coût"
13520.0,59,6,2984.35,3,1.1288613025103211,0.9199135752205841,Clients fidèles,"Fidélité à paliers, recommandations de produits complémentaires"
13521.0,1,3,1070.47,2,1.432333039437981,-1.826910513709744,Nouveaux clients,"Mail de bienvenue, code promo sur la 2e commande"
13522.0,30,1,125.80000000000001,2,-1.2595546931390487,-1.1332514074143551,Nouveaux clients,"Mail de bienvenue, code promo sur la 2e commande"
13523.0,33,5,3964.88,3,1.341362183938733,0.6037823905003713,Clients fidèles,"Fidélité à paliers, recommandations de produits complémentaires"
13524.0,41,5,680.1800000000001,3,0.42133107985150864,0.09549379418146622,Clients fidèles,"Fidélité à paliers, recommandations de produits complémentaires"
13525.0,15,2,628.78,2,0.12420734612978013,-0.8122862778473035,Nouveaux clients,"Mail de bienvenue, code promo sur la 2e commande"
13527.0,34,7,2242.36,3,1.319611967617775,0.5252143919050883,Clients fidèles,"Fidélité à paliers, recommandations de produits complémentaires"
13529.0,79,2,307.76,1,-0.8300656050393659,-0.051179276609384546,Clients perdus,"Campagne de réactivation avec remise, à faible coût"
13531.0,205,2,483.8,1,-0.9763372081222509,0.7133670382591291,Clients perdus,"Campagne de réactivation avec remise, à faible coût"
13532.0,34,1,210.31,2,-1.0625766553056997,-0.870042460992783,Nouveaux clients,"Mail de bienvenue, code promo sur la 2e commande"
13533.0,183,3,269.09,1,-0.951139039495649,0.5392086872046861,Clients perdus,"Campagne de réactivation avec remise, à faible coût"
13534.0,2,25,5870.08,0,3.7846511432637384,-0.22861940262494157,Champions,"Programme VIP, avant-premières, remerciements personnalisés"
13536.0,1,7,3444.39,0,2.6171400496362867,-1.1340937734474796,Champions,"Programme VIP, avant-premières, remerciements personnalisés"
13538.0,43,7,1280.85,3,0.9655636209289609,0.4663204913860614,Clients fidèles,"Fidélité à paliers, recommandations de produits complémentaires"
13539.0,86,3,631.34,3,-0.2597804134887113,0.3742072440372092,Clients fidèles,"Fidélité à paliers, recommandations de produits complémentaires"
13544.0,40,2,276.06,2,-0.6263891327528444,-0.5147405282832896,Nouveaux clients,"Mail de bienvenue, code promo sur la 2e commande"
13546.0,12,3,621.09,2,0.4584291021806056,-0.8377026346774704,Nouveaux clients,"Mail de bienvenue, code promo sur la 2e commande"
13548.0,96,2,678.16,1,-0.5280768302235084,0.35848780841485706,Clients perdus,"Campagne de réactivation avec remise, à faible coût"
13549.0,26,7,918.2,3,0.9936264470449431,0.035256250022263395,Clients fidèles,"Fidélité à paliers, recommandations de produits complémentaires"
13551.0,319,1,91.80000000000001,1,-2.2997895978266296,0.23380638437922563,Clients perdus,"Campagne de réactivation avec remise, à faible coût"
13552.0,66,12,3740.07,0,1.7553714109135274,1.3105915705608007,Champions,"Programme VIP, avant-premières, remerciements personnalisés"
13555.0,74,4,4098.88,3,0.8897852747445391,1.047570009022178,Clients fidèles,"Fidélité à paliers, recommandations de produits complémentaires"
13557.0,28,2,584.06,2,-0.13801043694365733,-0.4618662236245803,Nouveaux clients,"Mail de bienvenue, code promo sur la 2e commande"
13558.0,6,4,594.52,2,0.8763231791134134,-1.1603975083449323,Nouveaux clients,"Mail de bienvenue, code promo sur la 2e commande"
13560.0,7,1,171.42000000000002,2,-0.5958179667383456,-1.8805060116562253,Nouveaux clients,"Mail de bienvenue, code promo sur la 2e commande"
13561.0,216,1,141.85999999999999,1,-1.945900013422755,0.1446992175452995,Clients perdus,"Campagne de réactivation avec remise, à faible coût"
13562.0,82,3,1799.33,3,0.2566971774116267,0.7258527909889134,Clients fidèles,"Fidélité à paliers, recommandations de produits complémentaires"
13563.0,84,2,777.53,3,-0.4125831089141016,0.3244999276346971,Clients fidèles,"Fidélité à paliers, recommandations de produits complémentaires"
13564.0,354,2,1174.03,1,-0.7623871976843613,1.3814346631908843,Clients perdus,"Campagne de réactivation avec remise, à faible coût"
13565.0,19,2,240.22,2,-0.41823792070731836,-1.0206409494492081,Nouveaux clients,"Mail de bienvenue, code promo sur la 2e commande"
13566.0,41,2,856.84,3,-0.09712351372151651,-0.08736190171683338,Clients fidèles,"Fidélité à paliers, recommandations de produits complémentaires"
13568.0,173,1,187.05,1,-1.7306110767126213,0.1048131168126264,Clients perdus,"Campagne de réactivation avec remise, à faible coût"
13569.0,17,2,337.12,2,-0.2171087006902019,-0.9643504902442763,Nouveaux clients,"Mail de bienvenue, code promo sur la 2e commande"
13570.0,243,1,239.49,1,-1.7425487587145347,0.40899554391791326,Clients perdus,"Campagne de réactivation avec remise, à faible coût"
13571.0,13,12,2088.94,0,2.075900912570866,0.10506972299953113,Champions,"Programme VIP, avant-premières, remerciements personnalisés"
13572.0,206,1,1384.25,1,-0.8455113437730576,0.9431103565455543,Clients perdus,"Campagne de réactivation avec remise, à faible coût"
13573.0,50,2,290.25,1,-0.6859450564971786,-0.3580702616077636,Clients perdus,"Campagne de réactivation avec remise, à faible coût"
13575.0,23,5,732.0699999999999,3,0.670032045954205,-0.23275271503533249,Clients fidèles,"Fidélité à paliers, recommandations de produits complémentaires"
13576.0,10,18,6717.34,0,3.068345692670236,0.5239949594482503,Champions,"Programme VIP, avant-premières, remerciements personnalisés"
13577.0,25,4,1687.6000000000001,3,0.87174476495397,0.05205950028093924,Clients fidèles,"Fidélité à paliers, recommandations de produits complémentaires"
13579.0,15,2,467.04,2,-0.017209119274034002,-0.9205126256300926,Nouveaux clients,"Mail de bienvenue, code promo sur la 2e commande"
13581.0,309,1,118.0,1,-2.169183942359835,0.3043386977852544,Clients perdus,"Campagne de réactivation avec remise, à faible coût"
13583.0,156,1,781.03,1,-1.012326667171978,0.5592475874518927,Clients perdus,"Campagne de réactivation avec remise, à faible coût"
13584.0,307,1,142.4,1,-2.077848409873224,0.3682401210673809,Clients perdus,"Campagne de réactivation avec remise, à faible coût"
13587.0,64,1,712.4,1,-0.7192975328033977,-0.033686451361587245,Clients perdus,"Campagne de réactivation avec remise, à faible coût"
13588.0,16,9,2478.95,0,1.8454459331797106,0.18959087549431647,Champions,"Programme VIP, avant-premières, remerciements personnalisés"
13589.0,15,2,379.65,2,-0.11567736312778229,-0.9958706002085523,Nouveaux clients,"Mail de bienvenue, code promo sur la 2e commande"
13590.0,11,6,1981.92,0,1.548587019127402,-0.2502836599428078,Champions,"Programme VIP, avant-premières, remerciements personnalisés"
13591.0,65,3,1117.13,3,0.11728965267106546,0.4067847271866265,Clients fidèles,"Fidélité à paliers, recommandations de produits complémentaires"
13592.0,36,4,247.95999999999998,2,-0.1750873096797127,-0.42213529719180254,Nouveaux clients,"Mail de bienvenue, code promo sur la 2e commande"
13593.0,108,5,2011.88,3,0.573335893035067,1.0955663716067325,Clients fidèles,"Fidélité à paliers, recommandations de produits complémentaires"
13594.0,53,1,396.97,1,-0.9265739014903734,-0.3641227331548318,Clients perdus,"Campagne de réactivation avec remise, à faible coût"
13596.0,6,2,664.11,2,0.4659296177237341,-1.3168218517513801,Nouveaux clients,"Mail de bienvenue, code promo sur la 2e commande"
13598.0,47,1,160.04,1,-1.3126412469062945,-0.7687267117974049,Clients perdus,"Campagne de réactivation avec remise, à faible coût"
13599.0,1,21,5149.92,0,3.725723708033389,-0.5978920022482905,Champions,"Programme VIP, avant-premières, remerciements personnalisés"
13600.0,312,1,219.52,1,-1.8789607342635384,0.5353718281623666,Clients perdus,"Campagne de réactivation avec remise, à faible coût"
13601.0,45,2,693.32,3,-0.2326270879187567,-0.10676248225463138,Clients fidèles,"Fidélité à paliers, recommandations de produits complémentaires"
13602.0,65,1,428.89,1,-0.9664531822281044,-0.20868736616290326,Clients perdus,"Campagne de réactivation avec remise, à faible coût"
13603.0,26,1,164.34,2,-1.0803488908726915,-1.1241242635888935,Nouveaux clients,"Mail de bienvenue, code promo sur la 2e commande"
13606.0,29,3,276.75,2,-0.24512932078494948,-0.6012134014516115,Nouveaux clients,"Mail de bienvenue, code promo sur la 2e commande"
13607.0,40,1,675.51,2,-0.5686042453392536,-0.3453831426300076,Nouveaux clients,"Mail de bienvenue, code promo sur la 2e commande"
13610.0,12,7,1082.33,3,1.3510354158038882,-0.36850776277119945,Clients fidèles,"Fidélité à paliers, recommandations de produits complémentaires"
13611.0,89,3,1154.4,3,0.01446037396867757,0.6154998288857257,Clients fidèles,"Fidélité à paliers, recommandations de produits complémentaires"
13614.0,24,4,1585.46,3,0.8569960204639837,0.004427679907962643,Clients fidèles,"Fidélité à paliers, recommandations de produits complémentaires"
13615.0,319,1,417.69,1,-1.581939549255408,0.7831786854809172,Clients perdus,"Campagne de réactivation avec remise, à faible coût"
13617.0,40,3,544.18,3,-0.04311743952568665,-0.15714567845278773,Clients fidèles,"Fidélité à paliers, recommandations de produits complémentaires"
13618.0,174,1,177.34,1,-1.7580588364870127,0.08911771457460635,Clients perdus,"Campagne de réactivation avec remise, à faible coût"
13621.0,117,1,213.85,1,-1.5188106641412207,-0.09298613830751416,Clients perdus,"Campagne de réactivation avec remise, à faible coût"
13623.0,31,5,727.74,3,0.5573407556778399,-0.05240990556768943,Clients fidèles,"Fidélité à paliers, recommandations de produits complémentaires"
13626.0,253,1,257.23,1,-1.723979066929687,0.4604275496377093,Clients perdus,"Campagne de réactivation avec remise, à faible coût"
13627.0,59,5,1638.47,3,0.7035744824146921,0.6420145094772167,Clients fidèles,"Fidélité à paliers, recommandations de produits complémentaires"
13629.0,23,11,7792.36,0,2.4245610946953913,0.8960736179345038,Champions,"Programme VIP, avant-premières, remerciements personnalisés"
13630.0,5,7,2031.78,0,1.9461814014961851,-0.6295313403962872,Champions,"Programme VIP, avant-premières, remerciements personnalisés"
13631.0,100,11,3070.42,3,1.4320985510456021,1.468223170368663,Clients fidèles,"Fidélité à paliers, recommandations de produits complémentaires"
13632.0,25,5,2118.93,3,1.1453970321361968,0.20521820759385925,Clients fidèles,"Fidélité à paliers, recommandations de produits complémentaires"
13634.0,33,5,1547.3600000000001,3,0.8932519685975988,0.2608426071304064,Clients fidèles,"Fidélité à paliers, recommandations de produits complémentaires"
13635.0,68,1,1071.03,1,-0.5480651361565398,0.15269798958551067,Clients perdus,"Campagne de réactivation avec remise, à faible coût"
13636.0,37,5,949.12,3,0.6180961760739504,0.1533344582764384,Clients fidèles,"Fidélité à paliers, recommandations de produits complémentaires"
13637.0,52,3,803.05,3,0.043958597339644,0.14738783052394028,Clients fidèles,"Fidélité à paliers, recommandations de produits complémentaires"
13638.0,16,1,122.64,2,-1.042136927086949,-1.5235788825807564,Nouveaux clients,"Mail de bienvenue, code promo sur la 2e commande"
13639.0,74,1,1033.34,1,-0.5969615909864594,0.1925444721593128,Clients perdus,"Campagne de réactivation avec remise, à faible coût"
13642.0,216,1,312.28,1,-1.5717811283488696,0.4310132648699726,Clients perdus,"Campagne de réactivation avec remise, à faible coût"
13643.0,31,3,519.44,2,0.029407036992243233,-0.33130432274041305,Nouveaux clients,"Mail de bienvenue, code promo sur la 2e commande"
13644.0,16,4,2624.26,3,1.2442571560821005,-0.05658148225158801,Clients fidèles,"Fidélité à paliers, recommandations de produits complémentaires"
13645.0,120,1,252.1,1,-1.4503361807214188,-0.017317609100749733,Clients perdus,"Campagne de réactivation avec remise, à faible coût"
13647.0,10,4,1648.1200000000001,3,1.188992816870227,-0.5022706499188422,Clients fidèles,"Fidélité à paliers, recommandations de produits complémentaires"
13649.0,257,2,346.6,1,-1.2208040763814219,0.7348535339790206,Clients perdus,"Campagne de réactivation avec remise, à faible coût"
13650.0,17,6,1836.34,3,1.3574061059470237,-0.020863393265190038,Clients fidèles,"Fidélité à paliers, recommandations de produits complémentaires"
13651.0,40,1,79.2,1,-1.5845839167292934,-1.1229147330436418,Clients perdus,"Campagne de réactivation avec remise, à faible coût"
13652.0,46,3,1095.08,3,0.23746138280444523,0.18414209379600688,Clients fidèles,"Fidélité à paliers, recommandations de produits complémentaires"
13654.0,43,6,2707.33,3,1.200914311731815,0.687645323364713,Clients fidèles,"Fidélité à paliers, recommandations de produits complémentaires"
13655.0,114,2,932.97,3,-0.44129702592728837,0.5826390523311765,Clients fidèles,"Fidélité à paliers, recommandations de produits complémentaires"
13656.0,165,2,379.65,1,-1.0091180110936278,0.4882230025746859,Clients perdus,"Campagne de réactivation avec remise, à faible coût"
13657.0,11,2,382.14,2,-0.0027021314896186364,-1.1759961086958304,Nouveaux clients,"Mail de bienvenue, code promo sur la 2e commande"
13658.0,10,5,2639.17,0,1.5784772041540163,-0.26046535340760824,Champions,"Programme VIP, avant-premières, remerciements personnalisés"
13659.0,206,2,1563.0,3,-0.4201446895010312,1.1435099622931337,Clients fidèles,"Fidélité à paliers, recommandations de produits complémentaires"
13662.0,86,3,881.26,3,-0.10109630526652598,0.49564855877390734,Clients fidèles,"Fidélité à paliers, recommandations de produits complémentaires"
13663.0,179,1,189.47,1,-1.7374662318578273,0.13098232718300484,Clients perdus,"Campagne de réactivation avec remise, à faible coût"
13666.0,60,3,84.65,1,-1.0766752392253411,-0.5799630668800687,Clients perdus,"Campagne de réactivation avec remise, à faible coût"
13667.0,149,1,299.05,1,-1.4513138364985039,0.18102389997662963,Clients perdus,"Campagne de réactivation avec remise, à faible coût"
13668.0,3,21,6309.83,0,3.5577654693181127,-0.0841136547932495,Champions,"Programme VIP, avant-premières, remerciements personnalisés"
13669.0,51,2,218.55,1,-0.8280049472072931,-0.4487949092844189,Clients perdus,"Campagne de réactivation avec remise, à faible coût"
13670.0,75,1,349.7,1,-1.1173356204613754,-0.19342504998022594,Clients perdus,"Campagne de réactivation avec remise, à faible coût"
13672.0,301,2,186.39000000000001,1,-1.5753181526350137,0.6094630919909069,Clients perdus,"Campagne de réactivation avec remise, à faible coût"
13673.0,19,2,387.44,2,-0.19124620301395157,-0.8469236633273586,Nouveaux clients,"Mail de bienvenue, code promo sur la 2e commande"
13675.0,151,2,486.82000000000005,1,-0.8572793936964732,0.5227792792590065,Clients perdus,"Campagne de réactivation avec remise, à faible coût"
13678.0,152,1,232.6,1,-1.57814902447948,0.10230709465333468,Clients perdus,"Campagne de réactivation avec remise, à faible coût"
13680.0,1,4,3719.12,0,2.2276473159557924,-1.2871211325556036,Champions,"Programme VIP, avant-premières, remerciements personnalisés"
13681.0,18,4,827.83,3,0.6524774896493762,-0.4064026135165379,Clients fidèles,"Fidélité à paliers, recommandations de produits complémentaires"
13682.0,187,1,59.5,1,-2.3004836460450444,-0.2595999478210865,Clients perdus,"Campagne de réactivation avec remise, à faible coût"
13684.0,286,1,65.13,1,-2.419653542916282,0.04121683691077828,Clients perdus,"Campagne de réactivation avec remise, à faible coût"
13685.0,3,7,3119.44,0,2.3052220113268502,-0.7304881933086692,Champions,"Programme VIP, avant-premières, remerciements personnalisés"
13686.0,183,1,72.0,1,-2.2027864333377303,-0.20476115312630128,Clients perdus,"Campagne de réactivation avec remise, à faible coût"
13689.0,63,1,910.0,1,-0.596885561692387,0.045628482529291144,Clients perdus,"Campagne de réactivation avec remise, à faible coût"
13690.0,59,1,172.25,1,-1.3630422114505836,-0.6005187417548586,Clients perdus,"Campagne de réactivation avec remise, à faible coût"
13692.0,25,3,1488.32,3,0.609639622535547,-0.07966369831647198,Clients fidèles,"Fidélité à paliers, recommandations de produits complémentaires"
13694.0,4,50,65039.62,0,5.346112060380181,1.2318099038720378,Champions,"Programme VIP, avant-premières, remerciements personnalisés"
13695.0,31,15,2504.13,0,2.034737109194662,0.7755418103817194,Champions,"Programme VIP, avant-premières, remerciements personnalisés"
13697.0,39,1,151.29999999999998,1,-1.269596565012047,-0.904736033933306,Clients perdus,"Campagne de réactivation avec remise, à faible coût"
13699.0,155,1,308.58000000000004,1,-1.451395472381257,0.21730599597778028,Clients perdus,"Campagne de réactivation avec remise, à faible coût"
13700.0,26,10,2248.63,0,1.7087209859134431,0.4842386914008476,Champions,"Programme VIP, avant-premières, remerciements personnalisés"
13703.0,318,1,99.5,1,-2.260616420297976,0.2608853365884709,Clients perdus,"Campagne de réactivation avec remise, à faible coût"
13704.0,5,9,2308.06,0,2.209170850749778,-0.4971313797343139,Champions,"Programme VIP, avant-premières, remerciements personnalisés"
13705.0,8,3,711.86,2,0.6637587408924874,-1.0213221021526941,Nouveaux clients,"Mail de bienvenue, code promo sur la 2e commande"
13706.0,303,1,330.79,1,-1.6731844992338245,0.6658168699256568,Clients perdus,"Campagne de réactivation avec remise, à faible coût"
13707.0,267,2,806.41,1,-0.8337903591539757,1.0662747893146665,Clients perdus,"Campagne de réactivation avec remise, à faible coût"
13708.0,271,1,283.33,1,-1.7042533119536956,0.5389706207107946,Clients perdus,"Campagne de réactivation avec remise, à faible coût"
13709.0,4,13,6307.650000000001,0,3.0626683708002984,-0.1167411975617095,Champions,"Programme VIP, avant-premières, remerciements personnalisés"
13710.0,32,1,180.48,2,-1.1126104296400736,-0.962859021062681,Nouveaux clients,"Mail de bienvenue, code promo sur la 2e commande"
13711.0,219,2,252.06,1,-1.3111890130777373,0.5180338627532411,Clients perdus,"Campagne de réactivation avec remise, à faible coût"
13712.0,247,1,228.84,1,-1.770339377942273,0.4027954199685309,Clients perdus,"Campagne de réactivation avec remise, à faible coût"
13715.0,281,5,1077.39,3,-0.08703966888816894,1.4710320239755124,Clients fidèles,"Fidélité à paliers, recommandations de produits complémentaires"
13716.0,269,1,138.28,1,-2.0414483992484813,0.2740755333331518,Clients perdus,"Campagne de réactivation avec remise, à faible coût"
13717.0,32,6,1445.01,3,1.011803178159757,0.2763324214694365,Clients fidèles,"Fidélité à paliers, recommandations de produits complémentaires"
13718.0,246,2,306.55,1,-1.2624874780777735,0.6625770573558779,Clients perdus,"Campagne de réactivation avec remise, à faible coût"
13719.0,15,5,1041.68,3,0.9927384470718652,-0.361516221843054,Clients fidèles,"Fidélité à paliers, recommandations de produits complémentaires"
13720.0,117,4,799.9,3,-0.0613165683943983,0.7396521860841787,Clients fidèles,"Fidélité à paliers, recommandations de produits complémentaires"
13721.0,36,1,524.14,2,-0.6500743170504392,-0.5028586763045776,Nouveaux clients,"Mail de bienvenue, code promo sur la 2e commande"
13722.0,132,3,2375.41,3,0.20889394387850085,1.12620063110564,Clients fidèles,"Fidélité à paliers, recommandations de produits complémentaires"
13723.0,217,1,199.85000000000002,1,-1.7853348101224966,0.27184068782547216,Clients perdus,"Campagne de réactivation avec remise, à faible coût"
13725.0,50,8,1980.56,3,1.223476225148934,0.7641609773790587,Clients fidèles,"Fidélité à paliers, recommandations de produits complémentaires"
13726.0,39,2,1079.6599999999999,3,0.031525379297835436,-0.03411888087529786,Clients fidèles,"Fidélité à paliers, recommandations de produits complémentaires"
13727.0,29,2,333.48,2,-0.41735519710336527,-0.6442339376871821,Nouveaux clients,"Mail de bienvenue, code promo sur la 2e commande"
13728.0,37,6,1016.14,3,0.7903046169951811,0.2375520555810232,Clients fidèles,"Fidélité à paliers, recommandations de produits complémentaires"
13730.0,136,2,752.6,1,-0.6103864762054684,0.6154465900203036,Clients perdus,"Campagne de réactivation avec remise, à faible coût"
13731.0,219,2,610.59,1,-0.8907582460034649,0.8397905003981938,Clients perdus,"Campagne de réactivation avec remise, à faible coût"
13732.0,28,1,491.86,2,-0.5872579865241138,-0.680541933739741,Nouveaux clients,"Mail de bienvenue, code promo sur la 2e commande"
13735.0,25,4,2883.54,3,1.1268639610725097,0.2473028106433406,Clients fidèles,"Fidélité à paliers, recommandations de produits complémentaires"
13736.0,5,2,729.8,2,0.5696763313925827,-1.3802707239928007,Nouveaux clients,"Mail de bienvenue, code promo sur la 2e commande"
13737.0,200,1,339.59999999999997,1,-1.5026935606968743,0.4129103867925939,Clients perdus,"Campagne de réactivation avec remise, à faible coût"
13739.0,18,1,216.9,2,-0.8146325917591636,-1.2464000739574004,Nouveaux clients,"Mail de bienvenue, code promo sur la 2e commande"
13740.0,241,1,350.75,1,-1.5582414823859092,0.5424193898598109,Clients perdus,"Campagne de réactivation avec remise, à faible coût"
13741.0,72,3,668.4300000000001,3,-0.16561776196134828,0.28368749815070604,Clients fidèles,"Fidélité à paliers, recommandations de produits complémentaires"
13742.0,17,12,3107.87,0,2.169128514614918,0.4093020116702716,Champions,"Programme VIP, avant-premières, remerciements personnalisés"
13743.0,3,7,1341.6,0,1.9034056694647954,-1.0379991683213279,Champions,"Programme VIP, avant-premières, remerciements personnalisés"
13744.0,95,2,1080.52,3,-0.30244615929806473,0.521560621193847,Clients fidèles,"Fidélité à paliers, recommandations de produits complémentaires"
13745.0,162,1,300.04,1,-1.4814868629276443,0.2349523212063757,Clients perdus,"Campagne de réactivation avec remise, à faible coût"
13747.0,374,1,79.6,1,-2.42751626634273,0.28303104481579405,Clients perdus,"Campagne de réactivation avec remise, à faible coût"
13748.0,96,5,948.25,3,0.25976206904209526,0.7475039359988143,Clients fidèles,"Fidélité à paliers, recommandations de produits complémentaires"
13750.0,54,5,1647.26,3,0.7393526489915899,0.5887649813987755,Clients fidèles,"Fidélité à paliers, recommandations de produits complémentaires"
13751.0,288,1,296.25,1,-1.7062342791223686,0.5936334671284231,Clients perdus,"Campagne de réactivation avec remise, à faible coût"
13752.0,124,6,1175.38,3,0.404850836636073,1.0459722962295608,Clients fidèles,"Fidélité à paliers, recommandations de produits complémentaires"
13753.0,288,1,741.26,1,-1.2702283119516282,0.9273098414010276,Clients perdus,"Campagne de réactivation avec remise, à faible coût"
13754.0,152,2,282.59999999999997,1,-1.1181980281262074,0.329174177319079,Clients perdus,"Campagne de réactivation avec remise, à faible coût"
13755.0,4,9,2108.06,0,2.235636417551599,-0.6458287369642911,Champions,"Programme VIP, avant-premières, remerciements personnalisés"
13756.0,2,14,5189.52,0,3.2273496767302694,-0.4853684246972703,Champions,"Programme VIP, avant-premières, remerciements personnalisés"
13758.0,12,7,3190.55,0,1.8658170525567368,0.025455813480824478,Champions,"Programme VIP, avant-premières, remerciements personnalisés"
13759.0,33,2,659.4100000000001,2,-0.14103943332551283,-0.3167841902817535,Nouveaux clients,"Mail de bienvenue, code promo sur la 2e commande"
13760.0,54,2,286.79,1,-0.7204761274862402,-0.3145265521643408,Clients perdus,"Campagne de réactivation avec remise, à faible coût"
13761.0,50,2,1070.65,3,-0.06524727352909918,0.1169511861118437,Clients fidèles,"Fidélité à paliers, recommandations de produits complémentaires"
13762.0,219,1,306.72,1,-1.5855565450464573,0.43319423425886755,Clients perdus,"Campagne de réactivation avec remise, à faible coût"
13763.0,63,1,1714.96,3,-0.29520857438566184,0.27650257808168305,Clients fidèles,"Fidélité à paliers, recommandations de produits complémentaires"
13764.0,71,3,1516.42,3,0.2295430160485545,0.5733231272356286,Clients fidèles,"Fidélité à paliers, recommandations de produits complémentaires"
13767.0,2,37,17220.36,0,4.64135432890811,0.3098995915023604,Champions,"Programme VIP, avant-premières, remerciements personnalisés"
13769.0,2,10,2796.51,0,2.65171127549069,-0.8301859348397695,Champions,"Programme VIP, avant-premières, remerciements personnalisés"
13771.0,64,4,2634.45,3,0.7338947374768618,0.7956596760591543,Clients fidèles,"Fidélité à paliers, recommandations de produits complémentaires"
13772.0,34,3,1122.63,3,0.36187576686048345,0.006175466861925865,Clients fidèles,"Fidélité à paliers, recommandations de produits complémentaires"
13774.0,82,1,345.0,1,-1.157413054614922,-0.14245023485143907,Clients perdus,"Campagne de réactivation avec remise, à faible coût"
13777.0,1,33,25977.16,0,4.891251455518631,0.1597413892048883,Champions,"Programme VIP, avant-premières, remerciements personnalisés"
13778.0,103,1,178.7,1,-1.5556950666831633,-0.2382461859227051,Clients perdus,"Campagne de réactivation avec remise, à faible coût"
13780.0,7,2,360.01,2,0.12380326077959204,-1.4549127009899732,Nouveaux clients,"Mail de bienvenue, code promo sur la 2e commande"
13781.0,251,1,127.84,1,-2.0522214003019172,0.2018974580152128,Clients perdus,"Campagne de réactivation avec remise, à faible coût"
13782.0,13,6,908.86,3,1.1185490083483947,-0.436546271429286,Clients fidèles,"Fidélité à paliers, recommandations de produits complémentaires"
13784.0,10,11,2462.79,0,2.1738529144876617,-0.01874174908999069,Champions,"Programme VIP, avant-premières, remerciements personnalisés"
13786.0,367,1,230.39999999999998,1,-1.9178390317830158,0.6556269274788427,Clients perdus,"Campagne de réactivation avec remise, à faible coût"
13787.0,76,2,309.04,1,-0.8134974605385122,-0.07391800468646834,Clients perdus,"Campagne de réactivation avec remise, à faible coût"
13790.0,4,1,348.8,2,-0.07926907738073914,-1.9207271839086306,Nouveaux clients,"Mail de bienvenue, code promo sur la 2e commande"
13791.0,128,2,1516.0,3,-0.254074078724037,0.8323770595801794,Clients fidèles,"Fidélité à paliers, recommandations de produits complémentaires"
13792.0,66,2,195.55,1,-0.9775244475755666,-0.3283595921002685,Clients perdus,"Campagne de réactivation avec remise, à faible coût"
13798.0,1,57,37153.85,0,5.5458717364605565,0.4958954820845844,Champions,"Programme VIP, avant-premières, remerciements personnalisés"
13799.0,117,2,688.86,1,-0.5954734511211148,0.48851148684513757,Clients perdus,"Campagne de réactivation avec remise, à faible coût"
13800.0,310,1,558.32,1,-1.433070609550882,0.8706723724717558,Clients perdus,"Campagne de réactivation avec remise, à faible coût"
13801.0,67,1,324.8,1,-1.1099462652919572,-0.2908391744337321,Clients perdus,"Campagne de réactivation avec remise, à faible coût"
13802.0,139,3,4599.42,3,0.5040225099847636,1.3995950492525207,Clients fidèles,"Fidélité à paliers, recommandations de produits complémentaires"
13803.0,255,1,277.07,1,-1.6917070430337058,0.49239342413954634,Clients perdus,"Campagne de réactivation avec remise, à faible coût"
13804.0,31,7,2588.39,3,1.4221804622800707,0.5206695955940697,Clients fidèles,"Fidélité à paliers, recommandations de produits complémentaires"
13805.0,52,2,924.6,3,-0.14974294600874816,0.08793191668070023,Clients fidèles,"Fidélité à paliers, recommandations de produits complémentaires"
13806.0,64,1,256.38,1,-1.2050264092344727,-0.4054158829992918,Clients perdus,"Campagne de réactivation avec remise, à faible coût"
13807.0,367,1,112.6,1,-2.2568116615565033,0.39621039055751567,Clients perdus,"Campagne de réactivation avec remise, à faible coût"
13808.0,6,5,1747.66,0,1.5548033000608223,-0.6974231090003754,Champions,"Programme VIP, avant-premières, remerciements personnalisés"
13809.0,305,1,155.05,1,-2.0350825377660486,0.39493199666569095,Clients perdus,"Campagne de réactivation avec remise, à faible coût"
13810.0,29,2,827.51,2,0.01480385433535793,-0.3135016169143983,Nouveaux clients,"Mail de bienvenue, code promo sur la 2e commande"
13811.0,184,2,519.75,1,-0.90119233028282,0.671239946130016,Clients perdus,"Campagne de réactivation avec remise, à faible coût"
13812.0,42,3,485.0,3,-0.11605397641248663,-0.1688287991185455,Clients fidèles,"Fidélité à paliers, recommandations de produits complémentaires"
13813.0,40,4,1168.8600000000001,3,0.522931671518504,0.20718654173940493,Clients fidèles,"Fidélité à paliers, recommandations de produits complémentaires"
13814.0,92,2,1579.12,3,-0.10968534586686413,0.6396604206287592,Clients fidèles,"Fidélité à paliers, recommandations de produits complémentaires"
13815.0,22,4,3667.36,3,1.2882142148372984,0.2571729081409021,Clients fidèles,"Fidélité à paliers, recommandations de produits complémentaires"
13816.0,24,2,499.67,2,-0.15554159584065477,-0.6128189002619252,Nouveaux clients,"Mail de bienvenue, code promo sur la 2e commande"
13817.0,29,2,328.98,2,-0.42380864520879474,-0.649172776435994,Nouveaux clients,"Mail de bienvenue, code promo sur la 2e commande"
13819.0,302,3,1140.35,3,-0.4549786077502441,1.3811405772740672,Clients fidèles,"Fidélité à paliers, recommandations de produits complémentaires"
13821.0,145,2,385.64,1,-0.9526488661536991,0.41247227591693836,Clients perdus,"Campagne de réactivation avec remise, à faible coût"
13822.0,6,2,632.0,2,0.44235422582796535,-1.3348641536512422,Nouveaux clients,"Mail de bienvenue, code promo sur la 2e commande"
13823.0,19,2,957.66,2,0.2391718941728381,-0.5175236988668731,Nouveaux clients,"Mail de bienvenue, code promo sur la 2e commande"
13824.0,33,5,1698.94,3,0.9377502065319073,0.2948972114556386,Clients fidèles,"Fidélité à paliers, recommandations de produits complémentaires"
13826.0,176,1,189.5,1,-1.730972383509163,0.12037746890874096,Clients perdus,"Campagne de réactivation avec remise, à faible coût"
13827.0,58,3,409.8,3,-0.3169576616251814,-0.029441236422047608,Clients fidèles,"Fidélité à paliers, recommandations de produits complémentaires"
13828.0,22,1,209.49,2,-0.9040826005452635,-1.137811635695277,Nouveaux clients,"Mail de bienvenue, code promo sur la 2e commande"
13831.0,16,6,2198.45,3,1.4649422008945623,0.008467366875049662,Clients fidèles,"Fidélité à paliers, recommandations de produits complémentaires"
13832.0,19,1,52.199999999999996,2,-1.505996977459349,-1.7279709915838977,Nouveaux clients,"Mail de bienvenue, code promo sur la 2e commande"
13833.0,159,1,383.85,1,-1.357372793310863,0.3127229670820372,Clients perdus,"Campagne de réactivation avec remise, à faible coût"
13835.0,25,4,834.57,3,0.5365471756520487,-0.20446798944349165,Clients fidèles,"Fidélité à paliers, recommandations de produits complémentaires"
13837.0,212,2,266.59000000000003,1,-1.2722402629875695,0.5178772750332606,Clients perdus,"Campagne de réactivation avec remise, à faible coût"
13838.0,6,4,674.82,2,0.9365893876441703,-1.1142756396829265,Nouveaux clients,"Mail de bienvenue, code promo sur la 2e commande"
13841.0,253,1,85.0,1,-2.247830428748746,0.05952289183264951,Clients perdus,"Campagne de réactivation avec remise, à faible coût"
13842.0,59,9,3385.62,3,1.5122638661287497,1.1032555661583237,Clients fidèles,"Fidélité à paliers, recommandations de produits complémentaires"
13844.0,11,1,361.62,2,-0.3964705638890955,-1.352213522221796,Nouveaux clients,"Mail de bienvenue, code promo sur la 2e commande"
13845.0,65,1,312.98,1,-1.1161518017466934,-0.3232520656295416,Clients perdus,"Campagne de réactivation avec remise, à faible coût"
13846.0,25,3,865.0600000000001,3,0.35134966072777946,-0.27733360298838466,Clients fidèles,"Fidélité à paliers, recommandations de produits complémentaires"
13848.0,92,3,1255.0,3,0.04171371864643084,0.6667421496597274,Clients fidèles,"Fidélité à paliers, recommandations de produits complémentaires"
13849.0,52,2,1537.95,3,0.09248740691268122,0.2733113655586193,Clients fidèles,"Fidélité à paliers, recommandations de produits complémentaires"
13850.0,129,1,1595.48,1,-0.6002354888984153,0.6997491816780836,Clients perdus,"Campagne de réactivation avec remise, à faible coût"
13851.0,96,3,2651.46,3,0.38179892838971613,0.9660335042576078,Clients fidèles,"Fidélité à paliers, recommandations de produits complémentaires"
13853.0,57,1,1090.14,3,-0.47332298554357344,0.048969961501410114,Clients fidèles,"Fidélité à paliers, recommandations de produits complémentaires"
13854.0,9,25,8109.5199999999995,0,3.4787915762899897,0.6529883986538095,Champions,"Programme VIP, avant-premières, remerciements personnalisés"
13856.0,169,3,388.5,1,-0.7464855601629362,0.6224964608258643,Clients perdus,"Campagne de réactivation avec remise, à faible coût"
13858.0,57,1,216.17,1,-1.2424448918057642,-0.5396408107789198,Clients perdus,"Campagne de réactivation avec remise, à faible coût"
13859.0,326,1,201.16,1,-1.937088710964691,0.5314345381601572,Clients perdus,"Campagne de réactivation avec remise, à faible coût"
13860.0,1,5,1245.9,0,1.8721182689523876,-1.615476339008272,Champions,"Programme VIP, avant-premières, remerciements personnalisés"
13862.0,18,8,2209.36,0,1.6526308423046885,0.1776145756548563,Champions,"Programme VIP, avant-premières, remerciements personnalisés"
13863.0,248,1,305.78,1,-1.6343043559751158,0.5106323871742887,Clients perdus,"Campagne de réactivation avec remise, à faible coût"
13865.0,58,4,501.56,3,-0.018629266304355834,0.13000370133243352,Clients fidèles,"Fidélité à paliers, recommandations de produits complémentaires"
13866.0,74,1,145.67000000000002,1,-1.5276149467099427,-0.5196866916881251,Clients perdus,"Campagne de réactivation avec remise, à faible coût"
13867.0,31,3,1005.09,3,0.34345589756708134,-0.09096200398490278,Clients fidèles,"Fidélité à paliers, recommandations de produits complémentaires"
13868.0,7,2,3192.54,2,1.1624406491671675,-0.6600411073968138,Nouveaux clients,"Mail de bienvenue, code promo sur la 2e commande"
13869.0,123,4,3083.65,3,0.5622057629584961,1.2627951557431658,Clients fidèles,"Fidélité à paliers, recommandations de produits complémentaires"
13870.0,2,8,2770.94,0,2.4654341477239186,-0.9108133422775807,Champions,"Programme VIP, avant-premières, remerciements personnalisés"
13871.0,23,13,6403.25,0,2.470763533827609,0.8838585308738308,Champions,"Programme VIP, avant-premières, remerciements personnalisés"
13873.0,120,3,389.6,1,-0.6152893932785103,0.4078268244013258,Clients perdus,"Campagne de réactivation avec remise, à faible coût"
13874.0,358,1,540.45,1,-1.5033566148931345,0.9498864747816718,Clients perdus,"Campagne de réactivation avec remise, à faible coût"
13875.0,54,5,1786.79,3,0.7780684737281834,0.6183942915408114,Clients fidèles,"Fidélité à paliers, recommandations de produits complémentaires"
13876.0,64,1,122.7,1,-1.554113939033486,-0.6725733762853869,Clients perdus,"Campagne de réactivation avec remise, à faible coût"
13877.0,86,1,117.24,1,-1.6869567694920768,-0.5040953166780257,Clients perdus,"Campagne de réactivation avec remise, à faible coût"
13878.0,55,1,1271.57,3,-0.3866368556157474,0.0827930607936522,Clients fidèles,"Fidélité à paliers, recommandations de produits complémentaires"
13880.0,21,13,3219.77,0,2.1765146665511166,0.5780385511047192,Champions,"Programme VIP, avant-premières, remerciements personnalisés"
13881.0,4,20,17159.52,0,3.9069831792295324,0.4042803987391184,Champions,"Programme VIP, avant-premières, remerciements personnalisés"
13882.0,3,5,1191.13,0,1.5859969083641017,-1.1921285017941092,Champions,"Programme VIP, avant-premières, remerciements personnalisés"
13883.0,11,5,2674.48,0,1.551576450316114,-0.2004219208445761,Champions,"Programme VIP, avant-premières, remerciements personnalisés"
13884.0,7,5,787.6,2,1.1243923902452744,-0.9030783305744341,Nouveaux clients,"Mail de bienvenue, code promo sur la 2e commande"
13885.0,189,2,506.8,1,-0.9233752080479795,0.6789759444737581,Clients perdus,"Campagne de réactivation avec remise, à faible coût"
13886.0,71,1,243.56,1,-1.268430650390621,-0.35916077876661273,Clients perdus,"Campagne de réactivation avec remise, à faible coût"
13887.0,204,1,349.55,1,-1.4965001361398207,0.43591028386458797,Clients perdus,"Campagne de réactivation avec remise, à faible coût"
13888.0,120,2,595.67,1,-0.6742052947580632,0.4515226737659225,Clients perdus,"Campagne de réactivation avec remise, à faible coût"
13889.0,93,1,416.90000000000003,1,-1.1149892158534862,0.005344503556579604,Clients perdus,"Campagne de réactivation avec remise, à faible coût"
13890.0,1,10,1883.8100000000002,0,2.6184137060602346,-1.2314001030225634,Champions,"Programme VIP, avant-premières, remerciements personnalisés"
13892.0,27,4,632.97,3,0.37669254135122765,-0.25813163867521005,Clients fidèles,"Fidélité à paliers, recommandations de produits complémentaires"
13893.0,298,1,821.1,1,-1.2345450612548226,0.986140668003519,Clients perdus,"Campagne de réactivation avec remise, à faible coût"
13894.0,24,3,564.62,2,0.16334836357419202,-0.4575560022963172,Nouveaux clients,"Mail de bienvenue, code promo sur la 2e commande"
13895.0,28,4,2593.07,3,1.0345911513308939,0.2778776841969657,Clients fidèles,"Fidélité à paliers, recommandations de produits complémentaires"
13897.0,50,1,311.16,1,-1.0204539672876152,-0.4889362262993366,Clients perdus,"Campagne de réactivation avec remise, à faible coût"
13898.0,326,1,155.93,1,-2.057752639397253,0.43909015487996333,Clients perdus,"Campagne de réactivation avec remise, à faible coût"
13899.0,16,2,388.52,2,-0.1278557035836624,-0.9490118271334493,Nouveaux clients,"Mail de bienvenue, code promo sur la 2e commande"
13900.0,183,3,740.95,3,-0.469680080408944,0.9076703412310922,Clients fidèles,"Fidélité à paliers, recommandations de produits complémentaires"
13901.0,72,5,2867.2,3,0.8951566461785119,0.9703661263417807,Clients fidèles,"Fidélité à paliers, recommandations de produits complémentaires"
13904.0,37,2,332.64,2,-0.5088325380355905,-0.4951878882340721,Nouveaux clients,"Mail de bienvenue, code promo sur la 2e commande"
13908.0,80,4,2319.55,3,0.5892235159106186,0.8888667193840141,Clients fidèles,"Fidélité à paliers, recommandations de produits complémentaires"
13911.0,57,9,2580.91,3,1.3959506646819828,0.9828253278496956,Clients fidèles,"Fidélité à paliers, recommandations de produits complémentaires"
13914.0,12,2,626.45,2,0.2017409930789586,-0.9453623128517585,Nouveaux clients,"Mail de bienvenue, code promo sur la 2e commande"
13917.0,50,2,272.04,1,-0.7167060195021959,-0.38161169768317493,Clients perdus,"Campagne de réactivation avec remise, à faible coût"
13918.0,50,2,1212.8400000000001,3,-0.005887462539526777,0.16237938664092313,Clients fidèles,"Fidélité à paliers, recommandations de produits complémentaires"
13919.0,59,2,348.81,1,-0.6607243613822393,-0.1881677458383715,Clients perdus,"Campagne de réactivation avec remise, à faible coût"
13922.0,352,1,172.25,1,-2.0398344639235293,0.5237003707236172,Clients perdus,"Campagne de réactivation avec remise, à faible coût"
13923.0,54,1,351.13,1,-0.9918869864903891,-0.3971034320061447,Clients perdus,"Campagne de réactivation avec remise, à faible coût"
13924.0,2,6,1838.8500000000001,0,2.0423479677482845,-1.157041616277047,Champions,"Programme VIP, avant-premières, remerciements personnalisés"
13925.0,93,4,678.25,3,-0.052966624781707355,0.5353275714975635,Clients fidèles,"Fidélité à paliers, recommandations de produits complémentaires"
13926.0,23,1,223.85000000000002,2,-0.8888934849897248,-1.0867487460245073,Nouveaux clients,"Mail de bienvenue, code promo sur la 2e commande"
13927.0,75,1,348.99,1,-1.118301168949638,-0.19416398646964733,Clients perdus,"Campagne de réactivation avec remise, à faible coût"
13928.0,11,4,464.57,2,0.5531875300605659,-0.908223263599383,Nouveaux clients,"Mail de bienvenue, code promo sur la 2e commande"
13929.0,169,2,842.65,1,-0.6390303644017311,0.793516495387476,Clients perdus,"Campagne de réactivation avec remise, à faible coût"
13930.0,58,2,337.34,1,-0.6701896283877815,-0.21098615197425002,Clients perdus,"Campagne de réactivation avec remise, à faible coût"
13931.0,96,2,1237.53,3,-0.24181819754848755,0.5775622015362462,Clients fidèles,"Fidélité à paliers, recommandations de produits complémentaires"
13932.0,295,1,307.4,1,-1.69782983916742,0.6222431283584382,Clients perdus,"Campagne de réactivation avec remise, à faible coût"
13933.0,109,2,608.7900000000001,1,-0.6274424956080229,0.39898947700035997,Clients perdus,"Campagne de réactivation avec remise, à faible coût"
13934.0,264,1,922.1,1,-1.1332350789614907,0.9518118883514747,Clients perdus,"Campagne de réactivation avec remise, à faible coût"
13936.0,180,1,376.58,1,-1.4135575449074846,0.38400430063214674,Clients perdus,"Campagne de réactivation avec remise, à faible coût"
13937.0,169,1,158.85,1,-1.7991377931379546,0.030818076978345096,Clients perdus,"Campagne de réactivation avec remise, à faible coût"
13938.0,35,1,71.66,1,-1.5819557487042435,-1.2414194367435574,Clients perdus,"Campagne de réactivation avec remise, à faible coût"
13939.0,23,3,568.55,2,0.18223764819875998,-0.48092841713943285,Nouveaux clients,"Mail de bienvenue, code promo sur la 2e commande"
13940.0,17,4,839.14,3,0.6795837870330919,-0.4357604546923421,Clients fidèles,"Fidélité à paliers, recommandations de produits complémentaires"
13941.0,22,5,5112.96,3,1.6117720803078137,0.44852448515420434,Clients fidèles,"Fidélité à paliers, recommandations de produits complémentaires"
13946.0,79,3,561.5699999999999,3,-0.2834470202495313,0.27836486462978927,Clients fidèles,"Fidélité à paliers, recommandations de produits complémentaires"
13947.0,65,1,90.6,1,-1.703081751398992,-0.7724309124761223,Clients perdus,"Campagne de réactivation avec remise, à faible coût"
13948.0,361,1,102.0,1,-2.297203347365,0.3500653016225541,Clients perdus,"Campagne de réactivation avec remise, à faible coût"
13949.0,3,6,2427.32,0,2.0646997584018787,-0.8733500248931578,Champions,"Programme VIP, avant-premières, remerciements personnalisés"
13950.0,11,4,745.06,2,0.7778514523857879,-0.7362874446522406,Nouveaux clients,"Mail de bienvenue, code promo sur la 2e commande"
13951.0,176,3,674.45,1,-0.4996066488918265,0.8488257085647192,Clients perdus,"Campagne de réactivation avec remise, à faible coût"
13952.0,218,2,3251.07,3,-0.09288825314165064,1.4461805212842656,Clients fidèles,"Fidélité à paliers, recommandations de produits complémentaires"
13953.0,7,7,3515.68,0,2.0974576131829563,-0.2471735916552013,Champions,"Programme VIP, avant-premières, remerciements personnalisés"
13954.0,2,2,439.92,2,0.5936606906385499,-2.0042326141250615,Nouveaux clients,"Mail de bienvenue, code promo sur la 2e commande"
13955.0,154,2,322.96,1,-1.0597646441239845,0.38592819709334436,Clients perdus,"Campagne de réactivation avec remise, à faible coût"
13956.0,5,5,1019.27,2,1.3569755600955022,-0.9916676075376281,Nouveaux clients,"Mail de bienvenue, code promo sur la 2e commande"
13959.0,79,3,594.04,3,-0.25671231116898896,0.2988249992722467,Clients fidèles,"Fidélité à paliers, recommandations de produits complémentaires"
13960.0,21,2,230.22,2,-0.47481036191137777,-0.9756150944173774,Nouveaux clients,"Mail de bienvenue, code promo sur la 2e commande"
13962.0,22,2,169.55,2,-0.6367883378494493,-1.0583851965215736,Nouveaux clients,"Mail de bienvenue, code promo sur la 2e commande"
13963.0,308,4,664.54,3,-0.517172590374873,1.2828474451525587,Clients fidèles,"Fidélité à paliers, recommandations de produits complémentaires"
13967.0,146,1,80.7,1,-2.0634013953661987,-0.3061293217666967,Clients perdus,"Campagne de réactivation avec remise, à faible coût"
13969.0,7,18,9024.17,0,3.33060129545892,0.4295989586213862,Champions,"Programme VIP, avant-premières, remerciements personnalisés"
13971.0,19,8,2758.26,0,1.7387199953107169,0.29103064787225463,Champions,"Programme VIP, avant-premières, remerciements personnalisés"
13972.0,71,2,190.25,1,-1.0180356368797334,-0.292667374047796,Clients perdus,"Campagne de réactivation avec remise, à faible coût"
13973.0,287,1,264.7,1,-1.7583701800871434,0.5505217183016247,Clients perdus,"Campagne de réactivation avec remise, à faible coût"
13974.0,49,1,413.59000000000003,1,-0.8776887312479513,-0.39802811838286023,Clients perdus,"Campagne de réactivation avec remise, à faible coût"
13975.0,31,6,2461.2400000000002,3,1.277148723799116,0.4508868753893289,Clients fidèles,"Fidélité à paliers, recommandations de produits complémentaires"
13976.0,207,1,357.98,1,-1.4907266821877376,0.4537914445619921,Clients perdus,"Campagne de réactivation avec remise, à faible coût"
13978.0,15,2,196.79000000000002,2,-0.42759283005873755,-1.2345802278781897,Nouveaux clients,"Mail de bienvenue, code promo sur la 2e commande"
13979.0,73,1,869.87,1,-0.6737959429569853,0.12130428425951212,Clients perdus,"Campagne de réactivation avec remise, à faible coût"
13980.0,60,1,200.14,1,-1.2982383060664844,-0.5356069912629612,Clients perdus,"Campagne de réactivation avec remise, à faible coût"
13982.0,39,4,1871.81,3,0.7565553877412864,0.36309746257688297,Clients fidèles,"Fidélité à paliers, recommandations de produits complémentaires"
13983.0,30,12,2603.43,0,1.87716397826173,0.6896118094140468,Champions,"Programme VIP, avant-premières, remerciements personnalisés"
13984.0,27,5,920.51,3,0.7201574765257405,-0.051545135212791936,Clients fidèles,"Fidélité à paliers, recommandations de produits complémentaires"
13985.0,4,15,7060.13,0,3.2373980625025327,-0.02423056512563566,Champions,"Programme VIP, avant-premières, remerciements personnalisés"
13986.0,17,1,320.46,2,-0.6087249130454027,-1.1389208047966406,Nouveaux clients,"Mail de bienvenue, code promo sur la 2e commande"
13988.0,20,6,4147.96,0,1.6866161967124664,0.3739283219601064,Champions,"Programme VIP, avant-premières, remerciements personnalisés"
13989.0,66,2,1266.08,3,-0.0896462895846877,0.3511356140701962,Clients fidèles,"Fidélité à paliers, recommandations de produits complémentaires"
13990.0,213,1,311.3,1,-1.5679571686335338,0.42103929388275285,Clients perdus,"Campagne de réactivation avec remise, à faible coût"
13991.0,12,6,851.88,3,1.1160391013822188,-0.5071405808488314,Clients fidèles,"Fidélité à paliers, recommandations de produits complémentaires"
13992.0,30,1,76.8,1,-1.4922829221898637,-1.311358858934967,Clients perdus,"Campagne de réactivation avec remise, à faible coût"
13993.0,43,9,3466.36,0,1.6419407813157838,0.9150870227050149,Champions,"Programme VIP, avant-premières, remerciements personnalisés"
13994.0,4,6,2274.14,0,1.948434785856839,-0.7555479323833514,Champions,"Programme VIP, avant-premières, remerciements personnalisés"
13995.0,15,5,1393.69,3,1.1313253409810418,-0.25545535166416655,Clients fidèles,"Fidélité à paliers, recommandations de produits complémentaires"
13999.0,10,12,3901.81,0,2.465571508030689,0.1798084166123183,Champions,"Programme VIP, avant-premières, remerciements personnalisés"
14000.0,211,1,635.66,1,-1.2250139203707489,0.6747933842393709,Clients perdus,"Campagne de réactivation avec remise, à faible coût"
14001.0,46,3,2043.0800000000002,3,0.5343846822354509,0.41137818103147916,Clients fidèles,"Fidélité à paliers, recommandations de produits complémentaires"
14002.0,134,2,529.73,1,-0.7718151367869107,0.4782771497128973,Clients perdus,"Campagne de réactivation avec remise, à faible coût"
14004.0,43,7,4582.64,3,1.572642884536853,0.9309196547673237,Clients fidèles,"Fidélité à paliers, recommandations de produits complémentaires"
14005.0,10,5,2874.72,0,1.6191939655930498,-0.22930472178308978,Champions,"Programme VIP, avant-premières, remerciements personnalisés"
14006.0,116,3,962.19,3,-0.17242873029673447,0.7155976823105409,Clients fidèles,"Fidélité à paliers, recommandations de produits complémentaires"
14009.0,198,2,695.61,1,-0.7904283513871948,0.8236073644605884,Clients perdus,"Campagne de réactivation avec remise, à faible coût"
14012.0,278,1,328.8,1,-1.643276716969222,0.6091825150548443,Clients perdus,"Campagne de réactivation avec remise, à faible coût"
14013.0,110,3,473.02,1,-0.49012263190982613,0.4236825523191405,Clients perdus,"Campagne de réactivation avec remise, à faible coût"
14014.0,77,1,505.18,1,-0.9524196141989537,-0.04314380232726072,Clients perdus,"Campagne de réactivation avec remise, à faible coût"
14015.0,53,1,917.34,1,-0.5281760035891638,-0.05922790120533012,Clients perdus,"Campagne de réactivation avec remise, à faible coût"
14016.0,162,4,4291.21,3,0.6151648754893795,1.5567394666078973,Clients fidèles,"Fidélité à paliers, recommandations de produits complémentaires"
14019.0,47,3,1421.61,3,0.3536549877273697,0.2925748446325329,Clients fidèles,"Fidélité à paliers, recommandations de produits complémentaires"
14020.0,17,2,642.8,2,0.08971491840057877,-0.7295376654938336,Nouveaux clients,"Mail de bienvenue, code promo sur la 2e commande"
14021.0,155,3,631.9,1,-0.48237438747309264,0.7449812689406374,Clients perdus,"Campagne de réactivation avec remise, à faible coût"
14022.0,225,1,440.0,1,-1.4243823526578674,0.5814754864724098,Clients perdus,"Campagne de réactivation avec remise, à faible coût"
14023.0,7,2,584.07,2,0.3538425509580837,-1.278863100602408,Nouveaux clients,"Mail de bienvenue, code promo sur la 2e commande"
14024.0,122,2,327.7,1,-0.9645308625899568,0.24452746147518994,Clients perdus,"Campagne de réactivation avec remise, à faible coût"
14027.0,61,1,104.82,1,-1.610449829425715,-0.7594750904324342,Clients perdus,"Campagne de réactivation avec remise, à faible coût"
14029.0,63,2,467.66,1,-0.546018529144289,-0.04057733768595151,Clients perdus,"Campagne de réactivation avec remise, à faible coût"
14030.0,18,8,2358.84,0,1.683808560861137,0.20147495571688773,Champions,"Programme VIP, avant-premières, remerciements personnalisés"
14031.0,7,19,17286.86,0,3.686779452799531,0.6863528097700126,Champions,"Programme VIP, avant-premières, remerciements personnalisés"
14032.0,2,11,2975.59,0,2.760147280972303,-0.7740530252490935,Champions,"Programme VIP, avant-premières, remerciements personnalisés"
14034.0,22,3,648.89,2,0.2613614568076423,-0.45981340799280557,Nouveaux clients,"Mail de bienvenue, code promo sur la 2e commande"
14035.0,29,5,1428.02,3,0.9028387552374257,0.152194742271928,Clients fidèles,"Fidélité à paliers, recommandations de produits complémentaires"
14036.0,285,1,626.65,1,-1.3461507713091494,0.8595365429739613,Clients perdus,"Campagne de réactivation avec remise, à faible coût"
14037.0,176,2,147.20000000000002,1,-1.483059773145539,0.18497108476219684,Clients perdus,"Campagne de réactivation avec remise, à faible coût"
14038.0,78,3,1560.38,3,0.20771523970573083,0.6425961247497354,Clients fidèles,"Fidélité à paliers, recommandations de produits complémentaires"
14039.0,33,1,152.2,2,-1.20472170393558,-1.0056882123412612,Nouveaux clients,"Mail de bienvenue, code promo sur la 2e commande"
14040.0,41,12,3560.32,0,1.9102720387919672,0.9963622001714478,Champions,"Programme VIP, avant-premières, remerciements personnalisés"
14041.0,266,1,141.41,1,-2.026592752813558,0.2750906559515425,Clients perdus,"Campagne de réactivation avec remise, à faible coût"
14044.0,27,4,646.42,3,0.38669480768337294,-0.2504768811362789,Clients fidèles,"Fidélité à paliers, recommandations de produits complémentaires"
14045.0,109,4,1659.75,3,0.3129600104631586,0.9610308906064866,Clients fidèles,"Fidélité à paliers, recommandations de produits complémentaires"
14046.0,284,1,151.59,1,-2.018613034491542,0.341653843958897,Clients perdus,"Campagne de réactivation avec remise, à faible coût"
14047.0,9,5,1308.6100000000001,3,1.2808358893838838,-0.5765718144639544,Clients fidèles,"Fidélité à paliers, recommandations de produits complémentaires"
14048.0,305,1,409.93,1,-1.573767711929528,0.7479772989632376,Clients perdus,"Campagne de réactivation avec remise, à faible coût"
14049.0,17,4,5578.72,3,1.581646558955442,0.2545902693000991,Clients fidèles,"Fidélité à paliers, recommandations de produits complémentaires"
14050.0,32,2,746.36,2,-0.0707088052699837,-0.2906237779050542,Nouveaux clients,"Mail de bienvenue, code promo sur la 2e commande"
14051.0,1,23,15610.390000000001,0,4.332889850831454,-0.16007976601880294,Champions,"Programme VIP, avant-premières, remerciements personnalisés"
14052.0,20,1,225.36,2,-0.8347075645935735,-1.169019378297886,Nouveaux clients,"Mail de bienvenue, code promo sur la 2e commande"
14053.0,124,2,260.25,1,-1.0801145393550324,0.17101758547002402,Clients perdus,"Campagne de réactivation avec remise, à faible coût"
14054.0,65,1,92.46,1,-1.69350415523423,-0.7651011559976898,Clients perdus,"Campagne de réactivation avec remise, à faible coût"
14055.0,106,1,725.6400000000001,1,-0.9008962383738939,0.28922538967810557,Clients perdus,"Campagne de réactivation avec remise, à faible coût"
14056.0,1,23,8152.71,0,4.0234265049971,-0.39691277974643197,Champions,"Programme VIP, avant-premières, remerciements personnalisés"
14057.0,24,17,6211.66,0,2.6685117034278156,0.9954635328024081,Champions,"Programme VIP, avant-premières, remerciements personnalisés"
14059.0,267,1,183.6,1,-1.904392341917924,0.3720750955525441,Clients perdus,"Campagne de réactivation avec remise, à faible coût"
14060.0,5,19,6140.42,0,3.303553579973552,0.12648344933031488,Champions,"Programme VIP, avant-premières, remerciements personnalisés"
14062.0,10,12,10464.85,0,2.9355453889709002,0.5394805137915383,Champions,"Programme VIP, avant-premières, remerciements personnalisés"
14064.0,29,5,1334.34,3,0.8705344706701947,0.1274721986383842,Clients fidèles,"Fidélité à paliers, recommandations de produits complémentaires"
14066.0,267,1,152.55,1,-1.9921366167936025,0.304924199215775,Clients perdus,"Campagne de réactivation avec remise, à faible coût"
14067.0,64,2,374.7,1,-0.6572750407579163,-0.11135497264354687,Clients perdus,"Campagne de réactivation avec remise, à faible coût"
14068.0,320,1,265.85,1,-1.797742368730568,0.6209156105696946,Clients perdus,"Campagne de réactivation avec remise, à faible coût"
14071.0,4,8,1422.75,0,1.9529124840643366,-0.829681696872805,Champions,"Programme VIP, avant-premières, remerciements personnalisés"
14073.0,32,1,151.04,2,-1.1969418128515399,-1.0273980235217373,Nouveaux clients,"Mail de bienvenue, code promo sur la 2e commande"
14075.0,5,3,942.26,2,0.9520413794002905,-1.176430194038032,Nouveaux clients,"Mail de bienvenue, code promo sur la 2e commande"
14076.0,129,1,118.67,1,-1.8346144450192627,-0.24492388605429619,Clients perdus,"Campagne de réactivation avec remise, à faible coût"
14077.0,41,5,499.41999999999996,3,0.27440594812997593,-0.01694834866463717,Clients fidèles,"Fidélité à paliers, recommandations de produits complémentaires"
14078.0,102,6,1049.37,3,0.42480205340781496,0.8818522542116303,Clients fidèles,"Fidélité à paliers, recommandations de produits complémentaires"
14079.0,125,1,375.1,1,-1.2770950358427429,0.1527862803394774,Clients perdus,"Campagne de réactivation avec remise, à faible coût"
14080.0,33,1,45.599999999999994,1,-1.7717580829583421,-1.439642463611607,Clients perdus,"Campagne de réactivation avec remise, à faible coût"
14081.0,302,2,921.62,1,-0.8171174171212652,1.1927792344901917,Clients perdus,"Campagne de réactivation avec remise, à faible coût"
14082.0,365,1,182.25,1,-2.026910387799357,0.5671043933759938,Clients perdus,"Campagne de réactivation avec remise, à faible coût"
14083.0,4,9,1002.9,0,1.8819485276878776,-0.9165068964392028,Champions,"Programme VIP, avant-premières, remerciements personnalisés"
14085.0,2,18,4421.29,0,3.365314443156143,-0.4527378792575866,Champions,"Programme VIP, avant-premières, remerciements personnalisés"
14087.0,3,1,191.47,2,-0.27868580161780465,-2.2801212084968046,Nouveaux clients,"Mail de bienvenue, code promo sur la 2e commande"
14088.0,10,13,50491.81,0,3.752507853516922,1.1418326034727424,Champions,"Programme VIP, avant-premières, remerciements personnalisés"
14089.0,57,1,158.75,1,-1.3887466071196666,-0.6516058516075669,Clients perdus,"Campagne de réactivation avec remise, à faible coût"
14090.0,325,1,76.32000000000001,1,-2.3938322060386854,0.17904949741085452,Clients perdus,"Campagne de réactivation avec remise, à faible coût"
14092.0,8,14,4076.91,0,2.6928366238416945,0.12361613772163137,Champions,"Programme VIP, avant-premières, remerciements personnalisés"
14093.0,12,1,433.86,2,-0.34048481377977646,-1.2351944981319762,Nouveaux clients,"Mail de bienvenue, code promo sur la 2e commande"
14096.0,4,17,53258.43,0,4.306852614658806,0.7578753222605517,Champions,"Programme VIP, avant-premières, remerciements personnalisés"
14098.0,37,1,147.35,1,-1.262527070536831,-0.9468575779464414,Clients perdus,"Campagne de réactivation avec remise, à faible coût"
14099.0,16,11,3104.17,0,2.1178340904275426,0.3417821565531233,Champions,"Programme VIP, avant-premières, remerciements personnalisés"
14100.0,138,1,191.95000000000002,1,-1.632585479175404,-0.02827998819651664,Clients perdus,"Campagne de réactivation avec remise, à faible coût"
14101.0,74,6,5976.79,3,1.3744514529888454,1.314644229616763,Clients fidèles,"Fidélité à paliers, recommandations de produits complémentaires"
14102.0,5,5,1105.8799999999999,2,1.3957952087865224,-0.9619588406833356,Nouveaux clients,"Mail de bienvenue, code promo sur la 2e commande"
14104.0,155,2,216.20999999999998,1,-1.2526815882934772,0.24424771291553757,Clients perdus,"Campagne de réactivation avec remise, à faible coût"
14105.0,239,1,1266.23,1,-0.9444295443871542,1.0044808511309042,Clients perdus,"Campagne de réactivation avec remise, à faible coût"
14107.0,52,7,2703.23,3,1.2501605313194422,0.8565781553992147,Clients fidèles,"Fidélité à paliers, recommandations de produits complémentaires"
14108.0,31,2,597.91,2,-0.16445839858028094,-0.3908856636815314,Nouveaux clients,"Mail de bienvenue, code promo sur la 2e commande"
14109.0,73,1,144.2,1,-1.5272878032331363,-0.5318750088041588,Clients perdus,"Campagne de réactivation avec remise, à faible coût"
14110.0,4,12,5683.15,0,2.9458270670183473,-0.18328894495096748,Champions,"Programme VIP, avant-premières, remerciements personnalisés"
14111.0,14,4,692.85,2,0.6580645343576402,-0.6211807051597683,Nouveaux clients,"Mail de bienvenue, code promo sur la 2e commande"
14112.0,23,7,2915.15,0,1.5886706923630092,0.381499239088149,Champions,"Programme VIP, avant-premières, remerciements personnalisés"
14113.0,4,4,1840.42,0,1.542662264961904,-0.9622446546875644,Champions,"Programme VIP, avant-premières, remerciements personnalisés"
14114.0,274,2,386.53,1,-1.1933654572359642,0.8149844470091097,Clients perdus,"Campagne de réactivation avec remise, à faible coût"
14116.0,20,5,1382.74,3,1.0237156292814165,-0.08581709373736943,Clients fidèles,"Fidélité à paliers, recommandations de produits complémentaires"
14117.0,144,1,90.0,1,-2.0068064205598315,-0.27551133477742756,Clients perdus,"Campagne de réactivation avec remise, à faible coût"
14121.0,4,4,2780.15,0,1.7391130702937776,-0.8119003993751067,Champions,"Programme VIP, avant-premières, remerciements personnalisés"
14124.0,84,1,419.58000000000004,1,-1.0735067289929003,-0.0561719684099552,Clients perdus,"Campagne de réactivation avec remise, à faible coût"
14125.0,11,3,2720.63,3,1.1921820746109049,-0.35033278934499473,Clients fidèles,"Fidélité à paliers, recommandations de produits complémentaires"
14126.0,8,3,706.1300000000001,2,0.659913591625739,-1.0242648037725623,Nouveaux clients,"Mail de bienvenue, code promo sur la 2e commande"
14127.0,123,3,709.71,3,-0.3394529299314791,0.6416201469806212,Clients fidèles,"Fidélité à paliers, recommandations de produits complémentaires"
14128.0,61,2,637.5,3,-0.38655598756880805,0.052039217346461365,Clients fidèles,"Fidélité à paliers, recommandations de produits complémentaires"
14129.0,2,5,1123.8600000000001,0,1.6681923673679542,-1.3958098414095663,Champions,"Programme VIP, avant-premières, remerciements personnalisés"
14130.0,319,1,480.91,1,-1.5149389100402713,0.834454429508748,Clients perdus,"Campagne de réactivation avec remise, à faible coût"
14132.0,2,11,3586.0299999999997,0,2.8490260333097854,-0.706033910689062,Champions,"Programme VIP, avant-premières, remerciements personnalisés"
14133.0,130,3,605.64,3,-0.43586063575196937,0.6187277714199839,Clients fidèles,"Fidélité à paliers, recommandations de produits complémentaires"
14135.0,2,15,4690.31,0,3.237673068175354,-0.49738576167448756,Champions,"Programme VIP, avant-premières, remerciements personnalisés"
14138.0,2,2,965.8800000000001,2,0.9677694321814875,-1.7179263296680642,Nouveaux clients,"Mail de bienvenue, code promo sur la 2e commande"
14139.0,46,1,415.82,1,-0.8515020447393531,-0.4353253311690915,Clients perdus,"Campagne de réactivation avec remise, à faible coût"
14140.0,4,2,935.05,2,0.7572404612066408,-1.40567897865552,Nouveaux clients,"Mail de bienvenue, code promo sur la 2e commande"
14141.0,3,4,915.13,2,1.2952615932094913,-1.3583609051987107,Nouveaux clients,"Mail de bienvenue, code promo sur la 2e commande"
14142.0,373,1,311.81,1,-1.7803925601255182,0.7758018978353086,Clients perdus,"Campagne de réactivation avec remise, à faible coût"
14143.0,134,1,115.8,1,-1.8605934794586219,-0.22983295429166362,Clients perdus,"Campagne de réactivation avec remise, à faible coût"
14145.0,47,4,3742.2,3,1.0168625305794619,0.7312626372175622,Clients fidèles,"Fidélité à paliers, recommandations de produits complémentaires"
14146.0,9,5,4191.0,0,1.8351535335257114,-0.15235124039060635,Champions,"Programme VIP, avant-premières, remerciements personnalisés"
14147.0,78,2,483.4,1,-0.6106968098693427,0.10504781680379574,Clients perdus,"Campagne de réactivation avec remise, à faible coût"
14148.0,234,1,157.2,1,-1.927738912952858,0.23244240249979126,Clients perdus,"Campagne de réactivation avec remise, à faible coût"
14149.0,221,1,446.62,1,-1.410463437856412,0.5755795850345993,Clients perdus,"Campagne de réactivation avec remise, à faible coût"
14150.0,36,2,658.64,2,-0.17388860241607326,-0.2635671262203607,Nouveaux clients,"Mail de bienvenue, code promo sur la 2e commande"
14152.0,75,2,621.29,1,-0.47656449359125935,0.1718240964400083,Clients perdus,"Campagne de réactivation avec remise, à faible coût"
14154.0,239,2,1345.62,3,-0.5479361739151869,1.1827836660609974,Clients fidèles,"Fidélité à paliers, recommandations de produits complémentaires"
14155.0,266,1,118.75,1,-2.1091623305504443,0.2118999672936623,Clients perdus,"Campagne de réactivation avec remise, à faible coût"
14156.0,10,54,116560.08,0,5.39139634754447,1.973801013867254,Champions,"Programme VIP, avant-premières, remerciements personnalisés"
14157.0,20,2,424.89000000000004,2,-0.16602666602033483,-0.7824108190945986,Nouveaux clients,"Mail de bienvenue, code promo sur la 2e commande"
14158.0,40,1,507.66,2,-0.7044704393313702,-0.44936185487491226,Nouveaux clients,"Mail de bienvenue, code promo sur la 2e commande"
14159.0,20,11,4627.98,0,2.2273616942175454,0.6214172186522471,Champions,"Programme VIP, avant-premières, remerciements personnalisés"
14161.0,216,3,1097.6200000000001,3,-0.3456630268693644,1.1554454787584443,Clients fidèles,"Fidélité à paliers, recommandations de produits complémentaires"
14162.0,174,2,289.36,1,-1.158283478590801,0.42299270425910745,Clients perdus,"Campagne de réactivation avec remise, à faible coût"
14163.0,87,4,2445.91,3,0.5828297507089216,0.9607828817940983,Clients fidèles,"Fidélité à paliers, recommandations de produits complémentaires"
14164.0,71,2,1631.77,3,0.003674722502727588,0.48924992512988774,Clients fidèles,"Fidélité à paliers, recommandations de produits complémentaires"
14165.0,276,1,120.44,1,-2.1165278152768194,0.24033565224732426,Clients perdus,"Campagne de réactivation avec remise, à faible coût"
14167.0,39,4,562.59,3,0.18440938779512311,-0.07476719339432375,Clients fidèles,"Fidélité à paliers, recommandations de produits complémentaires"
14171.0,98,1,363.79,1,-1.1995401151421503,-0.011337873231027053,Clients perdus,"Campagne de réactivation avec remise, à faible coût"
14173.0,11,4,450.84,2,0.538925511222937,-0.9191380195749221,Nouveaux clients,"Mail de bienvenue, code promo sur la 2e commande"
14174.0,33,1,134.46,2,-1.2633566021885252,-1.050561635477748,Nouveaux clients,"Mail de bienvenue, code promo sur la 2e commande"
14175.0,60,3,3222.3,3,0.6518106269792051,0.7428511610057557,Clients fidèles,"Fidélité à paliers, recommandations de produits complémentaires"
14176.0,297,4,576.9000000000001,1,-0.5706020225524567,1.2083681169088232,Clients perdus,"Campagne de réactivation avec remise, à faible coût"
14177.0,86,4,549.46,3,-0.1235769624844784,0.4095775872402722,Clients fidèles,"Fidélité à paliers, recommandations de produits complémentaires"
14178.0,9,7,1580.26,0,1.631417611651276,-0.39705513714857116,Champions,"Programme VIP, avant-premières, remerciements personnalisés"
14179.0,41,2,701.57,2,-0.19225623151609245,-0.16016719049390685,Nouveaux clients,"Mail de bienvenue, code promo sur la 2e commande"
14180.0,11,25,4748.52,0,3.154207333554713,0.5735348442485103,Champions,"Programme VIP, avant-premières, remerciements personnalisés"
14184.0,67,1,452.89,1,-0.9519712915619502,-0.16994056196268678,Clients perdus,"Campagne de réactivation avec remise, à faible coût"
14185.0,331,1,197.65,1,-1.951229023789959,0.5346749208344662,Clients perdus,"Campagne de réactivation avec remise, à faible coût"
14188.0,31,6,2054.36,3,1.1910932440832525,0.3850284178911215,Clients fidèles,"Fidélité à paliers, recommandations de produits complémentaires"
14189.0,2,15,4654.08,0,3.2339793128819747,-0.5002126011366695,Champions,"Programme VIP, avant-premières, remerciements personnalisés"
14191.0,2,13,4684.76,0,3.1160666727562396,-0.5492410126987302,Champions,"Programme VIP, avant-premières, remerciements personnalisés"
14193.0,68,2,853.39,3,-0.28863787481111136,0.22610379444535778,Clients fidèles,"Fidélité à paliers, recommandations de produits complémentaires"
14194.0,5,21,11349.52,0,3.682584826288031,0.38714234889762716,Champions,"Programme VIP, avant-premières, remerciements personnalisés"
14195.0,202,2,1012.0,1,-0.619626499920689,0.9727641750751032,Clients perdus,"Campagne de réactivation avec remise, à faible coût"
14196.0,107,1,335.52,1,-1.2712026313520848,0.014449279145586228,Clients perdus,"Campagne de réactivation avec remise, à faible coût"
14198.0,18,4,701.4,2,0.5736203412941391,-0.4667521713893279,Nouveaux clients,"Mail de bienvenue, code promo sur la 2e commande"
14199.0,218,1,185.39999999999998,1,-1.8226556148806816,0.24752003968090494,Clients perdus,"Campagne de réactivation avec remise, à faible coût"
14201.0,60,7,747.44,3,0.5844401976336443,0.47737361304023773,Clients fidèles,"Fidélité à paliers, recommandations de produits complémentaires"
14204.0,2,1,150.61,2,-0.28251024821741044,-2.5496337806600344,Nouveaux clients,"Mail de bienvenue, code promo sur la 2e commande"
14205.0,17,2,466.7,2,-0.06253790665703832,-0.8460571043621834,Nouveaux clients,"Mail de bienvenue, code promo sur la 2e commande"
14206.0,239,1,328.15999999999997,1,-1.5866968587485994,0.5129521911894079,Clients perdus,"Campagne de réactivation avec remise, à faible coût"
14208.0,95,1,151.74,1,-1.6025726337073676,-0.3482946964487461,Clients perdus,"Campagne de réactivation avec remise, à faible coût"
14209.0,11,6,2073.43,0,1.5700822071923954,-0.23383334284192744,Champions,"Programme VIP, avant-premières, remerciements personnalisés"
14210.0,106,6,1905.8400000000001,3,0.6943570117768795,1.1234491876275337,Clients fidèles,"Fidélité à paliers, recommandations de produits complémentaires"
14211.0,53,9,2241.1,3,1.3560075205972775,0.8860380261414965,Clients fidèles,"Fidélité à paliers, recommandations de produits complémentaires"
14212.0,90,1,1070.48,1,-0.6540044638246608,0.32808047385049594,Clients perdus,"Campagne de réactivation avec remise, à faible coût"
14214.0,31,5,1004.38,3,0.7106621431971033,0.06492730662197432,Clients fidèles,"Fidélité à paliers, recommandations de produits complémentaires"
14215.0,12,6,1789.72,0,1.4694431542842628,-0.2366796424566302,Champions,"Programme VIP, avant-premières, remerciements personnalisés"
14216.0,3,4,1839.3,0,1.6275932165589138,-1.1040267458408894,Champions,"Programme VIP, avant-premières, remerciements personnalisés"
14217.0,2,17,2004.98,0,2.9396634802513333,-0.7618033408607509,Champions,"Programme VIP, avant-premières, remerciements personnalisés"
14218.0,43,1,169.48000000000002,1,-1.2522699948907505,-0.8031550947557611,Clients perdus,"Campagne de réactivation avec remise, à faible coût"
14219.0,4,1,89.94,2,-0.7211156319485776,-2.411933835407716,Nouveaux clients,"Mail de bienvenue, code promo sur la 2e commande"
14220.0,247,2,632.4,1,-0.9198169711443249,0.9285677056465113,Clients perdus,"Campagne de réactivation avec remise, à faible coût"
14221.0,42,9,3432.8,0,1.6460868355281177,0.8969563612057591,Champions,"Programme VIP, avant-premières, remerciements personnalisés"
14222.0,177,1,683.17,1,-1.1239649923832198,0.590142305606846,Clients perdus,"Campagne de réactivation avec remise, à faible coût"
14223.0,92,3,991.13,3,-0.07064750456651558,0.5807518458714108,Clients fidèles,"Fidélité à paliers, recommandations de produits complémentaires"
14224.0,110,4,1009.73,3,0.07290356776813038,0.7857013314568959,Clients fidèles,"Fidélité à paliers, recommandations de produits complémentaires"
14226.0,29,5,2214.79,3,1.1118165050550806,0.3121258971487506,Clients fidèles,"Fidélité à paliers, recommandations de produits complémentaires"
14227.0,26,10,3350.96,0,1.898716929767025,0.6296430263069754,Champions,"Programme VIP, avant-premières, remerciements personnalisés"
14229.0,52,3,1547.2,3,0.3561181618264897,0.38628426661720283,Clients fidèles,"Fidélité à paliers, recommandations de produits complémentaires"
14231.0,184,3,925.71,3,-0.3658086173081933,0.9921860140055564,Clients fidèles,"Fidélité à paliers, recommandations de produits complémentaires"
14232.0,43,5,2048.07,3,0.9282789774603943,0.5265707924956606,Clients fidèles,"Fidélité à paliers, recommandations de produits complémentaires"
14233.0,49,4,1462.72,3,0.5539108225796341,0.4147930532365236,Clients fidèles,"Fidélité à paliers, recommandations de produits complémentaires"
14234.0,22,4,754.12,3,0.5351363309395951,-0.31915933674662667,Clients fidèles,"Fidélité à paliers, recommandations de produits complémentaires"
14235.0,75,5,3144.86,3,0.92380028014018,1.029607691281768,Clients fidèles,"Fidélité à paliers, recommandations de produits complémentaires"
14236.0,81,2,490.86,1,-0.617649599277717,0.1342650325723692,Clients perdus,"Campagne de réactivation avec remise, à faible coût"
14237.0,373,1,161.0,1,-2.093892290840092,0.5358798294308813,Clients perdus,"Campagne de réactivation avec remise, à faible coût"
14238.0,326,1,146.85,1,-2.086149441269249,0.4173580167831596,Clients perdus,"Campagne de réactivation avec remise, à faible coût"
14239.0,43,11,2380.85,0,1.628297886143339,0.8483780783373197,Champions,"Programme VIP, avant-premières, remerciements personnalisés"
14240.0,30,2,890.34,2,0.0371077016020981,-0.26604715794718686,Nouveaux clients,"Mail de bienvenue, code promo sur la 2e commande"
14241.0,184,1,213.70000000000002,1,-1.69087748741558,0.19202654821388063,Clients perdus,"Campagne de réactivation avec remise, à faible coût"
14242.0,235,2,280.55,1,-1.2871721012723927,0.6014700870796755,Clients perdus,"Campagne de réactivation avec remise, à faible coût"
14243.0,9,10,2588.77,0,2.1551389280007998,-0.09453106522159142,Champions,"Programme VIP, avant-premières, remerciements personnalisés"
14245.0,220,2,1693.45,3,-0.40696975086135045,1.2142375360294146,Clients fidèles,"Fidélité à paliers, recommandations de produits complémentaires"
14246.0,111,3,1474.06,3,0.04731304764638805,0.8432942975995401,Clients fidèles,"Fidélité à paliers, recommandations de produits complémentaires"
14247.0,278,1,136.76999999999998,1,-2.059164724428821,0.2909024618411836,Clients perdus,"Campagne de réactivation avec remise, à faible coût"
14248.0,318,1,302.58,1,-1.7339139839929816,0.663971928286366,Clients perdus,"Campagne de réactivation avec remise, à faible coût"
14250.0,7,3,1904.05,2,1.1770751250145535,-0.7376256341307669,Nouveaux clients,"Mail de bienvenue, code promo sur la 2e commande"
14251.0,2,5,2879.7000000000003,0,2.1162279099474937,-1.0529272052766168,Champions,"Programme VIP, avant-premières, remerciements personnalisés"
14256.0,260,2,969.0600000000001,1,-0.7362425521818111,1.1164026301636434,Clients perdus,"Campagne de réactivation avec remise, à faible coût"
14257.0,64,5,3099.7200000000003,3,0.9766244374341932,0.9251532712137277,Clients fidèles,"Fidélité à paliers, recommandations de produits complémentaires"
14258.0,9,9,12669.98,0,2.8252140625330124,0.44769357292674805,Champions,"Programme VIP, avant-premières, remerciements personnalisés"
14259.0,142,1,120.0,1,-1.8657484499112713,-0.18042993692538273,Clients perdus,"Campagne de réactivation avec remise, à faible coût"
14261.0,51,2,1163.45,3,-0.03309490534339413,0.15955158276751372,Clients fidèles,"Fidélité à paliers, recommandations de produits complémentaires"
14262.0,8,8,2618.23,0,2.0188641194838928,-0.23452577986142673,Champions,"Programme VIP, avant-premières, remerciements personnalisés"
14264.0,155,2,333.97,1,-1.046297481446249,0.4021939468332609,Clients perdus,"Campagne de réactivation avec remise, à faible coût"
14265.0,109,2,530.18,1,-0.693198236919294,0.34866645621527953,Clients perdus,"Campagne de réactivation avec remise, à faible coût"
14267.0,163,3,1516.24,3,-0.08490219825957078,1.095510700505518,Clients fidèles,"Fidélité à paliers, recommandations de produits complémentaires"
14270.0,332,1,492.65000000000003,1,-1.518679442658499,0.8684930878235628,Clients perdus,"Campagne de réactivation avec remise, à faible coût"
14271.0,226,1,112.32,1,-2.0734739952844796,0.08881540756742759,Clients perdus,"Campagne de réactivation avec remise, à faible coût"
14272.0,74,2,437.96,1,-0.6377838411698826,0.036168631978428616,Clients perdus,"Campagne de réactivation avec remise, à faible coût"
14273.0,51,4,559.97,3,0.08198972657169228,0.0899753199968929,Clients fidèles,"Fidélité à paliers, recommandations de produits complémentaires"
14276.0,99,3,1119.74,3,-0.0402891391809552,0.6712340976256334,Clients fidèles,"Fidélité à paliers, recommandations de produits complémentaires"
14277.0,15,3,4152.0,3,1.2836583948998452,-0.013740035686441396,Clients fidèles,"Fidélité à paliers, recommandations de produits complémentaires"
14280.0,197,1,134.04,1,-1.93772641161085,0.06604362384521871,Clients perdus,"Campagne de réactivation avec remise, à faible coût"
14282.0,3,15,3701.44,0,3.01502067771588,-0.40119643629381346,Champions,"Programme VIP, avant-premières, remerciements personnalisés"
14284.0,31,2,595.25,2,-0.16657918930050383,-0.3925087097208023,Nouveaux clients,"Mail de bienvenue, code promo sur la 2e commande"
14285.0,21,4,1910.01,3,0.994495820591277,-0.008802474957561202,Clients fidèles,"Fidélité à paliers, recommandations de produits complémentaires"
14286.0,24,3,4628.75,3,1.164992780642819,0.30900478485679317,Clients fidèles,"Fidélité à paliers, recommandations de produits complémentaires"
14287.0,8,3,176.63,2,0.00170111531526762,-1.527996333002444,Nouveaux clients,"Mail de bienvenue, code promo sur la 2e commande"
14288.0,213,1,426.6,1,-1.4182471895242197,0.535612686870425,Clients perdus,"Campagne de réactivation avec remise, à faible coût"
14289.0,9,6,911.26,3,1.2483063215465038,-0.6490406884057901,Clients fidèles,"Fidélité à paliers, recommandations de produits complémentaires"
14290.0,11,5,2314.65,0,1.4827597068859892,-0.2530875336251002,Champions,"Programme VIP, avant-premières, remerciements personnalisés"
14291.0,2,11,3883.25,0,2.886953495740036,-0.6770079360419524,Champions,"Programme VIP, avant-premières, remerciements personnalisés"
14292.0,8,9,4871.93,0,2.4101537846630587,0.03241278540308147,Champions,"Programme VIP, avant-premières, remerciements personnalisés"
14293.0,3,4,1046.56,2,1.359133936049165,-1.309479253616422,Nouveaux clients,"Mail de bienvenue, code promo sur la 2e commande"
14295.0,40,1,166.20000000000002,1,-1.2345564241258216,-0.8550378840510684,Clients perdus,"Campagne de réactivation avec remise, à faible coût"
14297.0,18,4,1305.33,3,0.8692411789812033,-0.24051286113644438,Clients fidèles,"Fidélité à paliers, recommandations de produits complémentaires"
14298.0,8,44,51527.3,0,4.8972188526205525,1.4715816711951302,Champions,"Programme VIP, avant-premières, remerciements personnalisés"
14299.0,8,9,3965.62,0,2.3121107154653053,-0.042619802028579096,Champions,"Programme VIP, avant-premières, remerciements personnalisés"
14300.0,19,1,43.2,2,-1.5942979919888676,-1.7955479620643597,Nouveaux clients,"Mail de bienvenue, code promo sur la 2e commande"
14301.0,117,1,640.14,1,-0.9979111720446554,0.30565944677723794,Clients perdus,"Campagne de réactivation avec remise, à faible coût"
14304.0,223,1,383.45,1,-1.4863704699772475,0.525798735651768,Clients perdus,"Campagne de réactivation avec remise, à faible coût"
14305.0,71,3,1858.96,3,0.3265199976853842,0.6475398353932178,Clients fidèles,"Fidélité à paliers, recommandations de produits complémentaires"
14306.0,51,2,2093.32,3,0.24656799184355652,0.37357824427733394,Clients fidèles,"Fidélité à paliers, recommandations de produits complémentaires"
14307.0,89,6,2995.72,3,0.9758211287412946,1.1785230379118259,Clients fidèles,"Fidélité à paliers, recommandations de produits complémentaires"
14309.0,8,9,2352.53,0,2.0634080908008423,-0.2329524954286697,Champions,"Programme VIP, avant-premières, remerciements personnalisés"
14311.0,243,1,310.26,1,-1.6196500952588295,0.5030501750757245,Clients perdus,"Campagne de réactivation avec remise, à faible coût"
14312.0,47,6,1611.59,3,0.9206522183326786,0.553790737251004,Clients fidèles,"Fidélité à paliers, recommandations de produits complémentaires"
14314.0,107,1,120.0,1,-1.7585411040493457,-0.35851198023435954,Clients perdus,"Campagne de réactivation avec remise, à faible coût"
14315.0,45,6,2481.13,3,1.1423846249314318,0.6840444360035127,Clients fidèles,"Fidélité à paliers, recommandations de produits complémentaires"
14317.0,65,1,508.58000000000004,1,-0.8854303739011341,-0.14668042370896997,Clients perdus,"Campagne de réactivation avec remise, à faible coût"
14320.0,207,2,477.79,1,-0.9859705145676507,0.7149480283416491,Clients perdus,"Campagne de réactivation avec remise, à faible coût"
14321.0,11,5,1530.75,3,1.2858553010600189,-0.4037789304439473,Clients fidèles,"Fidélité à paliers, recommandations de produits complémentaires"
14323.0,115,2,605.0600000000001,1,-0.6506489747187432,0.43044467010439863,Clients perdus,"Campagne de réactivation avec remise, à faible coût"
14326.0,242,1,183.85,1,-1.866348767281773,0.3104454886495015,Clients perdus,"Campagne de réactivation avec remise, à faible coût"
14327.0,163,1,311.65,1,-1.4657935112007077,0.25263019020916627,Clients perdus,"Campagne de réactivation avec remise, à faible coût"
14329.0,17,7,4975.24,0,1.9531558377612714,0.3938548488334121,Champions,"Programme VIP, avant-premières, remerciements personnalisés"
14331.0,124,2,462.65999999999997,1,-0.8067913553663852,0.3801924498182937,Clients perdus,"Campagne de réactivation avec remise, à faible coût"
14332.0,23,3,840.21,3,0.36804816115037314,-0.33872720217498814,Clients fidèles,"Fidélité à paliers, recommandations de produits complémentaires"
14333.0,68,1,415.2,1,-0.9988491274394584,-0.19228804069171843,Clients perdus,"Campagne de réactivation avec remise, à faible coût"
14334.0,17,8,2552.21,0,1.7419809327797897,0.19589205317544603,Champions,"Programme VIP, avant-premières, remerciements personnalisés"
14335.0,16,2,454.86,2,-0.052925161731727635,-0.8916673102919075,Nouveaux clients,"Mail de bienvenue, code promo sur la 2e commande"
14336.0,17,4,1614.91,3,0.991218411359606,-0.1972657565169024,Clients fidèles,"Fidélité à paliers, recommandations de produits complémentaires"
14338.0,161,2,588.22,1,-0.7916352459442375,0.6320602910356605,Clients perdus,"Campagne de réactivation avec remise, à faible coût"
14339.0,243,1,309.52,1,-1.6207841569667343,0.502182275029882,Clients perdus,"Campagne de réactivation avec remise, à faible coût"
14340.0,219,1,134.7,1,-1.9756417619397948,0.13466111629504918,Clients perdus,"Campagne de réactivation avec remise, à faible coût"
14341.0,45,8,2166.98,3,1.3057210842216374,0.7314856484885328,Clients fidèles,"Fidélité à paliers, recommandations de produits complémentaires"
14342.0,21,4,668.5600000000001,3,0.4948177632013094,-0.3912072470192491,Clients fidèles,"Fidélité à paliers, recommandations de produits complémentaires"
14344.0,127,8,889.9300000000001,3,0.4911840182386023,1.0564600639879873,Clients fidèles,"Fidélité à paliers, recommandations de produits complémentaires"
14345.0,39,1,108.97999999999999,1,-1.4247045616845642,-1.0234405422367556,Clients perdus,"Campagne de réactivation avec remise, à faible coût"
14346.0,121,2,1021.58,3,-0.42067893544230134,0.6531739210031987,Clients fidèles,"Fidélité à paliers, recommandations de produits complémentaires"
14348.0,260,1,409.57,1,-1.5134368402706682,0.6467485231928342,Clients perdus,"Campagne de réactivation avec remise, à faible coût"
14349.0,10,1,133.5,2,-0.835772635586558,-1.7690430545479219,Nouveaux clients,"Mail de bienvenue, code promo sur la 2e commande"
14350.0,274,1,282.93,1,-1.7091132386761585,0.5454159557716314,Clients perdus,"Campagne de réactivation avec remise, à faible coût"
14351.0,165,1,51.0,1,-2.325086707781009,-0.39375640438822596,Clients perdus,"Campagne de réactivation avec remise, à faible coût"
14352.0,157,4,1078.96,3,-0.03037059233085444,1.0338391903605886,Clients fidèles,"Fidélité à paliers, recommandations de produits complémentaires"
14353.0,215,1,90.6,1,-2.1558836659723912,-0.020281985430580532,Clients perdus,"Campagne de réactivation avec remise, à faible coût"
14354.0,6,2,163.62,2,-0.19933463562723752,-1.8259501222468038,Nouveaux clients,"Mail de bienvenue, code promo sur la 2e commande"
14355.0,366,1,174.4,1,-2.0488122144943657,0.5528713014738263,Clients perdus,"Campagne de réactivation avec remise, à faible coût"
14356.0,80,2,701.23,3,-0.4433177397573314,0.25631130778156763,Clients fidèles,"Fidélité à paliers, recommandations de produits complémentaires"
14357.0,43,1,225.12,1,-1.1176995219660362,-0.7001680008381123,Clients perdus,"Campagne de réactivation avec remise, à faible coût"
14359.0,19,3,912.18,2,0.47679070338948265,-0.42445779996316285,Nouveaux clients,"Mail de bienvenue, code promo sur la 2e commande"
14360.0,32,4,2118.03,3,0.8888737810714744,0.28609619545651066,Clients fidèles,"Fidélité à paliers, recommandations de produits complémentaires"
14362.0,22,1,151.5,2,-1.0576277769537359,-1.255320114039022,Nouveaux clients,"Mail de bienvenue, code promo sur la 2e commande"
14364.0,109,8,3717.35,3,1.2297905706459606,1.4812809541421708,Clients fidèles,"Fidélité à paliers, recommandations de produits complémentaires"
14367.0,8,16,9227.82,0,3.1954271570186985,0.4696220356459031,Champions,"Programme VIP, avant-premières, remerciements personnalisés"
14368.0,320,1,155.0,1,-2.053511927990339,0.42517457579233886,Clients perdus,"Campagne de réactivation avec remise, à faible coût"
14371.0,295,1,100.5,1,-2.227320139334688,0.21702297800407488,Clients perdus,"Campagne de réactivation avec remise, à faible coût"
14373.0,358,1,76.55,1,-2.42924276180101,0.24130366685769603,Clients perdus,"Campagne de réactivation avec remise, à faible coût"
14375.0,185,1,235.56,1,-1.6467402535592752,0.23080040115037442,Clients perdus,"Campagne de réactivation avec remise, à faible coût"
14377.0,191,2,617.05,1,-0.8337618576226322,0.7572606651016032,Clients perdus,"Campagne de réactivation avec remise, à faible coût"
14379.0,44,2,348.1,2,-0.5518236163567833,-0.3714114683463726,Nouveaux clients,"Mail de bienvenue, code promo sur la 2e commande"
14381.0,52,1,202.68,1,-1.2385697401930327,-0.6202152673784029,Clients perdus,"Campagne de réactivation avec remise, à faible coût"
14382.0,26,1,615.49,2,-0.45333091600051373,-0.644265958399304,Nouveaux clients,"Mail de bienvenue, code promo sur la 2e commande"
14383.0,38,3,1247.69,3,0.3708272086690095,0.11330407081104561,Clients fidèles,"Fidélité à paliers, recommandations de produits complémentaires"
14385.0,9,3,202.11,2,0.025327717082036478,-1.4122806423921415,Nouveaux clients,"Mail de bienvenue, code promo sur la 2e commande"
14386.0,297,1,142.4,1,-2.0652429645985864,0.3473012251990124,Clients perdus,"Campagne de réactivation avec remise, à faible coût"
14387.0,33,3,1727.6,3,0.5781732166536985,0.14484658790660737,Clients fidèles,"Fidélité à paliers, recommandations de produits complémentaires"
14388.0,10,8,3212.84,0,2.03969965278723,-0.03262522537373633,Champions,"Programme VIP, avant-premières, remerciements personnalisés"
14389.0,65,2,1043.46,3,-0.17595923958169143,0.2711449971759103,Clients fidèles,"Fidélité à paliers, recommandations de produits complémentaires"
14390.0,10,9,4642.57,0,2.3105453076513838,0.14213726045416317,Champions,"Programme VIP, avant-premières, remerciements personnalisés"
14393.0,218,1,67.95,1,-2.2964851295272495,-0.11510278288404503,Clients perdus,"Campagne de réactivation avec remise, à faible coût"
14395.0,2,9,3479.91,0,2.66944873920198,-0.7871968237036591,Champions,"Programme VIP, avant-premières, remerciements personnalisés"
14396.0,65,2,487.99,1,-0.5375386124109659,-0.005572532449521927,Clients perdus,"Campagne de réactivation avec remise, à faible coût"
14397.0,3,19,2612.96,0,3.051431670608337,-0.44219749190109875,Champions,"Programme VIP, avant-premières, remerciements personnalisés"
14400.0,149,1,574.7,1,-1.1408452772450235,0.41862620585693483,Clients perdus,"Campagne de réactivation avec remise, à faible coût"
14401.0,4,13,4051.48,0,2.851797918331187,-0.2781208421516713,Champions,"Programme VIP, avant-premières, remerciements personnalisés"
14403.0,130,4,1475.81,3,0.190306490151256,1.0290684473147422,Clients fidèles,"Fidélité à paliers, recommandations de produits complémentaires"
14404.0,34,6,1449.32,3,0.9907493670278608,0.3147454881006997,Clients fidèles,"Fidélité à paliers, recommandations de produits complémentaires"
14406.0,119,1,156.75,1,-1.6724165404166158,-0.19496645497710435,Clients perdus,"Campagne de réactivation avec remise, à faible coût"
14407.0,107,5,2142.73,3,0.606862614755188,1.1126836716716677,Clients fidèles,"Fidélité à paliers, recommandations de produits complémentaires"
14408.0,11,7,2599.03,0,1.798723008719909,-0.1000644134695944,Champions,"Programme VIP, avant-premières, remerciements personnalisés"
14409.0,71,6,2059.4500000000003,3,0.8825690561125956,0.9003770665428903,Clients fidèles,"Fidélité à paliers, recommandations de produits complémentaires"
14410.0,92,9,1099.27,3,0.8092352921859746,0.9713429083001894,Clients fidèles,"Fidélité à paliers, recommandations de produits complémentaires"
14411.0,311,1,1063.0,1,-1.1279105684598507,1.1071869162031769,Clients perdus,"Campagne de réactivation avec remise, à faible coût"
14412.0,43,2,770.03,3,-0.1657219093034068,-0.09675181165192455,Clients fidèles,"Fidélité à paliers, recommandations de produits complémentaires"
14413.0,362,1,121.05,1,-2.217403549935636,0.4136925976080215,Clients perdus,"Campagne de réactivation avec remise, à faible coût"
14414.0,92,7,1496.98,3,0.7539743700740684,0.9979180695142039,Clients fidèles,"Fidélité à paliers, recommandations de produits complémentaires"
14415.0,1,13,5855.57,0,3.3771820543949533,-0.7251402690487057,Champions,"Programme VIP, avant-premières, remerciements personnalisés"
14416.0,22,2,490.22,2,-0.13277598381329925,-0.6726633772201314,Nouveaux clients,"Mail de bienvenue, code promo sur la 2e commande"
14418.0,4,3,1937.25,2,1.3648059969806192,-1.0294919949815875,Nouveaux clients,"Mail de bienvenue, code promo sur la 2e commande"
14419.0,11,6,1051.79,3,1.2469378321854994,-0.4811364798117553,Clients fidèles,"Fidélité à paliers, recommandations de produits complémentaires"
14420.0,99,1,387.52,1,-1.1733516298092759,0.018017557770325432,Clients perdus,"Campagne de réactivation avec remise, à faible coût"
14421.0,57,2,813.11,3,-0.24532253891236275,0.09832475243403119,Clients fidèles,"Fidélité à paliers, recommandations de produits complémentaires"
14422.0,1,6,4263.64,0,2.5977329080267575,-1.1077356993518073,Champions,"Programme VIP, avant-premières, remerciements personnalisés"
14423.0,218,1,265.2,1,-1.6528735002241703,0.3774546843889559,Clients perdus,"Campagne de réactivation avec remise, à faible coût"
14424.0,18,1,322.08,2,-0.626978731580931,-1.1027881411005032,Nouveaux clients,"Mail de bienvenue, code promo sur la 2e commande"
14426.0,24,10,4481.67,0,2.0665987283489056,0.6868060357448069,Champions,"Programme VIP, avant-premières, remerciements personnalisés"
14427.0,50,2,363.34000000000003,2,-0.579266713275837,-0.276429079009989,Nouveaux clients,"Mail de bienvenue, code promo sur la 2e commande"
14428.0,7,5,1224.06,2,1.334259076906955,-0.7424668702765719,Nouveaux clients,"Mail de bienvenue, code promo sur la 2e commande"
14431.0,303,1,470.36,1,-1.5058956660143277,0.7938434005880614,Clients perdus,"Campagne de réactivation avec remise, à faible coût"
14432.0,10,6,2248.5,0,1.6419149516032305,-0.2594902191829987,Champions,"Programme VIP, avant-premières, remerciements personnalisés"
14434.0,22,6,1372.8,3,1.1252709250695254,0.02863010625960214,Clients fidèles,"Fidélité à paliers, recommandations de produits complémentaires"
14436.0,99,1,89.06,1,-1.8698495641919073,-0.5150139209987366,Clients perdus,"Campagne de réactivation avec remise, à faible coût"
14437.0,366,1,63.0,1,-2.5291559991245482,0.18526309303613178,Clients perdus,"Campagne de réactivation avec remise, à faible coût"
14438.0,306,1,131.9,1,-2.1128356553200813,0.3384507447822413,Clients perdus,"Campagne de réactivation avec remise, à faible coût"
14439.0,320,1,2661.24,1,-0.7018093904577429,1.4596356515104412,Clients perdus,"Campagne de réactivation avec remise, à faible coût"
14440.0,8,5,2357.6800000000003,0,1.60140060353825,-0.4288770955839068,Champions,"Programme VIP, avant-premières, remerciements personnalisés"
14441.0,1,4,1712.89,0,1.858408140001713,-1.5697007272140262,Champions,"Programme VIP, avant-premières, remerciements personnalisés"
14442.0,205,2,1589.82,3,-0.4101942873256366,1.1466375238842483,Clients fidèles,"Fidélité à paliers, recommandations de produits complémentaires"
14443.0,54,4,1420.2,3,0.5034655352443904,0.4645080332838296,Clients fidèles,"Fidélité à paliers, recommandations de produits complémentaires"
14446.0,1,4,1005.55,2,1.6048272182403442,-1.7637667926559784,Nouveaux clients,"Mail de bienvenue, code promo sur la 2e commande"
14447.0,19,5,1163.23,3,0.9600529645392093,-0.1797505524770517,Clients fidèles,"Fidélité à paliers, recommandations de produits complémentaires"
14448.0,9,2,375.35,2,0.05840911389359852,-1.2981790480423314,Nouveaux clients,"Mail de bienvenue, code promo sur la 2e commande"
14449.0,19,4,885.8,3,0.6650977408696354,-0.34921246162023806,Clients fidèles,"Fidélité à paliers, recommandations de produits complémentaires"
14450.0,181,3,483.25,1,-0.6687953823954792,0.7451593226809174,Clients perdus,"Campagne de réactivation avec remise, à faible coût"
14451.0,60,2,643.9,3,-0.3755940732542196,0.045360294535173144,Clients fidèles,"Fidélité à paliers, recommandations de produits complémentaires"
14452.0,11,2,259.05,2,-0.18733667735682488,-1.3172973533329535,Nouveaux clients,"Mail de bienvenue, code promo sur la 2e commande"
14453.0,190,1,119.93,1,-1.9765600032386423,0.002970073703744539,Clients perdus,"Campagne de réactivation avec remise, à faible coût"
14456.0,5,9,3014.32,0,2.3363171892041947,-0.399825993083738,Champions,"Programme VIP, avant-premières, remerciements personnalisés"
14457.0,311,1,113.64,1,-2.1894240383449164,0.29480820457404366,Clients perdus,"Campagne de réactivation avec remise, à faible coût"
14459.0,155,1,1837.92,1,-0.6025076907027723,0.8669617770507684,Clients perdus,"Campagne de réactivation avec remise, à faible coût"
14460.0,110,3,434.34,1,-0.530678551346536,0.3926450134507015,Clients perdus,"Campagne de réactivation avec remise, à faible coût"
14461.0,148,3,2102.67,3,0.10742795545865567,1.1538153229101267,Clients fidèles,"Fidélité à paliers, recommandations de produits complémentaires"
14462.0,66,11,1975.57,3,1.378839823471694,1.0471338246274262,Clients fidèles,"Fidélité à paliers, recommandations de produits complémentaires"
14463.0,98,3,529.62,3,-0.39268690850704724,0.39222994772430747,Clients fidèles,"Fidélité à paliers, recommandations de produits complémentaires"
14465.0,247,3,1038.44,3,-0.42304203257466083,1.2199663892462032,Clients fidèles,"Fidélité à paliers, recommandations de produits complémentaires"
14466.0,29,7,2272.4,3,1.384821244874493,0.43227273051859344,Clients fidèles,"Fidélité à paliers, recommandations de produits complémentaires"
14467.0,18,4,596.26,2,0.496364764163124,-0.5258760431030374,Nouveaux clients,"Mail de bienvenue, code promo sur la 2e commande"
14470.0,12,2,461.19,2,0.056097932057326876,-1.0568232840284004,Nouveaux clients,"Mail de bienvenue, code promo sur la 2e commande"
14472.0,104,8,1852.67,3,0.9158986557911191,1.197950145576286,Clients fidèles,"Fidélité à paliers, recommandations de produits complémentaires"
14473.0,74,2,234.34000000000003,1,-0.9347878424119224,-0.19112921653952755,Clients perdus,"Campagne de réactivation avec remise, à faible coût"
14474.0,46,1,547.66,2,-0.7205636807220239,-0.3351178985919603,Nouveaux clients,"Mail de bienvenue, code promo sur la 2e commande"
14475.0,72,3,925.85,3,-0.010599619064300268,0.40232324115213963,Clients fidèles,"Fidélité à paliers, recommandations de produits complémentaires"
14476.0,257,1,193.0,1,-1.8662058395149848,0.3660605509251076,Clients perdus,"Campagne de réactivation avec remise, à faible coût"
14477.0,20,4,1309.6,3,0.8325730844266797,-0.1758309198755443,Clients fidèles,"Fidélité à paliers, recommandations de produits complémentaires"
14479.0,254,2,316.25,1,-1.2598662166256416,0.694120844295279,Clients perdus,"Campagne de réactivation avec remise, à faible coût"
14480.0,11,1,279.05,2,-0.519577541932898,-1.4464275770152868,Nouveaux clients,"Mail de bienvenue, code promo sur la 2e commande"
14481.0,165,2,636.51,1,-0.7634209702479882,0.6762555157324158,Clients perdus,"Campagne de réactivation avec remise, à faible coût"
14482.0,18,6,2022.81,3,1.3828117456555855,0.04868195472086067,Clients fidèles,"Fidélité à paliers, recommandations de produits complémentaires"
14483.0,282,1,137.1,1,-2.0634614029491405,0.30080542735908494,Clients perdus,"Campagne de réactivation avec remise, à faible coût"
14484.0,50,1,321.92,1,-1.0043078944842312,-0.47657959946981215,Clients perdus,"Campagne de réactivation avec remise, à faible coût"
14485.0,39,1,162.8,1,-1.2349143703820995,-0.8781936702334857,Clients perdus,"Campagne de réactivation avec remise, à faible coût"
14487.0,27,6,1165.48,3,0.9722038429503598,0.09377261098261014,Clients fidèles,"Fidélité à paliers, recommandations de produits complémentaires"
14488.0,68,1,1064.28,1,-0.551074531255173,0.150394892561904,Clients perdus,"Campagne de réactivation avec remise, à faible coût"
14489.0,207,1,463.38,1,-1.3680727016852403,0.5476588192902583,Clients perdus,"Campagne de réactivation avec remise, à faible coût"
14491.0,175,2,340.93,1,-1.082568462324459,0.4862177538966019,Clients perdus,"Campagne de réactivation avec remise, à faible coût"
14493.0,7,5,2383.2400000000002,0,1.6515184007053203,-0.4996675765968112,Champions,"Programme VIP, avant-premières, remerciements personnalisés"
14494.0,26,1,139.56,2,-1.157708810632157,-1.1833279889572885,Nouveaux clients,"Mail de bienvenue, code promo sur la 2e commande"
14495.0,51,2,123.8,1,-1.0971324826167366,-0.6547588340790047,Clients perdus,"Campagne de réactivation avec remise, à faible coût"
14496.0,312,2,538.8100000000001,1,-1.0848920781916116,1.0179399279467822,Clients perdus,"Campagne de réactivation avec remise, à faible coût"
14497.0,309,1,475.37,1,-1.5083226392623887,0.8100973802765679,Clients perdus,"Campagne de réactivation avec remise, à faible coût"
14498.0,43,5,1957.32,3,0.9066965251687662,0.5100536918804716,Clients fidèles,"Fidélité à paliers, recommandations de produits complémentaires"
14499.0,26,3,808.44,3,0.30472315331918715,-0.2780442300048032,Clients fidèles,"Fidélité à paliers, recommandations de produits complémentaires"
14500.0,88,3,356.85,1,-0.5397062655553616,0.18104088106612476,Clients perdus,"Campagne de réactivation avec remise, à faible coût"
14501.0,184,2,251.21,1,-1.246617768473398,0.4068850600148414,Clients perdus,"Campagne de réactivation avec remise, à faible coût"
14502.0,20,11,2426.79,0,1.919886344979742,0.3861056233141592,Champions,"Programme VIP, avant-premières, remerciements personnalisés"
14503.0,3,6,3543.26,0,2.244857256887848,-0.7354750749632188,Champions,"Programme VIP, avant-premières, remerciements personnalisés"
14504.0,47,4,673.26,3,0.20019988745671077,0.10626882915261471,Clients fidèles,"Fidélité à paliers, recommandations de produits complémentaires"
14505.0,17,8,5859.43,0,2.1378443992511253,0.4988472788946694,Champions,"Programme VIP, avant-premières, remerciements personnalisés"
14506.0,17,5,1960.65,3,1.2488642713675813,-0.05635678960476856,Clients fidèles,"Fidélité à paliers, recommandations de produits complémentaires"
14507.0,24,6,1367.88,3,1.091717274333971,0.08021847226358668,Clients fidèles,"Fidélité à paliers, recommandations de produits complémentaires"
14508.0,22,2,268.05,2,-0.41959259182751096,-0.8921647901580677,Nouveaux clients,"Mail de bienvenue, code promo sur la 2e commande"
14511.0,11,5,1314.81,3,1.2134556781727064,-0.45918652915298513,Clients fidèles,"Fidélité à paliers, recommandations de produits complémentaires"
14512.0,188,2,275.28,1,-1.2113581289074524,0.45369187070456385,Clients perdus,"Campagne de réactivation avec remise, à faible coût"
14513.0,101,3,455.59000000000003,1,-0.4756786249657862,0.3563799751332323,Clients perdus,"Campagne de réactivation avec remise, à faible coût"
14514.0,61,3,990.2,3,0.08375698815346162,0.3231864996262322,Clients fidèles,"Fidélité à paliers, recommandations de produits complémentaires"
14515.0,18,6,2076.89,3,1.3953760795191046,0.05829746846241404,Clients fidèles,"Fidélité à paliers, recommandations de produits complémentaires"
14517.0,33,2,330.45,2,-0.4694919865124278,-0.5681496882797918,Nouveaux clients,"Mail de bienvenue, code promo sur la 2e commande"
14518.0,64,1,174.37,1,-1.3878166547013064,-0.5453056802778863,Clients perdus,"Campagne de réactivation avec remise, à faible coût"
14520.0,2,2,270.6,2,0.36280800733912727,-2.1809047061478024,Nouveaux clients,"Mail de bienvenue, code promo sur la 2e commande"
14522.0,24,4,974.54,3,0.6253161468419348,-0.1728774627802963,Clients fidèles,"Fidélité à paliers, recommandations de produits complémentaires"
14523.0,108,1,241.09,1,-1.4316383318576522,-0.09979175566673093,Clients perdus,"Campagne de réactivation avec remise, à faible coût"
14524.0,32,9,1843.83,3,1.4511705778133785,0.5025044307579823,Clients fidèles,"Fidélité à paliers, recommandations de produits complémentaires"
14525.0,20,9,4215.9,0,2.0176705561523027,0.5172081112648246,Champions,"Programme VIP, avant-premières, remerciements personnalisés"
14527.0,3,55,8506.13,0,4.546974125212039,0.38458387640007496,Champions,"Programme VIP, avant-premières, remerciements personnalisés"
14528.0,37,1,364.21999999999997,2,-0.8332868340829863,-0.6183590330268801,Nouveaux clients,"Mail de bienvenue, code promo sur la 2e commande"
14529.0,60,3,578.61,3,-0.16567395215699673,0.11722832341024465,Clients fidèles,"Fidélité à paliers, recommandations de produits complémentaires"
14530.0,26,6,2862.11,3,1.4139002178938822,0.39810314251192785,Clients fidèles,"Fidélité à paliers, recommandations de produits complémentaires"
14532.0,236,4,932.85,3,-0.25447939318730173,1.2380596685043412,Clients fidèles,"Fidélité à paliers, recommandations de produits complémentaires"
14533.0,25,7,1949.72,3,1.3665399105352758,0.2856750385674999,Clients fidèles,"Fidélité à paliers, recommandations de produits complémentaires"
14534.0,3,18,4395.65,0,3.252675278513337,-0.27235517792212016,Champions,"Programme VIP, avant-premières, remerciements personnalisés"
14535.0,60,3,2854.84,3,0.5941420538354362,0.6987172687084701,Clients fidèles,"Fidélité à paliers, recommandations de produits complémentaires"
14536.0,260,1,170.95,1,-1.9281060664373095,0.32940120611924134,Clients perdus,"Campagne de réactivation avec remise, à faible coût"
14537.0,58,1,355.56,1,-1.0127421702314572,-0.3480079260994592,Clients perdus,"Campagne de réactivation avec remise, à faible coût"
14538.0,65,2,388.25,1,-0.646225039671613,-0.08875050640319958,Clients perdus,"Campagne de réactivation avec remise, à faible coût"
14539.0,16,2,537.48,2,0.02643348423537221,-0.8309339551378129,Nouveaux clients,"Mail de bienvenue, code promo sur la 2e commande"
14540.0,10,3,952.66,2,0.7257761851660229,-0.7879049360293386,Nouveaux clients,"Mail de bienvenue, code promo sur la 2e commande"
14541.0,59,8,1453.35,3,1.0140324805141556,0.7544742551054434,Clients fidèles,"Fidélité à paliers, recommandations de produits complémentaires"
14542.0,186,1,103.25,1,-2.039190707745702,-0.0645740983035903,Clients perdus,"Campagne de réactivation avec remise, à faible coût"
14543.0,29,16,3560.08,0,2.2819158258081735,0.8861925374890752,Champions,"Programme VIP, avant-premières, remerciements personnalisés"
14544.0,24,2,2004.3,3,0.5055724048359752,-0.10686682772928581,Clients fidèles,"Fidélité à paliers, recommandations de produits complémentaires"
14546.0,5,5,2573.93,0,1.7980456467754242,-0.6541156509016173,Champions,"Programme VIP, avant-premières, remerciements personnalisés"
14547.0,4,8,3974.75,0,2.442181571429452,-0.4552429336259574,Champions,"Programme VIP, avant-premières, remerciements personnalisés"
14548.0,151,2,652.8,1,-0.7177504934548808,0.6295610690610403,Clients perdus,"Campagne de réactivation avec remise, à faible coût"
14549.0,311,1,289.24,1,-1.7468501372929148,0.6335110338242774,Clients perdus,"Campagne de réactivation avec remise, à faible coût"
14550.0,11,2,757.37,2,0.32259972385766683,-0.9270418470356295,Nouveaux clients,"Mail de bienvenue, code promo sur la 2e commande"
14551.0,18,2,186.23,2,-0.519365751111393,-1.145566156233268,Nouveaux clients,"Mail de bienvenue, code promo sur la 2e commande"
14552.0,152,1,164.22,1,-1.7431568539580344,-0.02397377857479468,Clients perdus,"Campagne de réactivation avec remise, à faible coût"
14553.0,19,5,859.27,3,0.8158959382134043,-0.29007425786679536,Clients fidèles,"Fidélité à paliers, recommandations de produits complémentaires"
14554.0,10,4,2279.4900000000002,3,1.3434313106953977,-0.384078513691668,Clients fidèles,"Fidélité à paliers, recommandations de produits complémentaires"
14555.0,57,2,312.54,1,-0.699930055038698,-0.249587430241917,Clients perdus,"Campagne de réactivation avec remise, à faible coût"
14557.0,85,1,788.38,1,-0.7779984157724837,0.1808195700919558,Clients perdus,"Campagne de réactivation avec remise, à faible coût"
14560.0,7,22,2237.77,0,2.8395818015794307,-0.005142784721776334,Champions,"Programme VIP, avant-premières, remerciements personnalisés"
14561.0,76,3,1080.76,3,0.04266273527953129,0.4925190468140607,Clients fidèles,"Fidélité à paliers, recommandations de produits complémentaires"
14562.0,4,18,5006.77,0,3.2294625510583748,-0.08333998720390344,Champions,"Programme VIP, avant-premières, remerciements personnalisés"
14565.0,96,4,2949.12,3,0.6347459634761432,1.0907479821497286,Clients fidèles,"Fidélité à paliers, recommandations de produits complémentaires"
14566.0,111,1,1432.0,1,-0.594787970706768,0.565811707073792,Clients perdus,"Campagne de réactivation avec remise, à faible coût"
14567.0,57,2,1530.3600000000001,3,0.05570217037408492,0.3286996581101096,Clients fidèles,"Fidélité à paliers, recommandations de produits complémentaires"
14569.0,1,1,227.39,2,0.06756062283962314,-2.657455195384677,Nouveaux clients,"Mail de bienvenue, code promo sur la 2e commande"
14570.0,281,2,217.21,1,-1.476603563741486,0.6215143666996898,Clients perdus,"Campagne de réactivation avec remise, à faible coût"
14572.0,3,7,2804.54,0,2.25453889981064,-0.7692760956791899,Champions,"Programme VIP, avant-premières, remerciements personnalisés"
14573.0,180,9,1639.82,3,0.7453283218073177,1.53950056554488,Clients fidèles,"Fidélité à paliers, recommandations de produits complémentaires"
14576.0,372,1,35.400000000000006,1,-2.8042132265674753,-0.010211463991256262,Clients perdus,"Campagne de réactivation avec remise, à faible coût"
14577.0,13,4,859.71,2,0.7870880963687401,-0.5863721476987143,Nouveaux clients,"Mail de bienvenue, code promo sur la 2e commande"
14578.0,3,1,168.63,2,-0.3388704944456932,-2.326180693003025,Nouveaux clients,"Mail de bienvenue, code promo sur la 2e commande"
14581.0,17,1,138.6,2,-1.0061226900182272,-1.4430502418883995,Nouveaux clients,"Mail de bienvenue, code promo sur la 2e commande"
14582.0,41,1,114.11,1,-1.4216171254671852,-0.9758654458746778,Clients perdus,"Campagne de réactivation avec remise, à faible coût"
14583.0,6,5,986.96,2,1.2827716944541103,-0.9056095254281508,Nouveaux clients,"Mail de bienvenue, code promo sur la 2e commande"
14584.0,169,4,1033.06,3,-0.07902024686639599,1.0644427349716106,Clients fidèles,"Fidélité à paliers, recommandations de produits complémentaires"
14585.0,50,1,157.05,1,-1.344723608799135,-0.7371005323256105,Clients perdus,"Campagne de réactivation avec remise, à faible coût"
14586.0,277,1,237.36,1,-1.796608683212235,0.48850985039168654,Clients perdus,"Campagne de réactivation avec remise, à faible coût"
14587.0,19,9,1580.29,0,1.5689798731150666,0.1286118203356451,Champions,"Programme VIP, avant-premières, remerciements personnalisés"
14589.0,372,1,39.75,1,-2.750428904782466,0.030949801764780883,Clients perdus,"Campagne de réactivation avec remise, à faible coût"
14591.0,15,4,1320.21,3,0.9402689112516639,-0.3454032736978949,Clients fidèles,"Fidélité à paliers, recommandations de produits complémentaires"
14592.0,35,3,557.94,2,0.0184270820392149,-0.2305615606347121,Nouveaux clients,"Mail de bienvenue, code promo sur la 2e commande"
14593.0,22,3,617.15,2,0.23750498557908128,-0.4780708205556195,Nouveaux clients,"Mail de bienvenue, code promo sur la 2e commande"
14594.0,7,2,363.33,2,0.1281648122201773,-1.4515747955930773,Nouveaux clients,"Mail de bienvenue, code promo sur la 2e commande"
14595.0,20,6,1740.6,3,1.273037660400043,0.0574157123524985,Clients fidèles,"Fidélité à paliers, recommandations de produits complémentaires"
14597.0,11,2,866.24,2,0.3865119490760727,-0.8781296733767298,Nouveaux clients,"Mail de bienvenue, code promo sur la 2e commande"
14598.0,44,1,221.97,1,-1.1329659738125288,-0.6910265797334746,Clients perdus,"Campagne de réactivation avec remise, à faible coût"
14600.0,306,1,393.33000000000004,1,-1.5946597889600158,0.7350119327966321,Clients perdus,"Campagne de réactivation avec remise, à faible coût"
14601.0,11,1,213.96,2,-0.645604594798733,-1.5428763718182852,Nouveaux clients,"Mail de bienvenue, code promo sur la 2e commande"
14603.0,275,1,660.0,1,-1.3078921862806765,0.8558349435684525,Clients perdus,"Campagne de réactivation avec remise, à faible coût"
14606.0,1,90,11926.15,0,5.412789557054006,0.25504002570645556,Champions,"Programme VIP, avant-premières, remerciements personnalisés"
14607.0,16,12,15021.5,0,2.9414946572222855,0.9474287436870671,Champions,"Programme VIP, avant-premières, remerciements personnalisés"
14608.0,4,4,1785.15,0,1.5281428612107142,-0.9733563879322605,Champions,"Programme VIP, avant-premières, remerciements personnalisés"
14609.0,72,4,601.56,3,-0.01348509829969493,0.33124850461243016,Clients fidèles,"Fidélité à paliers, recommandations de produits complémentaires"
14616.0,243,3,406.08000000000004,1,-0.8634633981648694,0.8678427991904241,Clients perdus,"Campagne de réactivation avec remise, à faible coût"
14618.0,9,3,553.44,2,0.503777588092881,-1.0461218504241045,Nouveaux clients,"Mail de bienvenue, code promo sur la 2e commande"
14619.0,246,1,394.44,1,-1.510270537875854,0.5980825868496201,Clients perdus,"Campagne de réactivation avec remise, à faible coût"
14620.0,206,2,412.78000000000003,1,-1.0536562799900806,0.6586820780653998,Clients perdus,"Campagne de réactivation avec remise, à faible coût"
14621.0,1,5,1788.3600000000001,0,2.0442085334396083,-1.4837752619007136,Champions,"Programme VIP, avant-premières, remerciements personnalisés"
14622.0,185,1,320.58000000000004,1,-1.500450874773062,0.3427560008058717,Clients perdus,"Campagne de réactivation avec remise, à faible coût"
14623.0,32,5,882.02,3,0.6370806075721012,0.03713029272699923,Clients fidèles,"Fidélité à paliers, recommandations de produits complémentaires"
14624.0,57,2,225.85,1,-0.8541252851756544,-0.3675933962063256,Clients perdus,"Campagne de réactivation avec remise, à faible coût"
14625.0,196,2,899.63,1,-0.6641871354871671,0.910859698292305,Clients perdus,"Campagne de réactivation avec remise, à faible coût"
14626.0,24,4,2791.27,3,1.1263533089129074,0.21056743523461535,Clients fidèles,"Fidélité à paliers, recommandations de produits complémentaires"
14628.0,91,2,671.96,1,-0.512234610880133,0.32157040994869024,Clients perdus,"Campagne de réactivation avec remise, à faible coût"
14629.0,4,2,955.26,2,0.7674177489291344,-1.397890276842086,Nouveaux clients,"Mail de bienvenue, code promo sur la 2e commande"
14631.0,51,3,1006.98,3,0.15892963995131684,0.21772408612477884,Clients fidèles,"Fidélité à paliers, recommandations de produits complémentaires"
14632.0,263,1,114.56,1,-2.1218161015547565,0.1917450730477114,Clients perdus,"Campagne de réactivation avec remise, à faible coût"
14633.0,266,1,344.90000000000003,1,-1.6037778684897774,0.5986718640371682,Clients perdus,"Campagne de réactivation avec remise, à faible coût"
14636.0,36,2,609.85,2,-0.21049986498916162,-0.2915858100750854,Nouveaux clients,"Mail de bienvenue, code promo sur la 2e commande"
14638.0,51,1,443.6,1,-0.8593713015165202,-0.3476651749474803,Clients perdus,"Campagne de réactivation avec remise, à faible coût"
14639.0,52,6,2984.49,3,1.1762606319883868,0.8412327960794589,Clients fidèles,"Fidélité à paliers, recommandations de produits complémentaires"
14640.0,24,6,2107.38,3,1.297506133861721,0.23770916203211434,Clients fidèles,"Fidélité à paliers, recommandations de produits complémentaires"
14641.0,22,1,110.46,2,-1.2069922863396843,-1.3696291182490319,Nouveaux clients,"Mail de bienvenue, code promo sur la 2e commande"
14642.0,59,1,96.12,1,-1.6388022087458658,-0.8115585049580992,Clients perdus,"Campagne de réactivation avec remise, à faible coût"
14643.0,170,2,693.8100000000001,1,-0.7337476820680904,0.7264641306519269,Clients perdus,"Campagne de réactivation avec remise, à faible coût"
14644.0,68,2,830.76,3,-0.30142744457864695,0.21631590714594703,Clients fidèles,"Fidélité à paliers, recommandations de produits complémentaires"
14645.0,157,2,597.09,1,-0.7749681530207364,0.6216477539541821,Clients perdus,"Campagne de réactivation avec remise, à faible coût"
14646.0,2,72,279138.02,0,6.560327426135116,1.5770046492770615,Champions,"Programme VIP, avant-premières, remerciements personnalisés"
14647.0,201,1,236.04000000000002,1,-1.6772901197710175,0.2838900937473064,Clients perdus,"Campagne de réactivation avec remise, à faible coût"
14649.0,5,4,1402.59,2,1.3436755406056762,-0.9455781380252442,Nouveaux clients,"Mail de bienvenue, code promo sur la 2e commande"
14651.0,67,2,653.75,3,-0.40986042238912945,0.11980366124088303,Clients fidèles,"Fidélité à paliers, recommandations de produits complémentaires"
14652.0,77,1,114.18,1,-1.6577449442110708,-0.582930907371417,Clients perdus,"Campagne de réactivation avec remise, à faible coût"
14653.0,1,7,1916.7,0,2.3379867048504974,-1.3477304733271305,Champions,"Programme VIP, avant-premières, remerciements personnalisés"
14655.0,8,4,1932.23,3,1.3413619145642335,-0.5716173000335087,Clients fidèles,"Fidélité à paliers, recommandations de produits complémentaires"
14656.0,169,2,291.05,1,-1.1444478042249644,0.4067193606860678,Clients perdus,"Campagne de réactivation avec remise, à faible coût"
14657.0,18,4,848.22,3,0.66405660057501,-0.397541093166169,Clients fidèles,"Fidélité à paliers, recommandations de produits complémentaires"
14658.0,5,2,247.15,2,0.05506651878500533,-1.774102802829368,Nouveaux clients,"Mail de bienvenue, code promo sur la 2e commande"
14659.0,9,9,2529.93,0,2.0577932162571844,-0.13961537421491985,Champions,"Programme VIP, avant-premières, remerciements personnalisés"
14660.0,87,2,285.74,1,-0.9017168447017777,-0.017693260884385734,Clients perdus,"Campagne de réactivation avec remise, à faible coût"
14661.0,27,1,107.95,2,-1.292969801190951,-1.2531428126539041,Nouveaux clients,"Mail de bienvenue, code promo sur la 2e commande"
14662.0,29,4,741.37,3,0.4255482361359087,-0.15680878983677507,Clients fidèles,"Fidélité à paliers, recommandations de produits complémentaires"
14664.0,20,2,636.24,2,0.02596355772155799,-0.6354802571812249,Nouveaux clients,"Mail de bienvenue, code promo sur la 2e commande"
14665.0,61,5,1835.7,3,0.745174497626518,0.7042363703656735,Clients fidèles,"Fidélité à paliers, recommandations de produits complémentaires"
14666.0,24,1,179.95,2,-1.0079734609664002,-1.1400524988108705,Nouveaux clients,"Mail de bienvenue, code promo sur la 2e commande"
14667.0,11,25,9170.79,0,3.467749594684408,0.8134894612779162,Champions,"Programme VIP, avant-premières, remerciements personnalisés"
14669.0,242,3,1259.24,3,-0.3234909450596326,1.2772793427983962,Clients fidèles,"Fidélité à paliers, recommandations de produits complémentaires"
14670.0,280,2,392.86,1,-1.1938889868926061,0.8345845895133152,Clients perdus,"Campagne de réactivation avec remise, à faible coût"
14672.0,235,2,765.55,1,-0.8099709961740061,0.9666731956090473,Clients perdus,"Campagne de réactivation avec remise, à faible coût"
14673.0,3,5,1736.4,0,1.7654485015482184,-1.0547937828230043,Champions,"Programme VIP, avant-premières, remerciements personnalisés"
14675.0,16,1,596.36,2,-0.29166874796449094,-0.9492438507886732,Nouveaux clients,"Mail de bienvenue, code promo sur la 2e commande"
14676.0,31,6,2548.2400000000002,3,1.2936926428167372,0.46354797484601984,Clients fidèles,"Fidélité à paliers, recommandations de produits complémentaires"
14680.0,25,16,28754.11,0,3.331739895965896,1.5570183799593469,Champions,"Programme VIP, avant-premières, remerciements personnalisés"
14681.0,71,3,498.95,3,-0.29943266146624575,0.16849681878647657,Clients fidèles,"Fidélité à paliers, recommandations de produits complémentaires"
14682.0,188,2,52.0,1,-1.9980251130737758,-0.14834619024195286,Clients perdus,"Campagne de réactivation avec remise, à faible coût"
14684.0,26,5,1201.51,3,0.8608534054943675,0.022429059408849997,Clients fidèles,"Fidélité à paliers, recommandations de produits complémentaires"
14687.0,107,1,628.38,1,-0.9729119419788311,0.24273183306385843,Clients perdus,"Campagne de réactivation avec remise, à faible coût"
14688.0,8,21,5579.1,0,3.1894314565950284,0.3854623967567586,Champions,"Programme VIP, avant-premières, remerciements personnalisés"
14689.0,209,1,112.8,1,-2.0417312920356383,0.040974045449174795,Clients perdus,"Campagne de réactivation avec remise, à faible coût"
14690.0,44,2,355.05,2,-0.542431599400582,-0.3642237360651196,Nouveaux clients,"Mail de bienvenue, code promo sur la 2e commande"
14691.0,31,5,2114.33,3,1.0650624655496295,0.33615069232697886,Clients fidèles,"Fidélité à paliers, recommandations de produits complémentaires"
14692.0,137,4,591.55,3,-0.26466477005825884,0.7291168450717888,Clients fidèles,"Fidélité à paliers, recommandations de produits complémentaires"
14693.0,265,1,172.9,1,-1.9299804546895543,0.3455510893929576,Clients perdus,"Campagne de réactivation avec remise, à faible coût"
14696.0,4,7,2078.95,0,2.0267412835044807,-0.7368301931883942,Champions,"Programme VIP, avant-premières, remerciements personnalisés"
14697.0,218,2,188.60999999999999,1,-1.4469780205679983,0.409892493011658,Clients perdus,"Campagne de réactivation avec remise, à faible coût"
14698.0,2,5,1217.27,0,1.7061998166729764,-1.3667226526223464,Champions,"Programme VIP, avant-premières, remerciements personnalisés"
14699.0,214,1,109.13000000000001,1,-2.0663361470404733,0.043948847416106225,Clients perdus,"Campagne de réactivation avec remise, à faible coût"
14700.0,32,3,2195.1,3,0.7036212653094965,0.21318848964341403,Clients fidèles,"Fidélité à paliers, recommandations de produits complémentaires"
14701.0,11,9,2526.09,0,1.9874393090625888,-0.024505865312183163,Champions,"Programme VIP, avant-premières, remerciements personnalisés"
14702.0,1,17,3251.79,0,3.324818282626831,-0.8427749418694497,Champions,"Programme VIP, avant-premières, remerciements personnalisés"
14703.0,15,1,318.17,2,-0.5671485672859145,-1.2162480783108078,Nouveaux clients,"Mail de bienvenue, code promo sur la 2e commande"
14704.0,20,7,1461.6200000000001,3,1.3109049820773608,0.045185256723632425,Clients fidèles,"Fidélité à paliers, recommandations de produits complémentaires"
14705.0,199,1,179.0,1,-1.8046415985094402,0.17720706152206792,Clients perdus,"Campagne de réactivation avec remise, à faible coût"
14708.0,3,3,1126.37,2,1.19184296968739,-1.368640944164936,Nouveaux clients,"Mail de bienvenue, code promo sur la 2e commande"
14709.0,15,13,4921.04,0,2.500196418914649,0.5306521245014928,Champions,"Programme VIP, avant-premières, remerciements personnalisés"
14710.0,14,4,599.48,2,0.5892058231089851,-0.6738784360088,Nouveaux clients,"Mail de bienvenue, code promo sur la 2e commande"
14711.0,10,11,2839.62,0,2.2416610961479346,0.03315200903730942,Champions,"Programme VIP, avant-premières, remerciements personnalisés"
14712.0,29,3,917.07,3,0.3244839015214171,-0.16528708606131506,Clients fidèles,"Fidélité à paliers, recommandations de produits complémentaires"
14713.0,9,11,2662.2,0,2.247333315656939,-0.05082790328664639,Champions,"Programme VIP, avant-premières, remerciements personnalisés"
14714.0,24,1,160.19,2,-1.0630679510359993,-1.1822164393828645,Nouveaux clients,"Mail de bienvenue, code promo sur la 2e commande"
14715.0,25,4,867.38,3,0.554897535122501,-0.19042441693361897,Clients fidèles,"Fidélité à paliers, recommandations de produits complémentaires"
14716.0,43,2,307.51,2,-0.6021314123316744,-0.430737012848854,Nouveaux clients,"Mail de bienvenue, code promo sur la 2e commande"
14719.0,2,5,1581.84,0,1.8309274591081899,-1.2712682996248015,Champions,"Programme VIP, avant-premières, remerciements personnalisés"
14720.0,6,3,663.81,2,0.7264902866615348,-1.2061984945851127,Nouveaux clients,"Mail de bienvenue, code promo sur la 2e commande"
14722.0,147,1,180.42000000000002,1,-1.6859025932584961,-0.010946098474293292,Clients perdus,"Campagne de réactivation avec remise, à faible coût"
14723.0,10,6,1120.66,3,1.3103586765738344,-0.5132310026796969,Clients fidèles,"Fidélité à paliers, recommandations de produits complémentaires"
14725.0,25,1,655.58,2,-0.408900383397257,-0.6452359159762412,Nouveaux clients,"Mail de bienvenue, code promo sur la 2e commande"
14727.0,274,1,268.58,1,-1.7338228132923883,0.526505661214738,Clients perdus,"Campagne de réactivation avec remise, à faible coût"
14729.0,374,1,313.49,1,-1.778860372222392,0.7794488996105893,Clients perdus,"Campagne de réactivation avec remise, à faible coût"
14730.0,1,8,1897.57,0,2.4399770540271066,-1.306027176262311,Champions,"Programme VIP, avant-premières, remerciements personnalisés"
14731.0,47,3,380.02,2,-0.27401022742605907,-0.187778795040051,Nouveaux clients,"Mail de bienvenue, code promo sur la 2e commande"
14732.0,8,8,2702.4900000000002,0,2.0339498250027814,-0.22298065456520402,Champions,"Programme VIP, avant-premières, remerciements personnalisés"
14733.0,16,12,9585.91,0,2.727499791017098,0.7836579780444589,Champions,"Programme VIP, avant-premières, remerciements personnalisés"
14735.0,4,31,6050.69,0,3.7922164958649534,0.18645446139924157,Champions,"Programme VIP, avant-premières, remerciements personnalisés"
14737.0,4,3,1164.55,2,1.1224903812824476,-1.214936695659587,Nouveaux clients,"Mail de bienvenue, code promo sur la 2e commande"
14738.0,43,7,1314.45,3,0.9778913448782615,0.47575492701346495,Clients fidèles,"Fidélité à paliers, recommandations de produits complémentaires"
14739.0,4,7,3902.28,0,2.3266498540103058,-0.50730947110049,Champions,"Programme VIP, avant-premières, remerciements personnalisés"
14740.0,197,3,1448.21,3,-0.17871085734677677,1.1983034898599016,Clients fidèles,"Fidélité à paliers, recommandations de produits complémentaires"
14741.0,12,6,1400.34,3,1.3526244903936708,-0.3260812358965618,Clients fidèles,"Fidélité à paliers, recommandations de produits complémentaires"
14744.0,16,7,1099.98,3,1.2562824652445244,-0.19243081544314716,Clients fidèles,"Fidélité à paliers, recommandations de produits complémentaires"
14745.0,113,5,1220.26,3,0.3181360221904758,0.9418228963487256,Clients fidèles,"Fidélité à paliers, recommandations de produits complémentaires"
14747.0,249,1,328.2,1,-1.6022293051730179,0.5388936020646513,Clients perdus,"Campagne de réactivation avec remise, à faible coût"
14748.0,29,5,1415.75,3,0.8987302015388673,0.1490504566316757,Clients fidèles,"Fidélité à paliers, recommandations de produits complémentaires"
14752.0,44,1,389.64,1,-0.8658006021632764,-0.486564303399065,Clients perdus,"Campagne de réactivation avec remise, à faible coût"
14753.0,87,1,563.15,1,-0.9468289370013607,0.0729168284025412,Clients perdus,"Campagne de réactivation avec remise, à faible coût"
14754.0,45,2,638.05,2,-0.2721482055701361,-0.1370080849253608,Nouveaux clients,"Mail de bienvenue, code promo sur la 2e commande"
14755.0,10,11,5010.28,0,2.5121233846431927,0.2401374234530441,Champions,"Programme VIP, avant-premières, remerciements personnalisés"
14756.0,15,1,738.96,2,-0.16652034741230917,-0.9096463758016239,Nouveaux clients,"Mail de bienvenue, code promo sur la 2e commande"
14757.0,75,1,420.5,1,-1.0297230607520849,-0.12637495556468334,Clients perdus,"Campagne de réactivation avec remise, à faible coût"
14758.0,145,4,1484.06,3,0.15155804149882884,1.0998735766003749,Clients fidèles,"Fidélité à paliers, recommandations de produits complémentaires"
14759.0,5,3,1625.97,2,1.211766379416245,-0.9776620513090633,Nouveaux clients,"Mail de bienvenue, code promo sur la 2e commande"
14760.0,297,1,89.2,1,-2.2861262765662222,0.17825871609540894,Clients perdus,"Campagne de réactivation avec remise, à faible coût"
14761.0,59,2,255.9,1,-0.8078040529572041,-0.3007281736974897,Clients perdus,"Campagne de réactivation avec remise, à faible coût"
14762.0,264,1,300.52,1,-1.6663284262651858,0.5438343176970687,Clients perdus,"Campagne de réactivation avec remise, à faible coût"
14764.0,47,1,278.3,1,-1.0502953382395555,-0.5679527816211486,Clients perdus,"Campagne de réactivation avec remise, à faible coût"
14765.0,29,3,254.11,2,-0.2856397036061455,-0.632216091042964,Nouveaux clients,"Mail de bienvenue, code promo sur la 2e commande"
14766.0,8,6,2473.37,0,1.7639476843992032,-0.35205335946056837,Champions,"Programme VIP, avant-premières, remerciements personnalisés"
14768.0,17,2,192.60000000000002,2,-0.4827768486138191,-1.1676669378014177,Nouveaux clients,"Mail de bienvenue, code promo sur la 2e commande"
14769.0,3,8,10415.33,0,2.9862944793333885,-0.24561201246173223,Champions,"Programme VIP, avant-premières, remerciements personnalisés"
14770.0,232,2,876.42,1,-0.7407242894483319,1.007812673389541,Clients perdus,"Campagne de réactivation avec remise, à faible coût"
14772.0,112,1,139.26,1,-1.705450864114564,-0.2759440705767215,Clients perdus,"Campagne de réactivation avec remise, à faible coût"
14775.0,58,3,1011.9,3,0.11301665039898351,0.2996190982279068,Clients fidèles,"Fidélité à paliers, recommandations de produits complémentaires"
14776.0,51,11,2538.3,3,1.5949958185108994,0.9776955708098994,Clients fidèles,"Fidélité à paliers, recommandations de produits complémentaires"
14778.0,127,2,730.86,1,-0.5983821055230206,0.5616658719910776,Clients perdus,"Campagne de réactivation avec remise, à faible coût"
14779.0,281,3,386.15,1,-0.9426569411757408,0.9413606259642399,Clients perdus,"Campagne de réactivation avec remise, à faible coût"
14780.0,55,2,447.68,1,-0.5157790267119177,-0.14117421896647062,Clients perdus,"Campagne de réactivation avec remise, à faible coût"
14782.0,320,1,200.10000000000002,1,-1.932520838827063,0.5177693359358068,Clients perdus,"Campagne de réactivation avec remise, à faible coût"
14784.0,26,2,289.99,2,-0.4434798955499322,-0.7618614274595613,Nouveaux clients,"Mail de bienvenue, code promo sur la 2e commande"
14785.0,10,2,77.4,2,-0.7253858521699537,-1.8096982718751207,Nouveaux clients,"Mail de bienvenue, code promo sur la 2e commande"
14788.0,7,2,679.4399999999999,2,0.425789420196714,-1.223801995307007,Nouveaux clients,"Mail de bienvenue, code promo sur la 2e commande"
14789.0,29,1,197.64,2,-1.033164433185612,-0.9903796914012719,Nouveaux clients,"Mail de bienvenue, code promo sur la 2e commande"
14790.0,17,4,745.06,2,0.6230001428496925,-0.4790640483490183,Nouveaux clients,"Mail de bienvenue, code promo sur la 2e commande"
14792.0,64,1,6.2,1,-2.9090139411280966,-1.7094814790220445,Clients perdus,"Campagne de réactivation avec remise, à faible coût"
14793.0,21,1,228.99,2,-0.8448942126182913,-1.1337066428396594,Nouveaux clients,"Mail de bienvenue, code promo sur la 2e commande"
14794.0,3,7,1319.91,0,1.8956457657779042,-1.0439378405458128,Champions,"Programme VIP, avant-premières, remerciements personnalisés"
14795.0,166,1,131.45000000000002,1,-1.8819240312253938,-0.04903739475750821,Clients perdus,"Campagne de réactivation avec remise, à faible coût"
14796.0,1,17,7973.93,0,3.752088051467738,-0.5157844003677614,Champions,"Programme VIP, avant-premières, remerciements personnalisés"
14798.0,53,3,173.74,1,-0.6904056996651524,-0.39730146521659154,Clients perdus,"Campagne de réactivation avec remise, à faible coût"
14799.0,51,1,157.7,1,-1.3501841616015546,-0.7232853910244953,Clients perdus,"Campagne de réactivation avec remise, à faible coût"
14800.0,48,12,4331.79,0,1.9448215650574776,1.1656495044331354,Champions,"Programme VIP, avant-premières, remerciements personnalisés"
14801.0,61,1,189.34,1,-1.3307429263057942,-0.5454147510804156,Clients perdus,"Campagne de réactivation avec remise, à faible coût"
14803.0,162,3,845.55,3,-0.36056115009794704,0.8788805569646643,Clients fidèles,"Fidélité à paliers, recommandations de produits complémentaires"
14804.0,9,1,353.27,2,-0.3379393672153745,-1.4763709788080903,Nouveaux clients,"Mail de bienvenue, code promo sur la 2e commande"
14805.0,15,4,546.4,2,0.5204632586189603,-0.6666815098160942,Nouveaux clients,"Mail de bienvenue, code promo sur la 2e commande"
14806.0,75,1,193.39000000000001,1,-1.3984681846802147,-0.4085764510659075,Clients perdus,"Campagne de réactivation avec remise, à faible coût"
14808.0,40,8,2718.6,3,1.4576717536217487,0.741142803789177,Clients fidèles,"Fidélité à paliers, recommandations de produits complémentaires"
14810.0,41,11,2085.33,0,1.5829494190151798,0.7705641909125954,Champions,"Programme VIP, avant-premières, remerciements personnalisés"
14813.0,370,2,152.88,1,-1.747774177548233,0.6681672068772517,Clients perdus,"Campagne de réactivation avec remise, à faible coût"
14815.0,37,2,778.5,2,-0.10452718985176736,-0.18577207093134412,Nouveaux clients,"Mail de bienvenue, code promo sur la 2e commande"
14816.0,197,1,271.85,1,-1.6026192383287468,0.3225019179807339,Clients perdus,"Campagne de réactivation avec remise, à faible coût"
14817.0,200,2,1010.34,1,-0.6166265658282296,0.9658850278635657,Clients perdus,"Campagne de réactivation avec remise, à faible coût"
14818.0,74,3,657.8,3,-0.18356653606076934,0.29499786034133424,Clients fidèles,"Fidélité à paliers, recommandations de produits complémentaires"
14819.0,64,2,272.07,1,-0.8092904662873974,-0.2276927291043909,Clients perdus,"Campagne de réactivation avec remise, à faible coût"
14820.0,21,4,507.29,2,0.3635248481848353,-0.49168601829538267,Nouveaux clients,"Mail de bienvenue, code promo sur la 2e commande"
14821.0,367,1,48.800000000000004,1,-2.6497197166082596,0.09551694802756426,Clients perdus,"Campagne de réactivation avec remise, à faible coût"
14823.0,180,3,321.43,1,-0.860468070588318,0.5933661508056487,Clients perdus,"Campagne de réactivation avec remise, à faible coût"
14824.0,10,4,1127.71,2,1.0083413933998986,-0.6405236017807572,Nouveaux clients,"Mail de bienvenue, code promo sur la 2e commande"
14825.0,4,12,2221.01,0,2.4983181512000607,-0.5257685524065118,Champions,"Programme VIP, avant-premières, remerciements personnalisés"
14828.0,197,3,2139.76,3,0.007169964202992801,1.3405585121569965,Clients fidèles,"Fidélité à paliers, recommandations de produits complémentaires"
14829.0,29,4,697.55,3,0.3965609236945898,-0.1789928470369343,Clients fidèles,"Fidélité à paliers, recommandations de produits complémentaires"
14830.0,53,1,188.03,1,-1.281272307810223,-0.6355742432088919,Clients perdus,"Campagne de réactivation avec remise, à faible coût"
14834.0,18,6,1720.3,3,1.3056745450591618,-0.01035132315736123,Clients fidèles,"Fidélité à paliers, recommandations de produits complémentaires"
14836.0,10,3,102.44999999999999,2,-0.3325093426211152,-1.5978132961112494,Nouveaux clients,"Mail de bienvenue, code promo sur la 2e commande"
14837.0,90,4,1649.5,3,0.38242849443168275,0.838479736660946,Clients fidèles,"Fidélité à paliers, recommandations de produits complémentaires"
14840.0,268,1,62.85,1,-2.411633354413024,-0.012666342801833265,Clients perdus,"Campagne de réactivation avec remise, à faible coût"
14841.0,53,6,3295.76,3,1.2163738194594136,0.8892529090027321,Clients fidèles,"Fidélité à paliers, recommandations de produits complémentaires"
14842.0,44,4,2824.69,3,0.9075400971579377,0.5877921566202273,Clients fidèles,"Fidélité à paliers, recommandations de produits complémentaires"
14844.0,64,4,3189.81,3,0.825000694889443,0.8653832758101636,Clients fidèles,"Fidélité à paliers, recommandations de produits complémentaires"
14847.0,149,1,309.4,1,-1.4351563656288815,0.1933892497725868,Clients perdus,"Campagne de réactivation avec remise, à faible coût"
14849.0,22,25,7930.54,0,3.15006325688756,1.1732419240541199,Champions,"Programme VIP, avant-premières, remerciements personnalisés"
14850.0,312,1,325.75,1,-1.6916197878849129,0.6787442873652902,Clients perdus,"Campagne de réactivation avec remise, à faible coût"
14851.0,23,2,511.35,2,-0.12896409151858867,-0.6303075028032983,Nouveaux clients,"Mail de bienvenue, code promo sur la 2e commande"
14852.0,58,6,2836.69,3,1.1111117248185458,0.8907551669717355,Clients fidèles,"Fidélité à paliers, recommandations de produits complémentaires"
14853.0,24,2,475.8,2,-0.17881590743689502,-0.6306307847127705,Nouveaux clients,"Mail de bienvenue, code promo sur la 2e commande"
14854.0,78,7,2740.03,3,1.1041586318649947,1.1147275217269674,Clients fidèles,"Fidélité à paliers, recommandations de produits complémentaires"
14855.0,119,2,645.65,1,-0.6327102984515774,0.4755886569524729,Clients perdus,"Campagne de réactivation avec remise, à faible coût"
14856.0,36,3,1290.53,3,0.4070040569209437,0.09220704347613982,Clients fidèles,"Fidélité à paliers, recommandations de produits complémentaires"
14857.0,60,2,1173.12,3,-0.09011908896375703,0.26383495973687165,Clients fidèles,"Fidélité à paliers, recommandations de produits complémentaires"
14859.0,13,4,1353.74,3,1.003206353652321,-0.4209763459567179,Clients fidèles,"Fidélité à paliers, recommandations de produits complémentaires"
14860.0,19,1,170.32,2,-0.9488081924287074,-1.3015531267532192,Nouveaux clients,"Mail de bienvenue, code promo sur la 2e commande"
14861.0,52,1,125.79,1,-1.464412572558437,-0.7930533089037229,Clients perdus,"Campagne de réactivation avec remise, à faible coût"
14862.0,26,2,841.1999999999999,2,0.06285037082117749,-0.37436570449154805,Nouveaux clients,"Mail de bienvenue, code promo sur la 2e commande"
14863.0,29,1,266.76,2,-0.890899838106404,-0.8815042680179015,Nouveaux clients,"Mail de bienvenue, code promo sur la 2e commande"
14865.0,7,2,52.2,2,-0.7885134983771656,-2.153110825109566,Nouveaux clients,"Mail de bienvenue, code promo sur la 2e commande"
14866.0,11,11,14353.4,0,2.980285499207831,0.6790536132801215,Champions,"Programme VIP, avant-premières, remerciements personnalisés"
14867.0,186,3,710.28,3,-0.49597005916731296,0.902537427694223,Clients fidèles,"Fidélité à paliers, recommandations de produits complémentaires"
14868.0,3,8,2953.59,0,2.385968433195918,-0.705042922906396,Champions,"Programme VIP, avant-premières, remerciements personnalisés"
14869.0,9,2,721.45,2,0.36911164875413016,-1.0603976800892392,Nouveaux clients,"Mail de bienvenue, code promo sur la 2e commande"
14870.0,262,1,327.25,1,-1.6229664296405315,0.5699991097098124,Clients perdus,"Campagne de réactivation avec remise, à faible coût"
14871.0,3,4,501.28000000000003,2,1.0089187196604303,-1.5774997680556808,Nouveaux clients,"Mail de bienvenue, code promo sur la 2e commande"
14873.0,210,1,519.68,1,-1.3190210593203304,0.598468087334283,Clients perdus,"Campagne de réactivation avec remise, à faible coût"
14875.0,108,2,1465.3200000000002,3,-0.20592474036448516,0.7131152107141819,Clients fidèles,"Fidélité à paliers, recommandations de produits complémentaires"
14878.0,13,9,1476.09,0,1.6727199672285509,-0.12251483295705842,Champions,"Programme VIP, avant-premières, remerciements personnalisés"
14880.0,77,3,690.59,3,-0.1754028941985423,0.3375900864553102,Clients fidèles,"Fidélité à paliers, recommandations de produits complémentaires"
14881.0,20,1,255.4,2,-0.7753369376962072,-1.1235829003295765,Nouveaux clients,"Mail de bienvenue, code promo sur la 2e commande"
14882.0,27,2,589.7,2,-0.1200377624334257,-0.4806296905581782,Nouveaux clients,"Mail de bienvenue, code promo sur la 2e commande"
14883.0,19,6,761.59,3,0.8982054175663289,-0.2746565436042646,Clients fidèles,"Fidélité à paliers, recommandations de produits complémentaires"
14885.0,132,1,765.3199999999999,1,-0.9586376110261192,0.4466048367026967,Clients perdus,"Campagne de réactivation avec remise, à faible coût"
14886.0,253,1,364.8,1,-1.5580642110215215,0.5874025722885313,Clients perdus,"Campagne de réactivation avec remise, à faible coût"
14887.0,79,1,1862.0,3,-0.34125839656526613,0.4480404874312838,Clients fidèles,"Fidélité à paliers, recommandations de produits complémentaires"
14888.0,207,1,369.2,1,-1.4760633086642068,0.46501335820617085,Clients perdus,"Campagne de réactivation avec remise, à faible coût"
14889.0,336,1,135.9,1,-2.1343147860275407,0.4084107584870368,Clients perdus,"Campagne de réactivation avec remise, à faible coût"
14890.0,254,1,125.65,1,-2.0649092264519986,0.2031540462211921,Clients perdus,"Campagne de réactivation avec remise, à faible coût"
14891.0,148,2,554.38,1,-0.7878686777288184,0.5574270654476284,Clients perdus,"Campagne de réactivation avec remise, à faible coût"
14893.0,10,2,1237.8500000000001,2,0.5896532702997216,-0.8032957924327346,Nouveaux clients,"Mail de bienvenue, code promo sur la 2e commande"
14894.0,85,1,655.75,1,-0.8656375507199205,0.11374913758524516,Clients perdus,"Campagne de réactivation avec remise, à faible coût"
14895.0,8,20,11138.710000000001,0,3.476632387169206,0.6196149210599778,Champions,"Programme VIP, avant-premières, remerciements personnalisés"
14896.0,205,2,468.77000000000004,1,-0.9913419525554066,0.7018838726689165,Clients perdus,"Campagne de réactivation avec remise, à faible coût"
14897.0,8,4,1366.38,2,1.1763715480460604,-0.6978848088177019,Nouveaux clients,"Mail de bienvenue, code promo sur la 2e commande"
14898.0,23,6,1269.31,3,1.0717020679691938,0.027072360559202348,Clients fidèles,"Fidélité à paliers, recommandations de produits complémentaires"
14901.0,11,9,1421.29,0,1.7135794243469156,-0.2340914679671455,Champions,"Programme VIP, avant-premières, remerciements personnalisés"
14902.0,26,1,332.66,2,-0.7458289877989607,-0.8681154087010096,Nouveaux clients,"Mail de bienvenue, code promo sur la 2e commande"
14903.0,21,5,2795.33,3,1.3411357526166532,0.20021386093214602,Clients fidèles,"Fidélité à paliers, recommandations de produits complémentaires"
14904.0,2,2,1025.44,2,0.9962499887147224,-1.6961300939354595,Nouveaux clients,"Mail de bienvenue, code promo sur la 2e commande"
14905.0,158,2,616.15,1,-0.76243124288744,0.6370887842132996,Clients perdus,"Campagne de réactivation avec remise, à faible coût"
14907.0,3,7,3501.1,0,2.3601982549735343,-0.6884147469973962,Champions,"Programme VIP, avant-premières, remerciements personnalisés"
14908.0,74,1,277.8,1,-1.2215906776494787,-0.285485611363158,Clients perdus,"Campagne de réactivation avec remise, à faible coût"
14910.0,3,4,434.35,2,0.9407837432225787,-1.6296436229814752,Nouveaux clients,"Mail de bienvenue, code promo sur la 2e commande"
14911.0,1,198,136161.83,0,7.282210465427354,1.4442342092176792,Champions,"Programme VIP, avant-premières, remerciements personnalisés"
14912.0,17,2,867.85,2,0.23254432004751113,-0.6202299943389324,Nouveaux clients,"Mail de bienvenue, code promo sur la 2e commande"
14913.0,36,4,1227.43,3,0.5854119800127067,0.15987656670107067,Clients fidèles,"Fidélité à paliers, recommandations de produits complémentaires"
14915.0,91,2,307.48,1,-0.8838743937537802,0.037153625266990946,Clients perdus,"Campagne de réactivation avec remise, à faible coût"
14916.0,71,4,1268.98,3,0.347004394741146,0.5943501191862202,Clients fidèles,"Fidélité à paliers, recommandations de produits complémentaires"
14918.0,116,2,1610.15,3,-0.18809659718269742,0.792391352494535,Clients fidèles,"Fidélité à paliers, recommandations de produits complémentaires"
14920.0,213,2,977.77,1,-0.6561575863237002,0.9937071435897115,Clients perdus,"Campagne de réactivation avec remise, à faible coût"
14921.0,30,2,1316.07,3,0.22312982548291468,-0.12368399664959619,Clients fidèles,"Fidélité à paliers, recommandations de produits complémentaires"
14923.0,51,1,749.1,1,-0.6101762668826283,-0.1569556390598412,Clients perdus,"Campagne de réactivation avec remise, à faible coût"
14924.0,246,1,310.05,1,-1.6246386359924676,0.5105564170596989,Clients perdus,"Campagne de réactivation avec remise, à faible coût"
14929.0,32,1,223.88,2,-1.0104506876667256,-0.8846759344423492,Nouveaux clients,"Mail de bienvenue, code promo sur la 2e commande"
14930.0,109,3,2362.96,3,0.27890413672753206,1.0038343243471044,Clients fidèles,"Fidélité à paliers, recommandations de produits complémentaires"
14931.0,5,4,864.6800000000001,2,1.1134231112443393,-1.121790854321999,Nouveaux clients,"Mail de bienvenue, code promo sur la 2e commande"
14932.0,366,1,313.53,1,-1.7705641950794033,0.7658151537550034,Clients perdus,"Campagne de réactivation avec remise, à faible coût"
14934.0,82,2,1890.94,3,0.01956877808379564,0.6331622039064349,Clients fidèles,"Fidélité à paliers, recommandations de produits complémentaires"
14935.0,297,1,1784.71,1,-0.8636838671896274,1.2668571792134657,Clients perdus,"Campagne de réactivation avec remise, à faible coût"
14936.0,34,8,8137.02,0,2.0403109259100902,1.0404168173433717,Champions,"Programme VIP, avant-premières, remerciements personnalisés"
14937.0,57,3,1621.88,3,0.3441334922950129,0.4606524904126152,Clients fidèles,"Fidélité à paliers, recommandations de produits complémentaires"
14944.0,30,12,5900.25,0,2.2668712037724394,0.9878556496992129,Champions,"Programme VIP, avant-premières, remerciements personnalisés"
14946.0,14,1,100.9,2,-1.0864715352387304,-1.6734929154839941,Nouveaux clients,"Mail de bienvenue, code promo sur la 2e commande"
14947.0,72,2,290.82,1,-0.8219794815717775,-0.12984331777979305,Clients perdus,"Campagne de réactivation avec remise, à faible coût"
14948.0,23,6,1101.97,3,1.0044022991131263,-0.024432308074112483,Clients fidèles,"Fidélité à paliers, recommandations de produits complémentaires"
14950.0,19,1,371.2,2,-0.5791364502710639,-1.018642488179561,Nouveaux clients,"Mail de bienvenue, code promo sur la 2e commande"
14951.0,79,1,311.69,1,-1.1915821338452681,-0.20271423378199616,Clients perdus,"Campagne de réactivation avec remise, à faible coût"
14952.0,60,11,8099.49,0,2.0867232163692084,1.5019398012334868,Champions,"Programme VIP, avant-premières, remerciements personnalisés"
14953.0,25,1,285.67,2,-0.8037353165098217,-0.9474040027390873,Nouveaux clients,"Mail de bienvenue, code promo sur la 2e commande"
14954.0,12,1,294.85,2,-0.5239973509648269,-1.3756370669317168,Nouveaux clients,"Mail de bienvenue, code promo sur la 2e commande"
14957.0,253,1,58.49,1,-2.4234185145709555,-0.07485507602593741,Clients perdus,"Campagne de réactivation avec remise, à faible coût"
14958.0,147,3,483.72999999999996,1,-0.5893464334276217,0.6143320620566831,Clients perdus,"Campagne de réactivation avec remise, à faible coût"
14959.0,64,4,695.42,3,0.09981674686648398,0.3103983245096337,Clients fidèles,"Fidélité à paliers, recommandations de produits complémentaires"
14960.0,8,2,221.27,2,-0.15226054960414298,-1.5570392260463062,Nouveaux clients,"Mail de bienvenue, code promo sur la 2e commande"
14961.0,11,9,7044.68,0,2.475958972602393,0.3493593621492577,Champions,"Programme VIP, avant-premières, remerciements personnalisés"
14962.0,271,1,126.7,1,-2.085623451062122,0.2471071719160543,Clients perdus,"Campagne de réactivation avec remise, à faible coût"
14963.0,10,5,1472.34,3,1.3005622209411423,-0.47315433231369036,Clients fidèles,"Fidélité à paliers, recommandations de produits complémentaires"
14964.0,247,1,206.21,1,-1.819723065337148,0.3650019698809986,Clients perdus,"Campagne de réactivation avec remise, à faible coût"
14965.0,96,2,596.09,1,-0.5894374724862913,0.31152836708852794,Clients perdus,"Campagne de réactivation avec remise, à faible coût"
14966.0,15,1,183.02,2,-0.8295162671604907,-1.4170386853487806,Nouveaux clients,"Mail de bienvenue, code promo sur la 2e commande"
14967.0,50,1,463.8,1,-0.8307858940477951,-0.3437828115316199,Clients perdus,"Campagne de réactivation avec remise, à faible coût"
14968.0,30,1,147.59,2,-1.1840003625677447,-1.0754295036243229,Nouveaux clients,"Mail de bienvenue, code promo sur la 2e commande"
14970.0,68,4,1592.06,3,0.4712469377177964,0.6499946000125555,Clients fidèles,"Fidélité à paliers, recommandations de produits complémentaires"
14971.0,35,3,1097.98,3,0.3405485273176493,0.015958725849963846,Clients fidèles,"Fidélité à paliers, recommandations de produits complémentaires"
14972.0,128,1,114.77,1,-1.8474510795284056,-0.2619035636058119,Clients perdus,"Campagne de réactivation avec remise, à faible coût"
14973.0,107,3,1314.45,3,0.0066399723907479835,0.7784663741499704,Clients fidèles,"Fidélité à paliers, recommandations de produits complémentaires"
14974.0,37,1,89.94,1,-1.4956863798284832,-1.1252949361715796,Clients perdus,"Campagne de réactivation avec remise, à faible coût"
14975.0,57,1,279.94,1,-1.1197794001941808,-0.4457646265722682,Clients perdus,"Campagne de réactivation avec remise, à faible coût"
14976.0,57,6,774.86,3,0.499800792733733,0.40707663690334744,Clients fidèles,"Fidélité à paliers, recommandations de produits complémentaires"
14978.0,72,5,1921.3700000000001,3,0.7045192356157189,0.8244708754806831,Clients fidèles,"Fidélité à paliers, recommandations de produits complémentaires"
14981.0,246,1,102.12,1,-2.15066112656906,0.10799018939908428,Clients perdus,"Campagne de réactivation avec remise, à faible coût"
14984.0,19,2,202.37,2,-0.4995584610492764,-1.0828757469022614,Nouveaux clients,"Mail de bienvenue, code promo sur la 2e commande"
14985.0,198,2,292.01,1,-1.2030375658506747,0.507836579104051,Clients perdus,"Campagne de réactivation avec remise, à faible coût"
14987.0,16,2,326.4,2,-0.2106294669493258,-1.0123587795248996,Nouveaux clients,"Mail de bienvenue, code promo sur la 2e commande"
14988.0,212,1,334.54,1,-1.531970707467937,0.4442394434195975,Clients perdus,"Campagne de réactivation avec remise, à faible coût"
14995.0,39,2,231.98000000000002,2,-0.6995176227744051,-0.5935877797798428,Nouveaux clients,"Mail de bienvenue, code promo sur la 2e commande"
14997.0,46,3,546.1999999999999,3,-0.0935149902140621,-0.06915488935162184,Clients fidèles,"Fidélité à paliers, recommandations de produits complémentaires"
14998.0,170,2,414.87,1,-0.9782898569516606,0.5393154390838295,Clients perdus,"Campagne de réactivation avec remise, à faible coût"
15000.0,48,1,490.52,1,-0.7888764253168682,-0.34878105383691693,Clients perdus,"Campagne de réactivation avec remise, à faible coût"
15002.0,116,4,1641.76,3,0.2842093885975408,0.9961974173648509,Clients fidèles,"Fidélité à paliers, recommandations de produits complémentaires"
15004.0,147,1,1220.38,1,-0.7773618411283297,0.6843622387416092,Clients perdus,"Campagne de réactivation avec remise, à faible coût"
15005.0,16,28,6293.67,0,3.254366424185494,0.9392503859368754,Champions,"Programme VIP, avant-premières, remerciements personnalisés"
15006.0,51,1,475.43,1,-0.8264272233571048,-0.3224529957992939,Clients perdus,"Campagne de réactivation avec remise, à faible coût"
15007.0,159,1,156.91,1,-1.7818022987436566,-0.012093914269657485,Clients perdus,"Campagne de réactivation avec remise, à faible coût"
15009.0,12,3,1259.43,2,0.7948571067558129,-0.5802335053009406,Nouveaux clients,"Mail de bienvenue, code promo sur la 2e commande"
15010.0,36,1,308.94,2,-0.9012964448583852,-0.6951195512828725,Nouveaux clients,"Mail de bienvenue, code promo sur la 2e commande"
15012.0,54,2,405.04,1,-0.5564744051416539,-0.18901565505092086,Clients perdus,"Campagne de réactivation avec remise, à faible coût"
15014.0,43,2,257.67,2,-0.6860813209669266,-0.49498407193315724,Nouveaux clients,"Mail de bienvenue, code promo sur la 2e commande"
15016.0,173,1,170.04,1,-1.7757829047213558,0.07024301244678934,Clients perdus,"Campagne de réactivation avec remise, à faible coût"
15017.0,34,1,125.58,1,-1.3067310121160152,-1.0568943544931824,Clients perdus,"Campagne de réactivation avec remise, à faible coût"
15018.0,39,3,496.21000000000004,2,-0.07756922140162296,-0.20639355582477098,Nouveaux clients,"Mail de bienvenue, code promo sur la 2e commande"
15019.0,267,1,252.81,1,-1.752695250509297,0.488169230175038,Clients perdus,"Campagne de réactivation avec remise, à faible coût"
15021.0,9,9,1871.77,0,1.9143035463920555,-0.24942835016306675,Champions,"Programme VIP, avant-premières, remerciements personnalisés"
15022.0,12,4,852.39,2,0.8113214017132349,-0.6364998149341344,Nouveaux clients,"Mail de bienvenue, code promo sur la 2e commande"
15023.0,3,11,6701.51,0,3.0370095923640132,-0.29558394417807204,Champions,"Programme VIP, avant-premières, remerciements personnalisés"
15024.0,10,10,1636.43,0,1.9003176360691503,-0.2012255137987898,Champions,"Programme VIP, avant-premières, remerciements personnalisés"
15025.0,33,1,361.96,2,-0.7937660333104093,-0.6911828879054724,Nouveaux clients,"Mail de bienvenue, code promo sur la 2e commande"
15026.0,80,3,464.2,3,-0.37873853724452633,0.2169495957854393,Clients fidèles,"Fidélité à paliers, recommandations de produits complémentaires"
15027.0,31,4,1066.1499999999999,3,0.5738012460876285,0.016455350946523783,Clients fidèles,"Fidélité à paliers, recommandations de produits complémentaires"
15028.0,8,4,627.13,2,0.8057438521649276,-0.9815270409851271,Nouveaux clients,"Mail de bienvenue, code promo sur la 2e commande"
15030.0,72,2,518.28,1,-0.5474021354341847,0.08029135975939612,Clients perdus,"Campagne de réactivation avec remise, à faible coût"
15031.0,4,4,653.19,2,1.0495934019593158,-1.3395913950109388,Nouveaux clients,"Mail de bienvenue, code promo sur la 2e commande"
15032.0,256,3,4959.1,3,0.307903189905527,1.8123936983042268,Clients fidèles,"Fidélité à paliers, recommandations de produits complémentaires"
15033.0,5,10,2553.88,0,2.3437661137949597,-0.4235399030472903,Champions,"Programme VIP, avant-premières, remerciements personnalisés"
15034.0,16,8,4274.16,0,2.009402778662227,0.34758374799738373,Champions,"Programme VIP, avant-premières, remerciements personnalisés"
15035.0,90,1,252.73000000000002,1,-1.3403336173326432,-0.19716881341544643,Clients perdus,"Campagne de réactivation avec remise, à faible coût"
15036.0,72,3,429.56,3,-0.3758913491591157,0.12276463593224161,Clients fidèles,"Fidélité à paliers, recommandations de produits complémentaires"
15038.0,59,6,685.74,3,0.4287195393880077,0.3840934658962636,Clients fidèles,"Fidélité à paliers, recommandations de produits complémentaires"
15039.0,10,47,19766.59,0,4.42260832860879,1.2743983607512643,Champions,"Programme VIP, avant-premières, remerciements personnalisés"
15041.0,170,1,179.93,1,-1.7423586036663872,0.07970633925937845,Clients perdus,"Campagne de réactivation avec remise, à faible coût"
15042.0,199,1,135.93,1,-1.9349427366492946,0.07748729938157828,Clients perdus,"Campagne de réactivation avec remise, à faible coût"
15043.0,31,1,537.0,2,-0.5831008910905755,-0.5861392528935195,Nouveaux clients,"Mail de bienvenue, code promo sur la 2e commande"
15044.0,19,17,7634.7300000000005,0,2.8519987395973416,0.9291066409326129,Champions,"Programme VIP, avant-premières, remerciements personnalisés"
15045.0,152,2,735.66,1,-0.6634032158178166,0.6772296981959902,Clients perdus,"Campagne de réactivation avec remise, à faible coût"
15046.0,9,15,5071.47,0,2.815081306135661,0.2948866209556617,Champions,"Programme VIP, avant-premières, remerciements personnalisés"
15047.0,270,1,343.62,1,-1.6112232827546558,0.6067535721047702,Clients perdus,"Campagne de réactivation avec remise, à faible coût"
15048.0,65,4,381.0,3,-0.19213384910711515,0.10111573359465974,Clients fidèles,"Fidélité à paliers, recommandations de produits complémentaires"
15049.0,274,1,121.17000000000002,1,-2.110904913381831,0.23792385859075657,Clients perdus,"Campagne de réactivation avec remise, à faible coût"
15050.0,25,3,1737.69,3,0.6833989626831953,-0.023215504845832922,Clients fidèles,"Fidélité à paliers, recommandations de produits complémentaires"
15051.0,23,3,1383.3600000000001,3,0.6053894486283017,-0.15708936637946522,Clients fidèles,"Fidélité à paliers, recommandations de produits complémentaires"
15052.0,319,1,207.73000000000002,1,-1.9135868250677952,0.5293682588746959,Clients perdus,"Campagne de réactivation avec remise, à faible coût"
15053.0,5,3,693.95,2,0.8064868724312874,-1.2878233945935516,Nouveaux clients,"Mail de bienvenue, code promo sur la 2e commande"
15054.0,12,2,302.1,2,-0.1449199568775764,-1.210662738976651,Nouveaux clients,"Mail de bienvenue, code promo sur la 2e commande"
15057.0,275,2,1489.5,3,-0.5529470594936565,1.3084617159778151,Clients fidèles,"Fidélité à paliers, recommandations de produits complémentaires"
15058.0,25,11,2102.54,0,1.7700173590994879,0.4693227846015851,Champions,"Programme VIP, avant-premières, remerciements personnalisés"
15059.0,41,9,1337.72,3,1.2062856000458806,0.5385705049603933,Clients fidèles,"Fidélité à paliers, recommandations de produits complémentaires"
15060.0,8,4,293.0,2,0.44404339642313906,-1.2583372356433253,Nouveaux clients,"Mail de bienvenue, code promo sur la 2e commande"
15061.0,4,48,54534.14,0,5.225914846145547,1.15216912824452,Champions,"Programme VIP, avant-premières, remerciements personnalisés"
15062.0,71,4,987.86,3,0.22779645428374262,0.5031200068681605,Clients fidèles,"Fidélité à paliers, recommandations de produits complémentaires"
15063.0,213,1,370.79999999999995,1,-1.4848693031129525,0.4846266293792425,Clients perdus,"Campagne de réactivation avec remise, à faible coût"
15065.0,38,4,3158.13,3,1.015336256484658,0.537681861933018,Clients fidèles,"Fidélité à paliers, recommandations de produits complémentaires"
15066.0,53,1,893.59,1,-0.5406598648889356,-0.06878182910787801,Clients perdus,"Campagne de réactivation avec remise, à faible coût"
15067.0,78,3,1744.76,3,0.2608958503839912,0.6832953690006194,Clients fidèles,"Fidélité à paliers, recommandations de produits complémentaires"
15068.0,46,2,553.36,2,-0.34809687589018046,-0.17520266987093314,Nouveaux clients,"Mail de bienvenue, code promo sur la 2e commande"
15069.0,179,1,1109.53,1,-0.8974494614185796,0.7738491028539615,Clients perdus,"Campagne de réactivation avec remise, à faible coût"
15070.0,373,1,106.2,1,-2.2906159022992942,0.38532679495873207,Clients perdus,"Campagne de réactivation avec remise, à faible coût"
15071.0,94,2,982.07,3,-0.34391998894842934,0.48011718706409845,Clients fidèles,"Fidélité à paliers, recommandations de produits complémentaires"
15073.0,10,3,1043.41,2,0.7690850043837177,-0.7547605965966422,Nouveaux clients,"Mail de bienvenue, code promo sur la 2e commande"
15074.0,105,1,735.67,1,-0.8907787000288622,0.28826719508433907,Clients perdus,"Campagne de réactivation avec remise, à faible coût"
15075.0,78,1,773.03,1,-0.7549304580519173,0.1197999503064985,Clients perdus,"Campagne de réactivation avec remise, à faible coût"
15076.0,173,1,880.85,1,-0.994356040162182,0.6682707977481934,Clients perdus,"Campagne de réactivation avec remise, à faible coût"
15078.0,7,32,9743.11,0,3.867553103298593,0.6701502353158687,Champions,"Programme VIP, avant-premières, remerciements personnalisés"
15079.0,213,4,895.61,3,-0.2348812090716844,1.1584601311254696,Clients fidèles,"Fidélité à paliers, recommandations de produits complémentaires"
15081.0,22,5,504.8,3,0.5094778412214717,-0.39506384338781164,Clients fidèles,"Fidélité à paliers, recommandations de produits complémentaires"
15083.0,257,1,88.2,1,-2.2363916300411755,0.08275650994704954,Clients perdus,"Campagne de réactivation avec remise, à faible coût"
15087.0,282,1,306.94,1,-1.6813884494712863,0.5932067416149316,Clients perdus,"Campagne de réactivation avec remise, à faible coût"
15088.0,21,2,1160.07,2,0.29403987201482784,-0.38721223360360335,Nouveaux clients,"Mail de bienvenue, code promo sur la 2e commande"
15089.0,10,6,2420.84,0,1.6770858349414777,-0.23257386088537169,Champions,"Programme VIP, avant-premières, remerciements personnalisés"
15090.0,308,1,381.32,1,-1.6118762159559905,0.7278535059766782,Clients perdus,"Campagne de réactivation avec remise, à faible coût"
15091.0,68,1,480.71,1,-0.9292043338462226,-0.13898871920776615,Clients perdus,"Campagne de réactivation avec remise, à faible coût"
15092.0,215,2,457.81,1,-1.0206927766803453,0.7233477477605389,Clients perdus,"Campagne de réactivation avec remise, à faible coût"
15093.0,18,6,4597.02,0,1.7738022963290552,0.3479079267188136,Champions,"Programme VIP, avant-premières, remerciements personnalisés"
15095.0,104,4,1370.6,3,0.23958693391984565,0.8617697048323046,Clients fidèles,"Fidélité à paliers, recommandations de produits complémentaires"
15096.0,43,1,219.39000000000001,1,-1.1299284611279472,-0.7095268362394379,Clients perdus,"Campagne de réactivation avec remise, à faible coût"
15097.0,4,1,248.08,2,-0.2410633426572239,-2.0445487090264645,Nouveaux clients,"Mail de bienvenue, code promo sur la 2e commande"
15098.0,182,3,39916.5,3,1.4311663346087822,2.357342522160872,Clients fidèles,"Fidélité à paliers, recommandations de produits complémentaires"
15099.0,84,1,410.48,1,-1.083928597145903,-0.06414784819207568,Clients perdus,"Campagne de réactivation avec remise, à faible coût"
15100.0,334,3,876.0,1,-0.6188453995008834,1.3487682834322205,Clients perdus,"Campagne de réactivation avec remise, à faible coût"
15101.0,9,2,317.53,2,-0.021063063113445305,-1.3589992887636622,Nouveaux clients,"Mail de bienvenue, code promo sur la 2e commande"
15103.0,31,2,703.36,2,-0.08718960498173116,-0.3317516773746748,Nouveaux clients,"Mail de bienvenue, code promo sur la 2e commande"
15104.0,197,2,993.54,1,-0.6188644211513099,0.9502372752182795,Clients perdus,"Campagne de réactivation avec remise, à faible coût"
15105.0,18,7,2298.93,0,1.5647897772764876,0.146739758447389,Champions,"Programme VIP, avant-premières, remerciements personnalisés"
15106.0,18,5,1422.52,3,1.0754422332436706,-0.13897472294876556,Clients fidèles,"Fidélité à paliers, recommandations de produits complémentaires"
15107.0,311,6,319.5,1,-0.564005255318603,1.1521177545447727,Clients perdus,"Campagne de réactivation avec remise, à faible coût"
15108.0,142,3,1159.25,3,-0.1603816839636182,0.910772387409988,Clients fidèles,"Fidélité à paliers, recommandations de produits complémentaires"
15109.0,246,1,484.95,1,-1.4120723306627707,0.6732339017629324,Clients perdus,"Campagne de réactivation avec remise, à faible coût"
15110.0,24,4,996.1,3,0.635731157656993,-0.1649068309347518,Clients fidèles,"Fidélité à paliers, recommandations de produits complémentaires"
15111.0,29,3,1567.48,3,0.5796616894803012,0.030001064771905783,Clients fidèles,"Fidélité à paliers, recommandations de produits complémentaires"
15113.0,10,3,3509.04,3,1.3466181912900907,-0.3127731139951579,Clients fidèles,"Fidélité à paliers, recommandations de produits complémentaires"
15114.0,30,10,2760.56,0,1.7536451710668695,0.6466387449054884,Champions,"Programme VIP, avant-premières, remerciements personnalisés"
15115.0,18,1,340.11,2,-0.6011054440262519,-1.0829872543425083,Nouveaux clients,"Mail de bienvenue, code promo sur la 2e commande"
15116.0,18,4,1352.75,3,0.8862296530840095,-0.22751154264570794,Clients fidèles,"Fidélité à paliers, recommandations de produits complémentaires"
15117.0,15,5,1551.78,3,1.1824833337482838,-0.21630402157479475,Clients fidèles,"Fidélité à paliers, recommandations de produits complémentaires"
15118.0,134,1,244.8,1,-1.5060931622912705,0.04146695767621154,Clients perdus,"Campagne de réactivation avec remise, à faible coût"
15119.0,246,1,266.4,1,-1.6966807257018583,0.4554224393179731,Clients perdus,"Campagne de réactivation avec remise, à faible coût"
15120.0,134,1,358.82,1,-1.324527307891771,0.18041972564144385,Clients perdus,"Campagne de réactivation avec remise, à faible coût"
15121.0,50,2,457.72,2,-0.46951673241750086,-0.19243716503015912,Nouveaux clients,"Mail de bienvenue, code promo sur la 2e commande"
15122.0,114,3,1633.78,3,0.08620087838872664,0.8975500926164118,Clients fidèles,"Fidélité à paliers, recommandations de produits complémentaires"
15123.0,7,2,2199.31,2,0.9849502693850986,-0.7958749052190259,Nouveaux clients,"Mail de bienvenue, code promo sur la 2e commande"
15124.0,23,2,184.19,2,-0.6138053436314371,-1.0013576334989907,Nouveaux clients,"Mail de bienvenue, code promo sur la 2e commande"
15125.0,25,15,11528.48,0,2.8413596428252146,1.2004391852572762,Champions,"Programme VIP, avant-premières, remerciements personnalisés"
15127.0,66,1,406.53,1,-0.9976454493171396,-0.21862376345562864,Clients perdus,"Campagne de réactivation avec remise, à faible coût"
15128.0,60,4,1471.0,3,0.4806551885405359,0.5429990358209035,Clients fidèles,"Fidélité à paliers, recommandations de produits complémentaires"
15129.0,50,11,3447.4,0,1.7482139687391485,1.0769596602821894,Champions,"Programme VIP, avant-premières, remerciements personnalisés"
15130.0,170,1,330.11,1,-1.4544244620585436,0.30006300323910823,Clients perdus,"Campagne de réactivation avec remise, à faible coût"
15132.0,18,5,977.9300000000001,3,0.8970484886315654,-0.2754998679630536,Clients fidèles,"Fidélité à paliers, recommandations de produits complémentaires"
15133.0,128,3,982.42,3,-0.1998147030847922,0.7851175602289021,Clients fidèles,"Fidélité à paliers, recommandations de produits complémentaires"
15134.0,15,8,1387.99,0,1.4969167511759667,-0.10080187834760605,Champions,"Programme VIP, avant-premières, remerciements personnalisés"
15135.0,239,1,139.05,1,-1.9938391103736992,0.2013652851270714,Clients perdus,"Campagne de réactivation avec remise, à faible coût"
15136.0,3,4,1286.7,2,1.457469055023315,-1.2342231598159663,Nouveaux clients,"Mail de bienvenue, code promo sur la 2e commande"
15139.0,240,2,178.96,1,-1.5084233662114084,0.4515736922729972,Clients perdus,"Campagne de réactivation avec remise, à faible coût"
15140.0,52,7,2354.25,3,1.1843301570025013,0.8061980178024205,Clients fidèles,"Fidélité à paliers, recommandations de produits complémentaires"
15142.0,46,1,498.74,1,-0.7650592165537263,-0.3691704349918236,Clients perdus,"Campagne de réactivation avec remise, à faible coût"
15143.0,226,1,259.45,1,-1.6769798887251495,0.3922532636033839,Clients perdus,"Campagne de réactivation avec remise, à faible coût"
15144.0,8,17,6580.44,0,3.0861647044852734,0.3683630216437741,Champions,"Programme VIP, avant-premières, remerciements personnalisés"
15145.0,4,4,1194.73,2,1.3369433746417103,-1.1196817968598523,Nouveaux clients,"Mail de bienvenue, code promo sur la 2e commande"
15146.0,165,2,1327.16,3,-0.41372095842895157,0.9438817429238626,Clients fidèles,"Fidélité à paliers, recommandations de produits complémentaires"
15147.0,240,1,623.5,1,-1.2831668385712889,0.749097511213627,Clients perdus,"Campagne de réactivation avec remise, à faible coût"
15148.0,11,1,301.29,2,-0.4831683576561184,-1.418563544147724,Nouveaux clients,"Mail de bienvenue, code promo sur la 2e commande"
15149.0,134,1,520.8000000000001,1,-1.1474425214944626,0.31594312190898427,Clients perdus,"Campagne de réactivation avec remise, à faible coût"
15150.0,17,10,5291.33,0,2.2711664020597184,0.5389480068242662,Champions,"Programme VIP, avant-premières, remerciements personnalisés"
15152.0,10,13,4745.69,0,2.6260124621584358,0.27972307716871053,Champions,"Programme VIP, avant-premières, remerciements personnalisés"
15153.0,31,1,329.25,2,-0.8156094824634724,-0.7640786151916446,Nouveaux clients,"Mail de bienvenue, code promo sur la 2e commande"
15154.0,75,1,254.28,1,-1.2686399039442644,-0.309218567789385,Clients perdus,"Campagne de réactivation avec remise, à faible coût"
15156.0,1,3,961.49,2,1.381228200904965,-1.866021164740825,Nouveaux clients,"Mail de bienvenue, code promo sur la 2e commande"
15157.0,4,3,1936.07,2,1.3645158513990647,-1.0297140440656691,Nouveaux clients,"Mail de bienvenue, code promo sur la 2e commande"
15158.0,45,1,401.40000000000003,1,-0.8600631609193466,-0.46180628113160405,Clients perdus,"Campagne de réactivation avec remise, à faible coût"
15159.0,2,30,18641.010000000002,0,4.494563998665765,0.2603952398122368,Champions,"Programme VIP, avant-premières, remerciements personnalisés"
15160.0,357,1,158.16,1,-2.0856206464986173,0.501693616692019,Clients perdus,"Campagne de réactivation avec remise, à faible coût"
15163.0,18,2,304.47,2,-0.28614004074779176,-0.9670779811143162,Nouveaux clients,"Mail de bienvenue, code promo sur la 2e commande"
15164.0,69,3,824.58,3,-0.04970023906823206,0.3335125740750998,Clients fidèles,"Fidélité à paliers, recommandations de produits complémentaires"
15165.0,373,1,487.75,1,-1.5677771492568728,0.9385169631209808,Clients perdus,"Campagne de réactivation avec remise, à faible coût"
15167.0,321,1,158.8,1,-2.0432332494121463,0.43592320057035217,Clients perdus,"Campagne de réactivation avec remise, à faible coût"
15168.0,26,1,106.56,2,-1.285198268179246,-1.2808959654424246,Nouveaux clients,"Mail de bienvenue, code promo sur la 2e commande"
15171.0,331,1,1289.5,1,-1.059688410750783,1.2169730123172176,Clients perdus,"Campagne de réactivation avec remise, à faible coût"
15172.0,9,5,1624.05,3,1.383656806351522,-0.49788272909253645,Clients fidèles,"Fidélité à paliers, recommandations de produits complémentaires"
15174.0,323,1,135.75,1,-2.119812978438012,0.3830544564457385,Clients perdus,"Campagne de réactivation avec remise, à faible coût"
15175.0,72,1,224.14,1,-1.313118572121598,-0.38057872100891466,Clients perdus,"Campagne de réactivation avec remise, à faible coût"
15178.0,260,1,40.5,1,-2.6053755825200735,-0.18891471968862866,Clients perdus,"Campagne de réactivation avec remise, à faible coût"
15179.0,18,5,2206.95,3,1.284568491164344,0.021070085522494966,Clients fidèles,"Fidélité à paliers, recommandations de produits complémentaires"
15180.0,367,1,87.5,1,-2.3757705589550757,0.3051708714679103,Clients perdus,"Campagne de réactivation avec remise, à faible coût"
15181.0,66,3,689.4799999999999,3,-0.11811164067822337,0.24056669017593615,Clients fidèles,"Fidélité à paliers, recommandations de produits complémentaires"
15182.0,154,2,622.85,1,-0.7475559511506893,0.6248622313308212,Clients perdus,"Campagne de réactivation avec remise, à faible coût"
15184.0,29,2,402.2,2,-0.32832902469230674,-0.5761020022041594,Nouveaux clients,"Mail de bienvenue, code promo sur la 2e commande"
15185.0,70,1,310.62,1,-1.1476355228868955,-0.27967658867165235,Clients perdus,"Campagne de réactivation avec remise, à faible coût"
15186.0,14,2,411.41,2,-0.05284834840786798,-1.0075931797063615,Nouveaux clients,"Mail de bienvenue, code promo sur la 2e commande"
15187.0,2,15,4762.18,0,3.2449167508001935,-0.49184215462176256,Champions,"Programme VIP, avant-premières, remerciements personnalisés"
15189.0,1,41,16225.39,0,4.858574552209265,0.06951955250983619,Champions,"Programme VIP, avant-premières, remerciements personnalisés"
15192.0,120,3,1044.32,3,-0.14628100152707504,0.7667600304731588,Clients fidèles,"Fidélité à paliers, recommandations de produits complémentaires"
15193.0,61,1,499.32,1,-0.8702906863505723,-0.19302958775123735,Clients perdus,"Campagne de réactivation avec remise, à faible coût"
15194.0,3,15,7616.53,0,3.3587557425834618,-0.13813519678913028,Champions,"Programme VIP, avant-premières, remerciements personnalisés"
15195.0,3,1,3861.0,2,1.1501686900347996,-1.1866155639947864,Nouveaux clients,"Mail de bienvenue, code promo sur la 2e commande"
15197.0,11,3,1079.6100000000001,2,0.752088593535672,-0.6871373474548305,Nouveaux clients,"Mail de bienvenue, code promo sur la 2e commande"
15198.0,92,2,193.64,1,-1.1074080119675866,-0.12389904144556364,Clients perdus,"Campagne de réactivation avec remise, à faible coût"
15199.0,59,4,1268.7,3,0.41652982307303077,0.4786065734952611,Clients fidèles,"Fidélité à paliers, recommandations de produits complémentaires"
15201.0,87,5,1236.54,3,0.4233072209841773,0.7824319159800267,Clients fidèles,"Fidélité à paliers, recommandations de produits complémentaires"
15203.0,26,6,1827.8,3,1.2003351125668813,0.23466127386256036,Clients fidèles,"Fidélité à paliers, recommandations de produits complémentaires"
15204.0,357,1,316.58,1,-1.756483975562906,0.7535826715841871,Clients perdus,"Campagne de réactivation avec remise, à faible coût"
15205.0,85,2,653.24,1,-0.49991934359156537,0.268499648887984,Clients perdus,"Campagne de réactivation avec remise, à faible coût"
15206.0,10,4,420.29999999999995,2,0.5388131166097884,-0.999854677074127,Nouveaux clients,"Mail de bienvenue, code promo sur la 2e commande"
15208.0,1,5,870.12,2,1.7012484305339064,-1.7462434212250557,Nouveaux clients,"Mail de bienvenue, code promo sur la 2e commande"
15210.0,225,1,331.18,1,-1.559391173131366,0.4781529241626681,Clients perdus,"Campagne de réactivation avec remise, à faible coût"
15211.0,60,2,894.4100000000001,3,-0.21923173436656201,0.16502475383461732,Clients fidèles,"Fidélité à paliers, recommandations de produits complémentaires"
15212.0,241,1,101.8,1,-2.144331616802144,0.09388325555417773,Clients perdus,"Campagne de réactivation avec remise, à faible coût"
15213.0,319,2,328.35,1,-1.3287480829551024,0.8518122219819947,Clients perdus,"Campagne de réactivation avec remise, à faible coût"
15214.0,2,8,1661.44,0,2.2218470908206367,-1.097231079848114,Champions,"Programme VIP, avant-premières, remerciements personnalisés"
15215.0,47,3,734.94,3,0.03963104717993279,0.05225159723158223,Clients fidèles,"Fidélité à paliers, recommandations de produits complémentaires"
15216.0,88,1,96.6,1,-1.7870373732837412,-0.5596256955272375,Clients perdus,"Campagne de réactivation avec remise, à faible coût"
15218.0,11,11,5756.89,0,2.5450611965237804,0.3459754486455841,Champions,"Programme VIP, avant-premières, remerciements personnalisés"
15219.0,176,1,305.75,1,-1.5040037488167555,0.29407708955661227,Clients perdus,"Campagne de réactivation avec remise, à faible coût"
15220.0,52,6,1778.96,3,0.9298568585468384,0.6526594188328417,Clients fidèles,"Fidélité à paliers, recommandations de produits complémentaires"
15221.0,366,1,403.25,1,-1.650998745368456,0.8573188687309936,Clients perdus,"Campagne de réactivation avec remise, à faible coût"
15222.0,319,1,585.0,1,-1.4217644453594809,0.9057610626523768,Clients perdus,"Campagne de réactivation avec remise, à faible coût"
15223.0,226,2,755.75,1,-0.8012520306622237,0.9373153393835009,Clients perdus,"Campagne de réactivation avec remise, à faible coût"
15224.0,358,2,322.08,1,-1.381826045743327,0.9177596224290514,Clients perdus,"Campagne de réactivation avec remise, à faible coût"
15225.0,234,1,409.40000000000003,1,-1.47355843793233,0.5800277696305857,Clients perdus,"Campagne de réactivation avec remise, à faible coût"
15226.0,311,1,154.41,1,-2.0444565373064942,0.40575216813433596,Clients perdus,"Campagne de réactivation avec remise, à faible coût"
15227.0,37,5,1219.4,3,0.7373717684819994,0.2446163447886688,Clients fidèles,"Fidélité à paliers, recommandations de produits complémentaires"
15228.0,66,4,3386.71,3,0.8419559147053992,0.9064421363860151,Clients fidèles,"Fidélité à paliers, recommandations de produits complémentaires"
15230.0,239,2,429.6,1,-1.0911645352928943,0.7670497457140338,Clients perdus,"Campagne de réactivation avec remise, à faible coût"
15232.0,113,2,612.06,1,-0.6385354962260862,0.42359877516137295,Clients perdus,"Campagne de réactivation avec remise, à faible coût"
15234.0,277,1,197.0,1,-1.8849961712677044,0.42086670152197686,Clients perdus,"Campagne de réactivation avec remise, à faible coût"
15235.0,218,12,2247.51,3,1.0604855041147174,1.8763197696432798,Clients fidèles,"Fidélité à paliers, recommandations de produits complémentaires"
15236.0,299,1,321.05,1,-1.6823218508663682,0.6465501084185865,Clients perdus,"Campagne de réactivation avec remise, à faible coût"
15237.0,2,4,1412.32,2,1.6116870212412393,-1.3827855082186196,Nouveaux clients,"Mail de bienvenue, code promo sur la 2e commande"
15238.0,29,3,1071.99,3,0.39877612781091226,-0.10843107359483664,Clients fidèles,"Fidélité à paliers, recommandations de produits complémentaires"
15239.0,10,2,780.59,2,0.3701992884979493,-0.9712444318572632,Nouveaux clients,"Mail de bienvenue, code promo sur la 2e commande"
15240.0,45,5,1706.57,3,0.8244397034774162,0.4882943733545108,Clients fidèles,"Fidélité à paliers, recommandations de produits complémentaires"
15241.0,67,8,1756.44,3,1.056421751394096,0.902899516898925,Clients fidèles,"Fidélité à paliers, recommandations de produits complémentaires"
15243.0,74,1,316.68,1,-1.1593910070785491,-0.23788405973363472,Clients perdus,"Campagne de réactivation avec remise, à faible coût"
15244.0,65,2,631.57,3,-0.4148787520689319,0.08829934213352988,Clients fidèles,"Fidélité à paliers, recommandations de produits complémentaires"
15245.0,134,3,2515.84,3,0.23054783719815178,1.1566035252149227,Clients fidèles,"Fidélité à paliers, recommandations de produits complémentaires"
15246.0,238,2,514.15,1,-1.0041538036502384,0.8297700774633469,Clients perdus,"Campagne de réactivation avec remise, à faible coût"
15247.0,122,1,356.0,1,-1.292723832320721,0.11849510107253644,Clients perdus,"Campagne de réactivation avec remise, à faible coût"
15249.0,32,13,6688.46,0,2.369902045011106,1.1017698201006076,Champions,"Programme VIP, avant-premières, remerciements personnalisés"
15251.0,9,11,10484.99,0,2.9003048568486673,0.44889272618521564,Champions,"Programme VIP, avant-premières, remerciements personnalisés"
15252.0,36,2,740.78,2,-0.11797390751701291,-0.2207754809969111,Nouveaux clients,"Mail de bienvenue, code promo sur la 2e commande"
15253.0,16,5,918.1999999999999,3,0.9095315259089893,-0.36901578572795485,Clients fidèles,"Fidélité à paliers, recommandations de produits complémentaires"
15254.0,127,1,300.36,1,-1.3886653424251059,0.08199476224533295,Clients perdus,"Campagne de réactivation avec remise, à faible coût"
15255.0,67,1,890.85,1,-0.6301607466789874,0.07634179173085318,Clients perdus,"Campagne de réactivation avec remise, à faible coût"
15256.0,149,1,98.45,1,-1.9774477242649129,-0.22162758021078696,Clients perdus,"Campagne de réactivation avec remise, à faible coût"
15257.0,283,1,317.15,1,-1.6671949340800865,0.6073377446365186,Clients perdus,"Campagne de réactivation avec remise, à faible coût"
15258.0,169,2,623.16,1,-0.7825975826262419,0.6836441715006818,Clients perdus,"Campagne de réactivation avec remise, à faible coût"
15260.0,100,7,1810.77,3,0.8130719952936039,1.119615194476182,Clients fidèles,"Fidélité à paliers, recommandations de produits complémentaires"
15261.0,135,1,254.82,1,-1.4898749797413777,0.0607176780844963,Clients perdus,"Campagne de réactivation avec remise, à faible coût"
15262.0,324,1,178.95000000000002,1,-1.9901944080502145,0.48510752907120885,Clients perdus,"Campagne de réactivation avec remise, à faible coût"
15263.0,107,1,156.51,1,-1.6329036827879408,-0.26236137139865856,Clients perdus,"Campagne de réactivation avec remise, à faible coût"
15264.0,64,1,393.74,1,-1.0012639904777032,-0.24947603303583984,Clients perdus,"Campagne de réactivation avec remise, à faible coût"
15265.0,151,2,1506.1200000000001,3,-0.31984654242207194,0.9340778823306584,Clients fidèles,"Fidélité à paliers, recommandations de produits complémentaires"
15266.0,338,1,119.3,1,-2.1981607241397114,0.3650325719464979,Clients perdus,"Campagne de réactivation avec remise, à faible coût"
15267.0,22,5,1717.36,3,1.0921609031958777,0.05086485050444659,Clients fidèles,"Fidélité à paliers, recommandations de produits complémentaires"
15269.0,24,1,408.8,2,-0.6185053462141565,-0.8419916505417361,Nouveaux clients,"Mail de bienvenue, code promo sur la 2e commande"
15270.0,16,7,2379.49,0,1.6236708347374893,0.088732352753426,Champions,"Programme VIP, avant-premières, remerciements personnalisés"
15271.0,7,15,2493.34,0,2.5621206816136968,-0.10548467425890863,Champions,"Programme VIP, avant-premières, remerciements personnalisés"
15272.0,57,2,721.94,3,-0.3019093953509525,0.05501870043103436,Clients fidèles,"Fidélité à paliers, recommandations de produits complémentaires"
15274.0,4,2,716.57,2,0.6306025144029088,-1.5025952920009487,Nouveaux clients,"Mail de bienvenue, code promo sur la 2e commande"
15275.0,38,1,615.14,2,-0.5940393730173286,-0.41119175123521445,Nouveaux clients,"Mail de bienvenue, code promo sur la 2e commande"
15276.0,66,1,128.63,1,-1.5433784117653926,-0.6362744607899395,Clients perdus,"Campagne de réactivation avec remise, à faible coût"
15277.0,47,1,255.89999999999998,1,-1.0901258193453036,-0.5984351408584361,Clients perdus,"Campagne de réactivation avec remise, à faible coût"
15279.0,355,1,290.51,1,-1.7951544063333955,0.718796671702323,Clients perdus,"Campagne de réactivation avec remise, à faible coût"
15280.0,172,1,113.12,1,-1.966373129747224,-0.08095716680689717,Clients perdus,"Campagne de réactivation avec remise, à faible coût"
15281.0,59,9,2332.15,3,1.3347347380766605,0.9673921141955191,Clients fidèles,"Fidélité à paliers, recommandations de produits complémentaires"
15286.0,50,1,240.55,1,-1.142632876295664,-0.582440027715025,Clients perdus,"Campagne de réactivation avec remise, à faible coût"
15287.0,22,2,486.69,2,-0.1362121592828153,-0.6752930902478514,Nouveaux clients,"Mail de bienvenue, code promo sur la 2e commande"
15288.0,43,5,2306.52,3,0.9848744395294866,0.5698834304075684,Clients fidèles,"Fidélité à paliers, recommandations de produits complémentaires"
15289.0,29,3,939.78,3,0.33612612436514727,-0.15637726601417726,Clients fidèles,"Fidélité à paliers, recommandations de produits complémentaires"
15290.0,5,18,7943.22,0,3.3796888394928515,0.20058005516804076,Champions,"Programme VIP, avant-premières, remerciements personnalisés"
15291.0,26,14,4623.3,0,2.3331734661850323,0.8664137290344297,Champions,"Programme VIP, avant-premières, remerciements personnalisés"
15292.0,201,1,178.39,1,-1.8100590891155324,0.18228169468280545,Clients perdus,"Campagne de réactivation avec remise, à faible coût"
15296.0,51,6,3672.86,3,1.282387376482806,0.904800489892253,Clients fidèles,"Fidélité à paliers, recommandations de produits complémentaires"
15297.0,10,3,641.94,2,0.5379355219815166,-0.9316598296586334,Nouveaux clients,"Mail de bienvenue, code promo sur la 2e commande"
15298.0,2,12,4799.9,0,3.0604557044303524,-0.5689290428619764,Champions,"Programme VIP, avant-premières, remerciements personnalisés"
15299.0,67,6,3907.01,3,1.2093718568407772,1.0975131433358989,Clients fidèles,"Fidélité à paliers, recommandations de produits complémentaires"
15300.0,64,1,496.44,1,-0.8910875347154632,-0.1651577368264817,Clients perdus,"Campagne de réactivation avec remise, à faible coût"
15301.0,51,12,5049.95,0,1.9951967649392561,1.2592675318748456,Champions,"Programme VIP, avant-premières, remerciements personnalisés"
15303.0,290,1,574.02,1,-1.3944957475602644,0.8385985235234774,Clients perdus,"Campagne de réactivation avec remise, à faible coût"
15304.0,61,8,694.4000000000001,3,0.6499766833627361,0.5062467853337778,Clients fidèles,"Fidélité à paliers, recommandations de produits complémentaires"
15306.0,64,3,1174.35,3,0.14689896250832893,0.41529692555854447,Clients fidèles,"Fidélité à paliers, recommandations de produits complémentaires"
15307.0,96,1,205.3,1,-1.4633140574179049,-0.23211692508595863,Clients perdus,"Campagne de réactivation avec remise, à faible coût"
15308.0,274,1,310.47,1,-1.6650063294022532,0.579171075368708,Clients perdus,"Campagne de réactivation avec remise, à faible coût"
15311.0,1,91,60632.75,0,6.197410140987384,0.8521390464953834,Champions,"Programme VIP, avant-premières, remerciements personnalisés"
15312.0,75,4,924.85,3,0.1757783240881801,0.5134127648225528,Clients fidèles,"Fidélité à paliers, recommandations de produits complémentaires"
15313.0,110,1,52.0,1,-2.162308610636062,-0.6421264388758662,Clients perdus,"Campagne de réactivation avec remise, à faible coût"
15314.0,199,1,327.97,1,-1.5173414699610115,0.397078513842242,Clients perdus,"Campagne de réactivation avec remise, à faible coût"
15315.0,64,2,570.5,1,-0.45741955382316146,0.04159489336771383,Clients perdus,"Campagne de réactivation avec remise, à faible coût"
15316.0,327,1,165.0,1,-2.032148392122623,0.461514666700662,Clients perdus,"Campagne de réactivation avec remise, à faible coût"
15318.0,4,1,312.62,2,-0.13128695376010546,-1.9605365849135266,Nouveaux clients,"Mail de bienvenue, code promo sur la 2e commande"
15319.0,284,1,204.5,1,-1.8767798437059777,0.45019911263937956,Clients perdus,"Campagne de réactivation avec remise, à faible coût"
15320.0,44,1,267.13,1,-1.0450932358808813,-0.6237773703230978,Clients perdus,"Campagne de réactivation avec remise, à faible coût"
15321.0,71,3,2748.31,3,0.5127117764460936,0.7900328339624578,Clients fidèles,"Fidélité à paliers, recommandations de produits complémentaires"
15322.0,86,1,679.68,1,-0.8530013694068336,0.13413267825336458,Clients perdus,"Campagne de réactivation avec remise, à faible coût"
15325.0,104,1,161.74,1,-1.6065819571782458,-0.2683223386576194,Clients perdus,"Campagne de réactivation avec remise, à faible coût"
15326.0,334,1,311.71,1,-1.7384869198256023,0.7058228431657225,Clients perdus,"Campagne de réactivation avec remise, à faible coût"
15327.0,53,1,208.75,1,-1.2317171150901252,-0.597649539699623,Clients perdus,"Campagne de réactivation avec remise, à faible coût"
15329.0,39,3,1049.7,3,0.27890561576271994,0.06641746085985878,Clients fidèles,"Fidélité à paliers, recommandations de produits complémentaires"
15330.0,32,2,714.96,2,-0.09115905048844632,-0.3062743978306528,Nouveaux clients,"Mail de bienvenue, code promo sur la 2e commande"
15332.0,366,4,1661.06,3,-0.1468209923325777,1.7256843039305458,Clients fidèles,"Fidélité à paliers, recommandations de produits complémentaires"
15333.0,208,1,1028.56,1,-0.9905678028452468,0.84100864919435,Clients perdus,"Campagne de réactivation avec remise, à faible coût"
15334.0,157,3,347.87,1,-0.7710156002302644,0.535888326819166,Clients perdus,"Campagne de réactivation avec remise, à faible coût"
15335.0,54,1,170.22,1,-1.3354272039637867,-0.6600155543497721,Clients perdus,"Campagne de réactivation avec remise, à faible coût"
15339.0,66,2,574.07,1,-0.46602652733133243,0.06309094831914142,Clients perdus,"Campagne de réactivation avec remise, à faible coût"
15341.0,81,1,2020.52,3,-0.3117816061894369,0.4934809923111779,Clients fidèles,"Fidélité à paliers, recommandations de produits complémentaires"
15342.0,130,1,406.09,1,-1.2542327981032124,0.206344467035123,Clients perdus,"Campagne de réactivation avec remise, à faible coût"
15343.0,87,1,364.5,1,-1.153631145199624,-0.08534937944534876,Clients perdus,"Campagne de réactivation avec remise, à faible coût"
15344.0,1,3,563.94,2,1.1273770656269746,-2.060294025211503,Nouveaux clients,"Mail de bienvenue, code promo sur la 2e commande"
15345.0,46,1,393.54,1,-0.8776749721075237,-0.45535553296881004,Clients perdus,"Campagne de réactivation avec remise, à faible coût"
15346.0,333,1,252.42000000000002,1,-1.8375069980069914,0.6272722391013209,Clients perdus,"Campagne de réactivation avec remise, à faible coût"
15347.0,366,1,201.60000000000002,1,-1.9801259527538366,0.6054370563157636,Clients perdus,"Campagne de réactivation avec remise, à faible coût"
15348.0,72,1,158.04,1,-1.4787145027343367,-0.5073096693941195,Clients perdus,"Campagne de réactivation avec remise, à faible coût"
15349.0,158,2,463.90999999999997,1,-0.8973926014515187,0.5338025446125201,Clients perdus,"Campagne de réactivation avec remise, à faible coût"
15350.0,373,1,115.65,1,-2.250365111687643,0.4161308180322101,Clients perdus,"Campagne de réactivation avec remise, à faible coût"
15351.0,12,7,1934.66,0,1.6275674481002993,-0.1568771593974449,Champions,"Programme VIP, avant-premières, remerciements personnalisés"
15353.0,255,2,770.12,1,-0.8382057184925397,1.020445482450602,Clients perdus,"Campagne de réactivation avec remise, à faible coût"
15355.0,29,2,277.05,2,-0.5053906067747825,-0.711607640155934,Nouveaux clients,"Mail de bienvenue, code promo sur la 2e commande"
15356.0,31,10,2718.03,0,1.7341253540315555,0.6611206803671448,Champions,"Programme VIP, avant-premières, remerciements personnalisés"
15358.0,5,22,8347.2,0,3.576507214747387,0.2922422226460277,Champions,"Programme VIP, avant-premières, remerciements personnalisés"
15360.0,40,1,427.93,2,-0.7856974449459024,-0.5115250699849107,Nouveaux clients,"Mail de bienvenue, code promo sur la 2e commande"
15361.0,362,1,418.92,1,-1.6286938917543774,0.864233459504669,Clients perdus,"Campagne de réactivation avec remise, à faible coût"
15363.0,373,1,326.0,1,-1.7592555232638467,0.7919781209926101,Clients perdus,"Campagne de réactivation avec remise, à faible coût"
15364.0,96,2,913.19,3,-0.3864865118936076,0.4668472062437492,Clients fidèles,"Fidélité à paliers, recommandations de produits complémentaires"
15365.0,26,7,2314.32,3,1.433764804512066,0.37209515213852057,Clients fidèles,"Fidélité à paliers, recommandations de produits complémentaires"
15366.0,75,2,602.51,1,-0.49116444680334276,0.16065071850674276,Clients perdus,"Campagne de réactivation avec remise, à faible coût"
15367.0,57,4,1877.59,3,0.6161196005910439,0.5999376150307782,Clients fidèles,"Fidélité à paliers, recommandations de produits complémentaires"
15368.0,21,1,446.94000000000005,2,-0.5272857165038596,-0.8906401267794861,Nouveaux clients,"Mail de bienvenue, code promo sur la 2e commande"
15370.0,41,7,2386.05,3,1.2795607955173658,0.663514654004126,Clients fidèles,"Fidélité à paliers, recommandations de produits complémentaires"
15372.0,137,1,2007.3999999999999,3,-0.5136813565413293,0.8213291512752663,Clients fidèles,"Fidélité à paliers, recommandations de produits complémentaires"
15373.0,8,12,2415.91,0,2.3138946282535082,-0.12222532270226864,Champions,"Programme VIP, avant-premières, remerciements personnalisés"
15374.0,129,1,168.0,1,-1.670164803297302,-0.11907019520624325,Clients perdus,"Campagne de réactivation avec remise, à faible coût"
15376.0,40,3,1221.56,3,0.3416518923691601,0.13731918043683333,Clients fidèles,"Fidélité à paliers, recommandations de produits complémentaires"
15379.0,169,7,3703.29,3,0.954966167850039,1.7107025975822896,Clients fidèles,"Fidélité à paliers, recommandations de produits complémentaires"
15380.0,9,5,1690.2600000000002,3,1.4026836912463996,-0.483321410111921,Clients fidèles,"Fidélité à paliers, recommandations de produits complémentaires"
15381.0,214,2,596.85,1,-0.8928041765451088,0.816921098657225,Clients perdus,"Campagne de réactivation avec remise, à faible coût"
15382.0,15,6,5955.71,0,1.9627813813434705,0.3332859569943837,Champions,"Programme VIP, avant-premières, remerciements personnalisés"
15384.0,170,2,642.41,1,-0.7703653613690045,0.6984405360605683,Clients perdus,"Campagne de réactivation avec remise, à faible coût"
15385.0,40,1,316.88,2,-0.9284493783257747,-0.6207734544960039,Nouveaux clients,"Mail de bienvenue, code promo sur la 2e commande"
15386.0,186,1,394.14,1,-1.4043542312666033,0.42126772423410114,Clients perdus,"Campagne de réactivation avec remise, à faible coût"
15388.0,270,1,140.54,1,-2.035191400456454,0.28228979184985953,Clients perdus,"Campagne de réactivation avec remise, à faible coût"
15389.0,172,1,500.0,1,-1.2615436062309298,0.4584504963802119,Clients perdus,"Campagne de réactivation avec remise, à faible coût"
15392.0,5,4,1535.53,2,1.3867905374458422,-0.9125821313059883,Nouveaux clients,"Mail de bienvenue, code promo sur la 2e commande"
15393.0,16,2,231.86,2,-0.3729753671035339,-1.1366024720894672,Nouveaux clients,"Mail de bienvenue, code promo sur la 2e commande"
15394.0,10,4,2183.54,3,1.3229513569240712,-0.3997518696414289,Clients fidèles,"Fidélité à paliers, recommandations de produits complémentaires"
15395.0,326,1,107.45,1,-2.23380361102717,0.30435793944302303,Clients perdus,"Campagne de réactivation avec remise, à faible coût"
15396.0,113,1,288.18,1,-1.3640842449608332,-0.0065308811904289076,Clients perdus,"Campagne de réactivation avec remise, à faible coût"
15397.0,290,1,94.0,1,-2.2523457908463858,0.18208390293064453,Clients perdus,"Campagne de réactivation avec remise, à faible coût"
15398.0,16,2,1345.53,2,0.463111134832592,-0.4967435399866833,Nouveaux clients,"Mail de bienvenue, code promo sur la 2e commande"
15399.0,1,3,815.77,2,1.3030122915468407,-1.9258799809272402,Nouveaux clients,"Mail de bienvenue, code promo sur la 2e commande"
15400.0,92,5,716.2,3,0.14228941611763463,0.6185784855853855,Clients fidèles,"Fidélité à paliers, recommandations de produits complémentaires"
15402.0,149,2,626.35,1,-0.7323676470818395,0.6061006024239842,Clients perdus,"Campagne de réactivation avec remise, à faible coût"
15405.0,189,1,349.1,1,-1.4680923361883917,0.3872371452593036,Clients perdus,"Campagne de réactivation avec remise, à faible coût"
15406.0,31,2,510.71000000000004,2,-0.23942836382230787,-0.44826035133461695,Nouveaux clients,"Mail de bienvenue, code promo sur la 2e commande"
15407.0,34,4,1046.74,3,0.5308318006312237,0.06661143734644266,Clients fidèles,"Fidélité à paliers, recommandations de produits complémentaires"
15408.0,264,1,267.18,1,-1.7221571138104383,0.5011084941002487,Clients perdus,"Campagne de réactivation avec remise, à faible coût"
15410.0,84,8,3450.84,3,1.2928238181591076,1.2905985095957642,Clients fidèles,"Fidélité à paliers, recommandations de produits complémentaires"
15411.0,26,4,1348.93,3,0.7506808484846529,-0.005618247912292976,Clients fidèles,"Fidélité à paliers, recommandations de produits complémentaires"
15412.0,171,1,190.53,1,-1.7174595378395827,0.10416497799760421,Clients perdus,"Campagne de réactivation avec remise, à faible coût"
15414.0,10,3,774.9000000000001,2,0.627493695579829,-0.8631207524375664,Nouveaux clients,"Mail de bienvenue, code promo sur la 2e commande"
15415.0,313,1,559.61,1,-1.4356393857966228,0.8776025613156773,Clients perdus,"Campagne de réactivation avec remise, à faible coût"
15416.0,65,4,3984.32,3,0.9251037013313249,0.9561402128479849,Clients fidèles,"Fidélité à paliers, recommandations de produits complémentaires"
15417.0,85,1,508.8,1,-0.9863135425116298,0.021395522188418212,Clients perdus,"Campagne de réactivation avec remise, à faible coût"
15419.0,25,1,135.86,2,-1.1560049704671918,-1.2169967829973671,Nouveaux clients,"Mail de bienvenue, code promo sur la 2e commande"
15421.0,59,4,950.36,3,0.2790075211964405,0.37336043805915253,Clients fidèles,"Fidélité à paliers, recommandations de produits complémentaires"
15422.0,323,2,97.7,1,-1.9076241168807706,0.42030860478114773,Clients perdus,"Campagne de réactivation avec remise, à faible coût"
15423.0,38,1,43.5,1,-1.8461260666933945,-1.3694165914406584,Clients perdus,"Campagne de réactivation avec remise, à faible coût"
15424.0,254,2,383.34,1,-1.1684664777645377,0.7640692756677628,Clients perdus,"Campagne de réactivation avec remise, à faible coût"
15426.0,19,5,1404.07,3,1.049637323814022,-0.11119143529724469,Clients fidèles,"Fidélité à paliers, recommandations de produits complémentaires"
15427.0,33,3,1430.54,3,0.4883345102702298,0.07609281829675739,Clients fidèles,"Fidélité à paliers, recommandations de produits complémentaires"
15428.0,15,1,93.78,2,-1.1456299527030762,-1.6589612194238572,Nouveaux clients,"Mail de bienvenue, code promo sur la 2e commande"
15429.0,27,2,397.35,2,-0.3077457131905675,-0.6242830190601164,Nouveaux clients,"Mail de bienvenue, code promo sur la 2e commande"
15432.0,23,1,171.19,2,-1.0160253155904069,-1.1840430297810927,Nouveaux clients,"Mail de bienvenue, code promo sur la 2e commande"
15433.0,214,2,533.3,1,-0.9463480574167609,0.7759438428878318,Clients perdus,"Campagne de réactivation avec remise, à faible coût"
15434.0,8,5,1041.48,2,1.2123845552265369,-0.7265919763613913,Nouveaux clients,"Mail de bienvenue, code promo sur la 2e commande"
15435.0,22,1,149.29,2,-1.0645828223360778,-1.2606428263430314,Nouveaux clients,"Mail de bienvenue, code promo sur la 2e commande"
15436.0,12,3,1067.75,2,0.7162614469166856,-0.6403829454080597,Nouveaux clients,"Mail de bienvenue, code promo sur la 2e commande"
15437.0,262,1,200.16,1,-1.856268911925849,0.39145218086175343,Clients perdus,"Campagne de réactivation avec remise, à faible coût"
15438.0,131,1,156.57999999999998,1,-1.7093302002401192,-0.13489568912387467,Clients perdus,"Campagne de réactivation avec remise, à faible coût"
15440.0,55,3,383.68,3,-0.32832718458061977,-0.0865012159075467,Clients fidèles,"Fidélité à paliers, recommandations de produits complémentaires"
15442.0,249,1,594.0,1,-1.3202242631201344,0.7547127124529972,Clients perdus,"Campagne de réactivation avec remise, à faible coût"
15443.0,2,7,3213.59,0,2.4292534339442593,-0.9021523732890023,Champions,"Programme VIP, avant-premières, remerciements personnalisés"
15444.0,9,2,1411.21,2,0.68845413931711,-0.8160041340703824,Nouveaux clients,"Mail de bienvenue, code promo sur la 2e commande"
15445.0,264,1,113.5,1,-2.1276504516375665,0.19078350557809037,Clients perdus,"Campagne de réactivation avec remise, à faible coût"
15447.0,331,1,155.17,1,-2.065861036759112,0.4469467763979969,Clients perdus,"Campagne de réactivation avec remise, à faible coût"
15448.0,313,1,494.64,1,-1.4943256238674056,0.8326898476979546,Clients perdus,"Campagne de réactivation avec remise, à faible coût"
15449.0,26,3,974.52,3,0.39364087854232815,-0.20999528940531212,Clients fidèles,"Fidélité à paliers, recommandations de produits complémentaires"
15450.0,30,1,429.84,2,-0.6768042348133849,-0.6872711349387285,Nouveaux clients,"Mail de bienvenue, code promo sur la 2e commande"
15452.0,30,3,528.48,2,0.0497369257766452,-0.34516630842044055,Nouveaux clients,"Mail de bienvenue, code promo sur la 2e commande"
15453.0,2,7,1371.77,0,2.023862220797714,-1.2123992055571031,Champions,"Programme VIP, avant-premières, remerciements personnalisés"
15454.0,362,1,179.1,1,-2.0320281733452785,0.5555608017096101,Clients perdus,"Campagne de réactivation avec remise, à faible coût"
15456.0,283,3,434.59000000000003,1,-0.889188399102149,0.988829141108823,Clients perdus,"Campagne de réactivation avec remise, à faible coût"
15457.0,262,1,237.07,1,-1.776005248965342,0.4528781476123701,Clients perdus,"Campagne de réactivation avec remise, à faible coût"
15458.0,25,1,161.64,2,-1.0737800144739775,-1.15406983415633,Nouveaux clients,"Mail de bienvenue, code promo sur la 2e commande"
15460.0,354,1,214.26,1,-1.9385510227871408,0.606448247536573,Clients perdus,"Campagne de réactivation avec remise, à faible coût"
15462.0,94,3,234.6,1,-0.7637654606393577,0.07002415240882262,Clients perdus,"Campagne de réactivation avec remise, à faible coût"
15463.0,29,1,126.14,2,-1.2457561008970586,-1.1530765859938703,Nouveaux clients,"Mail de bienvenue, code promo sur la 2e commande"
15464.0,338,1,1044.65,1,-1.1678964902494775,1.1534961710527305,Clients perdus,"Campagne de réactivation avec remise, à faible coût"
15465.0,20,18,7354.62,0,2.864569115167389,0.9672528487214626,Champions,"Programme VIP, avant-premières, remerciements personnalisés"
15466.0,85,1,334.53,1,-1.1856133008902532,-0.13112904347456275,Clients perdus,"Campagne de réactivation avec remise, à faible coût"
15467.0,9,3,524.88,2,0.47858060740483266,-1.0654051579741417,Nouveaux clients,"Mail de bienvenue, code promo sur la 2e commande"
15468.0,51,2,467.51,2,-0.46687142836298967,-0.17241859274404034,Nouveaux clients,"Mail de bienvenue, code promo sur la 2e commande"
15469.0,50,2,538.55,2,-0.39219209772511837,-0.1332604434051453,Nouveaux clients,"Mail de bienvenue, code promo sur la 2e commande"
15471.0,2,1,454.48,2,0.24159696832186656,-2.148533316646319,Nouveaux clients,"Mail de bienvenue, code promo sur la 2e commande"
15472.0,113,1,371.56,1,-1.2433778415582948,0.08584600828244593,Clients perdus,"Campagne de réactivation avec remise, à faible coût"
15473.0,14,7,1771.2,0,1.5308807388938446,-0.09826477685958707,Champions,"Programme VIP, avant-premières, remerciements personnalisés"
15475.0,77,1,454.10999999999996,1,-1.0030909125708316,-0.08192266407112396,Clients perdus,"Campagne de réactivation avec remise, à faible coût"
15478.0,40,2,1399.92,3,0.14575938642884115,0.07618651785874228,Clients fidèles,"Fidélité à paliers, recommandations de produits complémentaires"
15480.0,116,1,905.5,1,-0.8296478498027298,0.4265451740350422,Clients perdus,"Campagne de réactivation avec remise, à faible coût"
15482.0,16,11,10839.76,0,2.713505171074233,0.7976506111502062,Champions,"Programme VIP, avant-premières, remerciements personnalisés"
15483.0,161,4,225.26,1,-0.7845976043215855,0.47979541690085514,Clients perdus,"Campagne de réactivation avec remise, à faible coût"
15484.0,1,4,3590.41,0,2.2108712393130125,-1.2999599027793378,Champions,"Programme VIP, avant-premières, remerciements personnalisés"
15485.0,30,3,2564.5,3,0.8015712822356765,0.2302142620445176,Clients fidèles,"Fidélité à paliers, recommandations de produits complémentaires"
15488.0,93,1,91.32000000000001,1,-1.834410202517111,-0.5452300400976192,Clients perdus,"Campagne de réactivation avec remise, à faible coût"
15489.0,23,3,1134.28,3,0.5108827487362442,-0.2294155622090326,Clients fidèles,"Fidélité à paliers, recommandations de produits complémentaires"
15491.0,95,6,3100.09,3,0.9674843942130078,1.2319486853703283,Clients fidèles,"Fidélité à paliers, recommandations de produits complémentaires"
15492.0,28,2,659.4599999999999,2,-0.08025491432174653,-0.417665788690735,Nouveaux clients,"Mail de bienvenue, code promo sur la 2e commande"
15493.0,33,5,1953.41,3,1.0042119003263628,0.3457604993075353,Clients fidèles,"Fidélité à paliers, recommandations de produits complémentaires"
15494.0,21,2,1280.58,2,0.3410894883569709,-0.35120505348669573,Nouveaux clients,"Mail de bienvenue, code promo sur la 2e commande"
15497.0,18,2,1262.2,2,0.39019639823366536,-0.44947614136838987,Nouveaux clients,"Mail de bienvenue, code promo sur la 2e commande"
15498.0,3,27,13316.4,0,4.132182134081162,0.28106140971194676,Champions,"Programme VIP, avant-premières, remerciements personnalisés"
15500.0,8,4,1131.56,2,1.0866019743296347,-0.7665856710377003,Nouveaux clients,"Mail de bienvenue, code promo sur la 2e commande"
15502.0,16,10,6923.98,0,2.4211003121511796,0.600725912874241,Champions,"Programme VIP, avant-premières, remerciements personnalisés"
15503.0,363,1,141.04,1,-2.1461882250526014,0.47074314437109555,Clients perdus,"Campagne de réactivation avec remise, à faible coût"
15504.0,81,1,52.83,1,-2.0392585155601135,-0.828561078578017,Clients perdus,"Campagne de réactivation avec remise, à faible coût"
15505.0,53,5,3610.96,3,1.120144865474131,0.8631825886365656,Clients fidèles,"Fidélité à paliers, recommandations de produits complémentaires"
15506.0,23,3,972.08,3,0.4374302475137608,-0.2856289311411473,Clients fidèles,"Fidélité à paliers, recommandations de produits complémentaires"
15507.0,172,1,475.86,1,-1.28507189498495,0.44044424262358395,Clients perdus,"Campagne de réactivation avec remise, à faible coût"
15508.0,189,6,1000.27,3,0.1681513184731188,1.252830994508406,Clients fidèles,"Fidélité à paliers, recommandations de produits complémentaires"
15510.0,331,1,250.0,1,-1.8397848321310564,0.6199634182552404,Clients perdus,"Campagne de réactivation avec remise, à faible coût"
15511.0,12,5,900.53,3,1.0027363467544417,-0.5462775203037452,Clients fidèles,"Fidélité à paliers, recommandations de produits complémentaires"
15512.0,156,2,121.0,1,-1.5299553621962174,0.03797067314880309,Clients perdus,"Campagne de réactivation avec remise, à faible coût"
15513.0,33,19,14758.220000000001,0,3.0588430101798236,1.5466048356411413,Champions,"Programme VIP, avant-premières, remerciements personnalisés"
15514.0,12,11,4023.7200000000003,0,2.343870098896301,0.2661764368343774,Champions,"Programme VIP, avant-premières, remerciements personnalisés"
15516.0,45,3,62.43,1,-1.1119791496062272,-0.8685169721403388,Clients perdus,"Campagne de réactivation avec remise, à faible coût"
15517.0,233,1,267.03,1,-1.6749107049912135,0.42198073327229113,Clients perdus,"Campagne de réactivation avec remise, à faible coût"
15518.0,64,8,1921.55,3,1.1164355968843953,0.9070165968639002,Clients fidèles,"Fidélité à paliers, recommandations de produits complémentaires"
15520.0,2,1,343.5,2,0.10854641082459077,-2.25035721577487,Nouveaux clients,"Mail de bienvenue, code promo sur la 2e commande"
15521.0,40,8,3000.2,3,1.5046145036846925,0.7770681988956487,Clients fidèles,"Fidélité à paliers, recommandations de produits complémentaires"
15522.0,33,2,397.99,2,-0.38113104587276464,-0.5005268562087489,Nouveaux clients,"Mail de bienvenue, code promo sur la 2e commande"
15523.0,84,1,412.01000000000005,1,-1.0821603293112239,-0.06279458873178131,Clients perdus,"Campagne de réactivation avec remise, à faible coût"
15524.0,25,1,440.0,2,-0.598524786076384,-0.7903559095629382,Nouveaux clients,"Mail de bienvenue, code promo sur la 2e commande"
15525.0,2,3,731.87,2,1.0965196371024315,-1.7081778252239634,Nouveaux clients,"Mail de bienvenue, code promo sur la 2e commande"
15526.0,33,2,148.44,2,-0.8490183945008034,-0.8586021253875492,Nouveaux clients,"Mail de bienvenue, code promo sur la 2e commande"
15527.0,19,8,2428.53,0,1.6780855387963232,0.2446269581773615,Champions,"Programme VIP, avant-premières, remerciements personnalisés"
15528.0,254,1,229.33,1,-1.7799551174980348,0.4212300843241409,Clients perdus,"Campagne de réactivation avec remise, à faible coût"
15529.0,23,11,3960.05,0,2.102121706938535,0.6493100093363363,Champions,"Programme VIP, avant-premières, remerciements personnalisés"
15530.0,22,4,1497.31,3,0.8616033161409221,-0.06931339851654737,Clients fidèles,"Fidélité à paliers, recommandations de produits complémentaires"
15531.0,8,2,1972.39,2,0.8881090240429138,-0.7608419870710373,Nouveaux clients,"Mail de bienvenue, code promo sur la 2e commande"
15532.0,25,4,1554.83,3,0.8327285025854557,0.02220026452489202,Clients fidèles,"Fidélité à paliers, recommandations de produits complémentaires"
15533.0,19,3,807.57,2,0.418823829339299,-0.46881998263349217,Nouveaux clients,"Mail de bienvenue, code promo sur la 2e commande"
15535.0,173,4,502.9,3,-0.4304034234250699,0.8170797633059436,Clients fidèles,"Fidélité à paliers, recommandations de produits complémentaires"
15537.0,163,1,110.92,1,-1.9552440520615575,-0.12194743981730083,Clients perdus,"Campagne de réactivation avec remise, à faible coût"
15539.0,7,1,538.46,2,-0.05236956694956731,-1.4646036954047668,Nouveaux clients,"Mail de bienvenue, code promo sur la 2e commande"
15540.0,11,1,213.3,2,-0.6470696883839488,-1.5439976113248388,Nouveaux clients,"Mail de bienvenue, code promo sur la 2e commande"
15541.0,114,1,85.13000000000001,1,-1.944484212045985,-0.4426190972498878,Clients perdus,"Campagne de réactivation avec remise, à faible coût"
15543.0,288,1,127.86,1,-2.1044682446848424,0.2888640929765985,Clients perdus,"Campagne de réactivation avec remise, à faible coût"
15544.0,9,9,3546.71,0,2.218695611577081,-0.016476399235947542,Champions,"Programme VIP, avant-premières, remerciements personnalisés"
15545.0,54,2,288.96999999999997,1,-0.7168806829484139,-0.31177495015057677,Clients perdus,"Campagne de réactivation avec remise, à faible coût"
15547.0,7,14,4910.6,0,2.8264449129691633,0.1167211231500665,Champions,"Programme VIP, avant-premières, remerciements personnalisés"
15549.0,77,3,1677.71,3,0.24710141135218808,0.6609336078881821,Clients fidèles,"Fidélité à paliers, recommandations de produits complémentaires"
15550.0,4,4,575.63,2,0.9894676389010573,-1.3856057804282764,Nouveaux clients,"Mail de bienvenue, code promo sur la 2e commande"
15551.0,37,1,436.06,2,-0.747731580116054,-0.5528833994503366,Nouveaux clients,"Mail de bienvenue, code promo sur la 2e commande"
15552.0,217,1,90.12,1,-2.161906813842487,-0.01635073686814949,Clients perdus,"Campagne de réactivation avec remise, à faible coût"
15553.0,60,1,428.93,1,-0.9363216222744446,-0.25863131677820916,Clients perdus,"Campagne de réactivation avec remise, à faible coût"
15554.0,278,1,217.2,1,-1.8400833487913404,0.4585659449070978,Clients perdus,"Campagne de réactivation avec remise, à faible coût"
15555.0,12,16,4791.87,0,2.7428225518879263,0.4640013998756489,Champions,"Programme VIP, avant-premières, remerciements personnalisés"
15556.0,24,1,279.77,2,-0.7986645950177669,-0.9798679399938107,Nouveaux clients,"Mail de bienvenue, code promo sur la 2e commande"
15557.0,29,1,468.91,2,-0.6229240627273869,-0.676421787836284,Nouveaux clients,"Mail de bienvenue, code promo sur la 2e commande"
15561.0,12,4,800.59,2,0.7814867892910274,-0.6593323127677526,Nouveaux clients,"Mail de bienvenue, code promo sur la 2e commande"
15562.0,352,1,134.55,1,-2.1567513753574166,0.4342235882117543,Clients perdus,"Campagne de réactivation avec remise, à faible coût"
15563.0,22,3,1361.44,3,0.6140390171005612,-0.1899084560732706,Clients fidèles,"Fidélité à paliers, recommandations de produits complémentaires"
15565.0,50,2,173.16,1,-0.930935980514629,-0.5455623819250653,Clients perdus,"Campagne de réactivation avec remise, à faible coût"
15567.0,19,1,186.01,2,-0.9070579438043793,-1.2696015649974368,Nouveaux clients,"Mail de bienvenue, code promo sur la 2e commande"
15568.0,3,3,758.29,2,1.0035243512338716,-1.5127616180661463,Nouveaux clients,"Mail de bienvenue, code promo sur la 2e commande"
15569.0,104,5,1375.71,3,0.4066279696838819,0.9333385903654948,Clients fidèles,"Fidélité à paliers, recommandations de produits complémentaires"
15570.0,7,12,4148.82,0,2.6164307396975146,0.0001605155321915411,Champions,"Programme VIP, avant-premières, remerciements personnalisés"
15571.0,12,4,650.4300000000001,2,0.6826593716634807,-0.7349651638653403,Nouveaux clients,"Mail de bienvenue, code promo sur la 2e commande"
15572.0,5,7,2533.42,0,2.051266044132981,-0.5491098205388605,Champions,"Programme VIP, avant-premières, remerciements personnalisés"
15573.0,32,2,583.24,2,-0.188025966180664,-0.3804068722664713,Nouveaux clients,"Mail de bienvenue, code promo sur la 2e commande"
15574.0,178,4,675.64,3,-0.3007858824360981,0.9425293353299328,Clients fidèles,"Fidélité à paliers, recommandations de produits complémentaires"
15576.0,38,1,921.37,2,-0.4018076017010932,-0.26407633240498707,Nouveaux clients,"Mail de bienvenue, code promo sur la 2e commande"
15577.0,151,3,258.88,1,-0.8965329470522035,0.40395411924227387,Clients perdus,"Campagne de réactivation avec remise, à faible coût"
15578.0,162,1,127.1,1,-1.8885755071898103,-0.0765935590172226,Clients perdus,"Campagne de réactivation avec remise, à faible coût"
15579.0,69,2,327.6,1,-0.7493971423681414,-0.11318275807928047,Clients perdus,"Campagne de réactivation avec remise, à faible coût"
15581.0,156,10,717.4300000000001,3,0.49256475859331156,1.1848258061771322,Clients fidèles,"Fidélité à paliers, recommandations de produits complémentaires"
15582.0,25,3,682.9100000000001,2,0.23884804851095842,-0.3634313468058013,Nouveaux clients,"Mail de bienvenue, code promo sur la 2e commande"
15584.0,24,4,720.86,3,0.4818304106359073,-0.28268742829004273,Clients fidèles,"Fidélité à paliers, recommandations de produits complémentaires"
15585.0,177,1,455.3,1,-1.3169513087371183,0.44244943171556383,Clients perdus,"Campagne de réactivation avec remise, à faible coût"
15587.0,50,4,913.6800000000001,3,0.3223422424469246,0.2559235408637495,Clients fidèles,"Fidélité à paliers, recommandations de produits complémentaires"
15589.0,256,3,478.53000000000003,1,-0.8052476381137219,0.9604967971626027,Clients perdus,"Campagne de réactivation avec remise, à faible coût"
15592.0,47,1,388.58,1,-0.8917431144591683,-0.4466123983525397,Clients perdus,"Campagne de réactivation avec remise, à faible coût"
15593.0,71,1,199.8,1,-1.3623621243367376,-0.43104675285042143,Clients perdus,"Campagne de réactivation avec remise, à faible coût"
15594.0,16,5,1771.78,3,1.22245992741382,-0.12953095688806882,Clients fidèles,"Fidélité à paliers, recommandations de produits complémentaires"
15596.0,101,5,1406.59,3,0.4282672851487002,0.9230373913594887,Clients fidèles,"Fidélité à paliers, recommandations de produits complémentaires"
15597.0,35,1,324.57,2,-0.8673920576596308,-0.6945621926516543,Nouveaux clients,"Mail de bienvenue, code promo sur la 2e commande"
15598.0,53,1,240.68,1,-1.1642059158447822,-0.5459830629007861,Clients perdus,"Campagne de réactivation avec remise, à faible coût"
15599.0,27,2,761.74,2,0.0017454853376768866,-0.38742868960148585,Nouveaux clients,"Mail de bienvenue, code promo sur la 2e commande"
15601.0,11,14,6776.56,0,2.825016739218721,0.49135959982635896,Champions,"Programme VIP, avant-premières, remerciements personnalisés"
15602.0,8,9,1297.8700000000001,0,1.7801996778005031,-0.44969254838405764,Champions,"Programme VIP, avant-premières, remerciements personnalisés"
15603.0,79,1,48.480000000000004,1,-2.069974427623797,-0.8749498861491992,Clients perdus,"Campagne de réactivation avec remise, à faible coût"
15604.0,52,1,216.39,1,-1.2075328494502762,-0.596462663167639,Clients perdus,"Campagne de réactivation avec remise, à faible coût"
15605.0,36,5,1198.23,3,0.7392193653091474,0.22131770894883704,Clients fidèles,"Fidélité à paliers, recommandations de produits complémentaires"
15606.0,61,9,2920.16,3,1.4292981543674015,1.070146988326516,Clients fidèles,"Fidélité à paliers, recommandations de produits complémentaires"
15607.0,337,1,104.76,1,-2.258406158948104,0.3161890284105455,Clients perdus,"Campagne de réactivation avec remise, à faible coût"
15608.0,28,4,1093.68,3,0.6235318019452007,-0.03670698583384956,Clients fidèles,"Fidélité à paliers, recommandations de produits complémentaires"
15609.0,184,1,298.48,1,-1.5323142245888024,0.3133753796902032,Clients perdus,"Campagne de réactivation avec remise, à faible coût"
15610.0,52,1,112.46000000000001,1,-1.5173367981202783,-0.8335563410325132,Clients perdus,"Campagne de réactivation avec remise, à faible coût"
15611.0,10,11,1570.45,0,1.9595952401408443,-0.18271364241072985,Champions,"Programme VIP, avant-premières, remerciements personnalisés"
15612.0,36,2,195.15,2,-0.7517263598379924,-0.7057876973412458,Nouveaux clients,"Mail de bienvenue, code promo sur la 2e commande"
15615.0,10,23,10399.74,0,3.4883338581290886,0.7733147521089027,Champions,"Programme VIP, avant-premières, remerciements personnalisés"
15618.0,33,4,776.85,3,0.39999035461088683,-0.0603836408026621,Clients fidèles,"Fidélité à paliers, recommandations de produits complémentaires"
15619.0,11,1,336.40000000000003,2,-0.4308156138492649,-1.3784978683267035,Nouveaux clients,"Mail de bienvenue, code promo sur la 2e commande"
15620.0,57,3,1553.18,3,0.3235252697993172,0.4448809701116694,Clients fidèles,"Fidélité à paliers, recommandations de produits complémentaires"
15621.0,4,4,1293.03,2,1.374584565571904,-1.0908749064533012,Nouveaux clients,"Mail de bienvenue, code promo sur la 2e commande"
15622.0,43,9,3709.56,0,1.674238566032446,0.9398045919878973,Champions,"Programme VIP, avant-premières, remerciements personnalisés"
15623.0,141,1,301.03,1,-1.4272483295022376,0.14865225993907896,Clients perdus,"Campagne de réactivation avec remise, à faible coût"
15624.0,117,4,588.13,3,-0.2076272690743198,0.6276802687341523,Clients fidèles,"Fidélité à paliers, recommandations de produits complémentaires"
15625.0,104,4,1534.26,3,0.2932925191815076,0.9028707133450665,Clients fidèles,"Fidélité à paliers, recommandations de produits complémentaires"
15626.0,75,2,675.8,3,-0.436557720041879,0.20244137269181423,Clients fidèles,"Fidélité à paliers, recommandations de produits complémentaires"
15628.0,5,9,2870.2400000000002,0,2.312989571833248,-0.4176786725671545,Champions,"Programme VIP, avant-premières, remerciements personnalisés"
15630.0,45,2,1186.35,3,0.023006955183928084,0.08887484169453223,Clients fidèles,"Fidélité à paliers, recommandations de produits complémentaires"
15632.0,16,8,3285.31,0,1.8840713432696463,0.25166731085421834,Champions,"Programme VIP, avant-premières, remerciements personnalisés"
15634.0,17,1,243.55,2,-0.7390100081897024,-1.2386282891955576,Nouveaux clients,"Mail de bienvenue, code promo sur la 2e commande"
15636.0,90,2,724.76,1,-0.4720732371378832,0.34217838429504377,Clients perdus,"Campagne de réactivation avec remise, à faible coût"
15637.0,53,1,223.36,1,-1.1996355175469404,-0.5730974189602048,Clients perdus,"Campagne de réactivation avec remise, à faible coût"
15639.0,134,1,425.32,1,-1.2437289823752782,0.2422548708817456,Clients perdus,"Campagne de réactivation avec remise, à faible coût"
15640.0,4,15,12416.11,0,3.5063363181972864,0.1815885034658783,Champions,"Programme VIP, avant-premières, remerciements personnalisés"
15641.0,105,4,1887.2,3,0.38826022586192604,0.9843333655806134,Clients fidèles,"Fidélité à paliers, recommandations de produits complémentaires"
15643.0,192,3,664.0,1,-0.5400860963887992,0.898040948477947,Clients perdus,"Campagne de réactivation avec remise, à faible coût"
15644.0,166,4,803.54,3,-0.1917970552433884,0.961635410485845,Clients fidèles,"Fidélité à paliers, recommandations de produits complémentaires"
15645.0,19,1,611.59,2,-0.3417414962941183,-0.8369635812883188,Nouveaux clients,"Mail de bienvenue, code promo sur la 2e commande"
15646.0,158,3,447.64000000000004,1,-0.6535893593993762,0.6316014042572775,Clients perdus,"Campagne de réactivation avec remise, à faible coût"
15648.0,204,2,639.5,1,-0.8417831677953683,0.8118322149935571,Clients perdus,"Campagne de réactivation avec remise, à faible coût"
15649.0,336,2,816.0,1,-0.9156588583212246,1.2159164784618215,Clients perdus,"Campagne de réactivation avec remise, à faible coût"
15651.0,37,3,646.3,3,0.06770480189788283,-0.14274685454211722,Clients fidèles,"Fidélité à paliers, recommandations de produits complémentaires"
15652.0,91,1,337.74,1,-1.2068333735616674,-0.08487315055208967,Clients perdus,"Campagne de réactivation avec remise, à faible coût"
15653.0,93,2,877.4399999999999,3,-0.39349406906807166,0.4323719289688037,Clients fidèles,"Fidélité à paliers, recommandations de produits complémentaires"
15654.0,9,2,922.53,2,0.48610479529192957,-0.9708625546761754,Nouveaux clients,"Mail de bienvenue, code promo sur la 2e commande"
15655.0,243,1,560.67,1,-1.3384121387242733,0.7182822331441826,Clients perdus,"Campagne de réactivation avec remise, à faible coût"
15656.0,45,4,748.5,3,0.26685706370555645,0.11784309574408895,Clients fidèles,"Fidélité à paliers, recommandations de produits complémentaires"
15657.0,23,1,30.0,2,-1.8329409347735643,-1.8092304410096893,Nouveaux clients,"Mail de bienvenue, code promo sur la 2e commande"
15658.0,190,5,1024.1000000000001,3,0.037619745321277646,1.2053732095134084,Clients fidèles,"Fidélité à paliers, recommandations de produits complémentaires"
15659.0,44,1,306.45,1,-0.9798964362481606,-0.5738821088963098,Clients perdus,"Campagne de réactivation avec remise, à faible coût"
15660.0,25,9,1600.86,3,1.474938040831613,0.29976590557554017,Clients fidèles,"Fidélité à paliers, recommandations de produits complémentaires"
15661.0,317,2,309.8,1,-1.3539737550169768,0.8266971083337354,Clients perdus,"Campagne de réactivation avec remise, à faible coût"
15663.0,106,1,138.14,1,-1.6884339794881202,-0.31347906357293454,Clients perdus,"Campagne de réactivation avec remise, à faible coût"
15664.0,51,1,386.43,1,-0.9249489126922619,-0.3978518723281866,Clients perdus,"Campagne de réactivation avec remise, à faible coût"
15665.0,168,2,2222.21,3,-0.17511778841414338,1.1430827793308727,Clients fidèles,"Fidélité à paliers, recommandations de produits complémentaires"
15667.0,40,1,301.32,2,-0.9523610801775788,-0.6390731351824221,Nouveaux clients,"Mail de bienvenue, code promo sur la 2e commande"
15668.0,218,1,76.32000000000001,1,-2.2418984838078537,-0.0733274967668748,Clients perdus,"Campagne de réactivation avec remise, à faible coût"
15669.0,40,4,684.34,3,0.2681656923845919,0.012213549151613119,Clients fidèles,"Fidélité à paliers, recommandations de produits complémentaires"
15670.0,297,1,173.05,1,-1.9729536029790296,0.4179304869244323,Clients perdus,"Campagne de réactivation avec remise, à faible coût"
15671.0,19,7,2657.13,0,1.614162779849265,0.23205687588828766,Champions,"Programme VIP, avant-premières, remerciements personnalisés"
15673.0,88,4,2726.23,3,0.6301896175230899,1.0074984313680877,Clients fidèles,"Fidélité à paliers, recommandations de produits complémentaires"
15674.0,73,4,2111.89,3,0.5790767008268223,0.7973453385898135,Clients fidèles,"Fidélité à paliers, recommandations de produits complémentaires"
15675.0,81,3,323.69,1,-0.5547520889101849,0.09361631769112289,Clients perdus,"Campagne de réactivation avec remise, à faible coût"
15676.0,19,3,3435.76,3,1.1082459361459107,0.058796348939614516,Clients fidèles,"Fidélité à paliers, recommandations de produits complémentaires"
15677.0,49,1,657.23,1,-0.6574458389997342,-0.22947572397051888,Clients perdus,"Campagne de réactivation avec remise, à faible coût"
15678.0,53,1,352.7,1,-0.9827597203285223,-0.40712187015542534,Clients perdus,"Campagne de réactivation avec remise, à faible coût"
15679.0,24,4,781.28,3,0.5201276721710731,-0.2533784455333467,Clients fidèles,"Fidélité à paliers, recommandations de produits complémentaires"
15680.0,9,3,1333.68,2,0.9223277072696393,-0.7258044769612407,Nouveaux clients,"Mail de bienvenue, code promo sur la 2e commande"
15681.0,25,5,1426.16,3,0.9568699055469744,0.06093796193453862,Clients fidèles,"Fidélité à paliers, recommandations de produits complémentaires"
15683.0,117,1,193.75,1,-1.5656085884228457,-0.12880069790885446,Clients perdus,"Campagne de réactivation avec remise, à faible coût"
15687.0,9,9,2993.1,0,2.1378628354878284,-0.07833790957919656,Champions,"Programme VIP, avant-premières, remerciements personnalisés"
15689.0,120,2,254.1,1,-1.0790435215317722,0.14169904324688842,Clients perdus,"Campagne de réactivation avec remise, à faible coût"
15690.0,4,2,239.76,2,0.11029277108669545,-1.9007895409812057,Nouveaux clients,"Mail de bienvenue, code promo sur la 2e commande"
15691.0,252,1,136.8,1,-2.02170164476753,0.2289242737539905,Clients perdus,"Campagne de réactivation avec remise, à faible coût"
15692.0,28,1,191.04,2,-1.0363163285772325,-1.02420732067348,Nouveaux clients,"Mail de bienvenue, code promo sur la 2e commande"
15694.0,1,13,6464.4,0,3.4243026970320325,-0.6890787323441436,Champions,"Programme VIP, avant-premières, remerciements personnalisés"
15695.0,267,2,409.98,1,-1.1555265612974408,0.820049330291468,Clients perdus,"Campagne de réactivation avec remise, à faible coût"
15696.0,33,8,2711.11,3,1.5278557989532757,0.6213719072757016,Clients fidèles,"Fidélité à paliers, recommandations de produits complémentaires"
15699.0,18,1,309.65,2,-0.6456710888935697,-1.117093445349348,Nouveaux clients,"Mail de bienvenue, code promo sur la 2e commande"
15700.0,172,2,696.68,1,-0.7362245929611627,0.7353438734556945,Clients perdus,"Campagne de réactivation avec remise, à faible coût"
15701.0,2,4,1529.0,0,1.649481477715321,-1.3538613233371388,Champions,"Programme VIP, avant-premières, remerciements personnalisés"
15703.0,265,1,211.5,1,-1.8344718202763584,0.41864406802699294,Clients perdus,"Campagne de réactivation avec remise, à faible coût"
15704.0,140,4,2293.62,3,0.37217274038176357,1.236419171489583,Clients fidèles,"Fidélité à paliers, recommandations de produits complémentaires"
15705.0,201,1,143.1,1,-1.9144263048634758,0.10240922328136953,Clients perdus,"Campagne de réactivation avec remise, à faible coût"
15706.0,64,4,1060.56,3,0.30065768408750043,0.46410235790231674,Clients fidèles,"Fidélité à paliers, recommandations de produits complémentaires"
15707.0,35,4,916.98,3,0.4570799928720845,0.03627405312692274,Clients fidèles,"Fidélité à paliers, recommandations de produits complémentaires"
15708.0,41,7,3235.25,3,1.4245697260649217,0.7744903236635009,Clients fidèles,"Fidélité à paliers, recommandations de produits complémentaires"
15709.0,284,1,133.25,1,-2.07962204605366,0.2949635064203946,Clients perdus,"Campagne de réactivation avec remise, à faible coût"
15712.0,9,5,1072.3600000000001,3,1.1860543552625542,-0.6491083415643174,Clients fidèles,"Fidélité à paliers, recommandations de produits complémentaires"
15713.0,143,2,356.7,1,-0.9844480728257038,0.3753544420329569,Clients perdus,"Campagne de réactivation avec remise, à faible coût"
15714.0,12,2,330.03000000000003,2,-0.1029232520526434,-1.1785225637209928,Nouveaux clients,"Mail de bienvenue, code promo sur la 2e commande"
15716.0,146,4,1101.1100000000001,3,0.006861997173438854,0.995462761552178,Clients fidèles,"Fidélité à paliers, recommandations de produits complémentaires"
15717.0,234,1,150.3,1,-1.9489861231665557,0.21618186342157672,Clients perdus,"Campagne de réactivation avec remise, à faible coût"
15719.0,33,13,5028.42,0,2.222605599136193,1.0167072894810152,Champions,"Programme VIP, avant-premières, remerciements personnalisés"
15720.0,24,1,598.73,2,-0.43707070016864025,-0.7031392966330258,Nouveaux clients,"Mail de bienvenue, code promo sur la 2e commande"
15721.0,12,1,471.40000000000003,2,-0.30103435588159005,-1.2050029715336579,Nouveaux clients,"Mail de bienvenue, code promo sur la 2e commande"
15722.0,36,5,2211.21,3,1.0309516684542743,0.4445811147304882,Clients fidèles,"Fidélité à paliers, recommandations de produits complémentaires"
15723.0,365,1,190.7,1,-2.005432162107205,0.5835417291337393,Clients perdus,"Campagne de réactivation avec remise, à faible coût"
15724.0,201,2,218.25,1,-1.3469178830650594,0.411590252202297,Clients perdus,"Campagne de réactivation avec remise, à faible coût"
15725.0,15,1,415.25,2,-0.4406231683309538,-1.1194178980941385,Nouveaux clients,"Mail de bienvenue, code promo sur la 2e commande"
15727.0,17,7,5159.06,0,1.970438173278381,0.4070810601436201,Champions,"Programme VIP, avant-premières, remerciements personnalisés"
15729.0,213,1,85.0,1,-2.1823869437462724,-0.049185232939982185,Clients perdus,"Campagne de réactivation avec remise, à faible coût"
15730.0,66,3,1120.88,3,0.11314176180119292,0.41754545351317623,Clients fidèles,"Fidélité à paliers, recommandations de produits complémentaires"
15732.0,212,2,294.12,1,-1.2255839999395322,0.5535834209651613,Clients perdus,"Campagne de réactivation avec remise, à faible coût"
15733.0,283,1,162.3,1,-1.9849513681036748,0.36415801135258763,Clients perdus,"Campagne de réactivation avec remise, à faible coût"
15734.0,115,2,1339.45,3,-0.27245676504634003,0.7198760421576496,Clients fidèles,"Fidélité à paliers, recommandations de produits complémentaires"
15737.0,15,8,1188.1200000000001,0,1.4228948856418628,-0.15745098310318772,Champions,"Programme VIP, avant-premières, remerciements personnalisés"
15738.0,19,16,4812.42,0,2.5803405519315024,0.7388462086939621,Champions,"Programme VIP, avant-premières, remerciements personnalisés"
15739.0,66,1,449.12,1,-0.9502871135609651,-0.1823803196577213,Clients perdus,"Campagne de réactivation avec remise, à faible coût"
15740.0,49,1,154.88,1,-1.3437475941648247,-0.7547040432213294,Clients perdus,"Campagne de réactivation avec remise, à faible coût"
15743.0,16,4,775.96,2,0.6641649676312367,-0.5005273746488477,Nouveaux clients,"Mail de bienvenue, code promo sur la 2e commande"
15744.0,78,1,34.8,1,-2.2193574564403438,-1.0009294158074509,Clients perdus,"Campagne de réactivation avec remise, à faible coût"
15745.0,19,4,1094.59,3,0.7658316587945013,-0.2721205614392465,Clients fidèles,"Fidélité à paliers, recommandations de produits complémentaires"
15746.0,134,1,196.88,1,-1.6094134918426126,-0.03760432929964258,Clients perdus,"Campagne de réactivation avec remise, à faible coût"
15747.0,13,3,946.64,2,0.6306568129209571,-0.637222897816746,Nouveaux clients,"Mail de bienvenue, code promo sur la 2e commande"
15748.0,40,1,144.36,1,-1.301247704320683,-0.9060768749057628,Clients perdus,"Campagne de réactivation avec remise, à faible coût"
15749.0,235,3,44534.3,3,1.3861841057674695,2.558611445454257,Clients fidèles,"Fidélité à paliers, recommandations de produits complémentaires"
15750.0,3,8,2463.05,0,2.299468400125361,-0.7712415981143,Champions,"Programme VIP, avant-premières, remerciements personnalisés"
15752.0,40,7,2626.6,3,1.33450848409912,0.6832358218535589,Clients fidèles,"Fidélité à paliers, recommandations de produits complémentaires"
15753.0,305,1,79.2,1,-2.3522286399584855,0.1522193517425988,Clients perdus,"Campagne de réactivation avec remise, à faible coût"
15754.0,51,3,458.57,3,-0.21527505636154007,-0.06865563273938646,Clients fidèles,"Fidélité à paliers, recommandations de produits complémentaires"
15755.0,10,6,2364.25,0,1.6658208700358157,-0.24119496456067405,Champions,"Programme VIP, avant-premières, remerciements personnalisés"
15756.0,61,4,528.01,3,-0.01313296122755675,0.18016992484253908,Clients fidèles,"Fidélité à paliers, recommandations de produits complémentaires"
15757.0,66,2,714.42,3,-0.36198171783642646,0.14271668147005664,Clients fidèles,"Fidélité à paliers, recommandations de produits complémentaires"
15758.0,25,1,205.25,2,-0.960600901486824,-1.0674535974336936,Nouveaux clients,"Mail de bienvenue, code promo sur la 2e commande"
15759.0,218,3,253.04,1,-1.0468319690384646,0.6273408660530506,Clients perdus,"Campagne de réactivation avec remise, à faible coût"
15762.0,65,2,583.75,1,-0.45233030831385845,0.05963757958985375,Clients perdus,"Campagne de réactivation avec remise, à faible coût"
15763.0,32,2,1086.92,3,0.10818429060472348,-0.15371647821551096,Clients fidèles,"Fidélité à paliers, recommandations de produits complémentaires"
15764.0,88,6,3279.97,3,1.0232640071378931,1.2044772444586118,Clients fidèles,"Fidélité à paliers, recommandations de produits complémentaires"
15766.0,64,1,315.06,1,-1.1071751444698845,-0.3305300839435867,Clients perdus,"Campagne de réactivation avec remise, à faible coût"
15768.0,116,3,621.8299999999999,3,-0.3801472299503788,0.5566302344943252,Clients fidèles,"Fidélité à paliers, recommandations de produits complémentaires"
15769.0,7,26,56252.72,0,4.520956146224024,1.2321320029847291,Champions,"Programme VIP, avant-premières, remerciements personnalisés"
15773.0,6,1,635.6800000000001,2,0.07757345985813448,-1.4888972390689637,Nouveaux clients,"Mail de bienvenue, code promo sur la 2e commande"
15774.0,69,1,270.8,1,-1.2073566807126415,-0.33852577332871087,Clients perdus,"Campagne de réactivation avec remise, à faible coût"
15775.0,245,1,104.9,1,-2.136437489880742,0.11511626483499712,Clients perdus,"Campagne de réactivation avec remise, à faible coût"
15776.0,133,1,241.62,1,-1.509457803534324,0.0320022347691567,Clients perdus,"Campagne de réactivation avec remise, à faible coût"
15777.0,241,4,1047.11,3,-0.20745782652127268,1.2933919680050106,Clients fidèles,"Fidélité à paliers, recommandations de produits complémentaires"
15780.0,184,3,475.28000000000003,1,-0.6829460525556738,0.7494800019154686,Clients perdus,"Campagne de réactivation avec remise, à faible coût"
15781.0,25,3,345.46,2,-0.08516170251343651,-0.6113967580416794,Nouveaux clients,"Mail de bienvenue, code promo sur la 2e commande"
15782.0,10,3,2614.7400000000002,3,1.206505464561516,-0.420001707556885,Clients fidèles,"Fidélité à paliers, recommandations de produits complémentaires"
15783.0,11,1,246.3,2,-0.5788309214663049,-1.4917743253050029,Nouveaux clients,"Mail de bienvenue, code promo sur la 2e commande"
15785.0,33,5,2328.9700000000003,3,1.0879549822373198,0.4098492734217651,Clients fidèles,"Fidélité à paliers, recommandations de produits complémentaires"
15786.0,46,3,4919.0,3,0.952874042274359,0.7316490553857337,Clients fidèles,"Fidélité à paliers, recommandations de produits complémentaires"
15787.0,26,3,933.26,3,0.3730509434839804,-0.22575281428819385,Clients fidèles,"Fidélité à paliers, recommandations de produits complémentaires"
15789.0,358,1,351.3,1,-1.7081166648830084,0.793183135330029,Clients perdus,"Campagne de réactivation avec remise, à faible coût"
15790.0,10,1,218.75,2,-0.6018739147742019,-1.590039822977231,Nouveaux clients,"Mail de bienvenue, code promo sur la 2e commande"
15791.0,44,2,1612.69,3,0.17757361379977646,0.1867979175077718,Clients fidèles,"Fidélité à paliers, recommandations de produits complémentaires"
15793.0,15,3,965.61,2,0.589103109312208,-0.5452848008432907,Nouveaux clients,"Mail de bienvenue, code promo sur la 2e commande"
15795.0,150,1,610.01,1,-1.115021811784176,0.44454624746138316,Clients perdus,"Campagne de réactivation avec remise, à faible coût"
15796.0,1,8,2707.61,0,2.609273964811714,-1.1764638591987198,Champions,"Programme VIP, avant-premières, remerciements personnalisés"
15797.0,113,3,2192.4,3,0.22958439587196777,0.9991886098634968,Clients fidèles,"Fidélité à paliers, recommandations de produits complémentaires"
15799.0,76,3,884.14,3,-0.052911282325657165,0.4193760302720947,Clients fidèles,"Fidélité à paliers, recommandations de produits complémentaires"
15800.0,107,2,696.89,1,-0.5561401990763497,0.43655373327774033,Clients perdus,"Campagne de réactivation avec remise, à faible coût"
15801.0,46,3,1063.95,3,0.22373393257630436,0.17363644441268103,Clients fidèles,"Fidélité à paliers, recommandations de produits complémentaires"
15803.0,51,1,415.82000000000005,1,-0.8901116951716401,-0.37119086925188005,Clients perdus,"Campagne de réactivation avec remise, à faible coût"
15804.0,1,13,4206.39,0,3.2196118560765585,-0.8457291059618204,Champions,"Programme VIP, avant-premières, remerciements personnalisés"
15805.0,23,17,5488.18,0,2.6251134343576905,0.9244223091720578,Champions,"Programme VIP, avant-premières, remerciements personnalisés"
15806.0,46,3,784.58,3,0.07877080156961716,0.06269582524777426,Clients fidèles,"Fidélité à paliers, recommandations de produits complémentaires"
15807.0,50,3,903.9,3,0.11494726672495477,0.16607015927270383,Clients fidèles,"Fidélité à paliers, recommandations de produits complémentaires"
15808.0,306,4,3651.27,3,0.29645520351201654,1.899501331537138,Clients fidèles,"Fidélité à paliers, recommandations de produits complémentaires"
15809.0,36,5,515.77,3,0.3381314690975783,-0.085635784924089,Clients fidèles,"Fidélité à paliers, recommandations de produits complémentaires"
15810.0,79,4,1391.98,3,0.350810568379948,0.6948971903457687,Clients fidèles,"Fidélité à paliers, recommandations de produits complémentaires"
15811.0,22,6,2218.62,3,1.3538473179148565,0.203560147937387,Clients fidèles,"Fidélité à paliers, recommandations de produits complémentaires"
15812.0,107,5,1801.14,3,0.5241651262571572,1.0493950926126858,Clients fidèles,"Fidélité à paliers, recommandations de produits complémentaires"
15813.0,208,2,1303.9099999999999,3,-0.5101068603183598,1.0835720410646377,Clients fidèles,"Fidélité à paliers, recommandations de produits complémentaires"
15814.0,17,4,1945.33,3,1.0798594519160627,-0.12942856333223463,Clients fidèles,"Fidélité à paliers, recommandations de produits complémentaires"
15815.0,64,5,2100.6,3,0.7913186559848454,0.7833383284343861,Clients fidèles,"Fidélité à paliers, recommandations de produits complémentaires"
15819.0,49,4,1905.45,3,0.6798166391913718,0.5111490656540881,Clients fidèles,"Fidélité à paliers, recommandations de produits complémentaires"
15820.0,320,1,206.98,1,-1.916493454417478,0.5300351302632713,Clients perdus,"Campagne de réactivation avec remise, à faible coût"
15821.0,44,2,570.96,2,-0.3165983301317981,-0.19139301319974328,Nouveaux clients,"Mail de bienvenue, code promo sur la 2e commande"
15822.0,3,2,885.47,2,0.8165324577448884,-1.5670826213661793,Nouveaux clients,"Mail de bienvenue, code promo sur la 2e commande"
15825.0,172,1,532.94,1,-1.2312049286740743,0.4816687564262559,Clients perdus,"Campagne de réactivation avec remise, à faible coût"
15826.0,56,3,1654.31,3,0.3602024697743692,0.4568337479851511,Clients fidèles,"Fidélité à paliers, recommandations de produits complémentaires"
15827.0,73,14,1836.0900000000001,3,1.5082954851397303,1.169425341148684,Clients fidèles,"Fidélité à paliers, recommandations de produits complémentaires"
15829.0,99,2,636.14,1,-0.5701386971854784,0.3545233313379811,Clients perdus,"Campagne de réactivation avec remise, à faible coût"
15830.0,38,1,576.0,2,-0.6253092938920889,-0.43512269394452674,Nouveaux clients,"Mail de bienvenue, code promo sur la 2e commande"
15831.0,58,3,794.64,3,-0.0020092078721399265,0.21158954307167485,Clients fidèles,"Fidélité à paliers, recommandations de produits complémentaires"
15832.0,254,1,836.79,1,-1.1647451939894362,0.8920516605171274,Clients perdus,"Campagne de réactivation avec remise, à faible coût"
15834.0,70,4,2222.65,3,0.6192252241466901,0.7897207488869407,Clients fidèles,"Fidélité à paliers, recommandations de produits complémentaires"
15835.0,44,4,954.09,3,0.3907406153341695,0.19228431887224862,Clients fidèles,"Fidélité à paliers, recommandations de produits complémentaires"
15836.0,50,1,137.37,1,-1.4080811679301164,-0.7855882187459874,Clients perdus,"Campagne de réactivation avec remise, à faible coût"
15837.0,65,1,391.98,1,-1.0092238317734055,-0.24141984310162254,Clients perdus,"Campagne de réactivation avec remise, à faible coût"
15838.0,11,19,33643.08,0,3.8491598323689535,1.1863543508586973,Champions,"Programme VIP, avant-premières, remerciements personnalisés"
15839.0,33,3,1048.49,3,0.3404242773324651,-0.037103224786667985,Clients fidèles,"Fidélité à paliers, recommandations de produits complémentaires"
15840.0,59,2,355.56,1,-0.6516183905115547,-0.18119892528740833,Clients perdus,"Campagne de réactivation avec remise, à faible coût"
15841.0,73,4,1224.06,3,0.31938307537006,0.5986012068835002,Clients fidèles,"Fidélité à paliers, recommandations de produits complémentaires"
15843.0,304,1,118.95000000000002,1,-2.15918544200423,0.2969224720447348,Clients perdus,"Campagne de réactivation avec remise, à faible coût"
15844.0,46,1,130.73999999999998,1,-1.4002813303839492,-0.8553073866855263,Clients perdus,"Campagne de réactivation avec remise, à faible coût"
15845.0,18,8,3711.77,0,1.8997253804901924,0.36671659675635915,Champions,"Programme VIP, avant-premières, remerciements personnalisés"
15847.0,38,2,389.27,2,-0.44405780529919775,-0.4215449886340847,Nouveaux clients,"Mail de bienvenue, code promo sur la 2e commande"
15850.0,19,2,234.88,2,-0.42890367285197323,-1.0288034742137488,Nouveaux clients,"Mail de bienvenue, code promo sur la 2e commande"
15852.0,187,2,160.71,1,-1.4645201541133204,0.2550303666645531,Clients perdus,"Campagne de réactivation avec remise, à faible coût"
15853.0,52,1,110.8,1,-1.5243590011255417,-0.8389304492205436,Clients perdus,"Campagne de réactivation avec remise, à faible coût"
15854.0,4,12,2969.12,0,2.63657740325722,-0.41995842729414357,Champions,"Programme VIP, avant-premières, remerciements personnalisés"
15855.0,137,5,712.24,3,-0.011071052699448724,0.8669246978501352,Clients fidèles,"Fidélité à paliers, recommandations de produits complémentaires"
15856.0,4,27,16142.380000000001,0,4.138647455424928,0.4927892797609184,Champions,"Programme VIP, avant-premières, remerciements personnalisés"
15857.0,19,1,297.0,2,-0.6850679037905114,-1.0997120743624362,Nouveaux clients,"Mail de bienvenue, code promo sur la 2e commande"
15858.0,16,5,1427.57,3,1.1196076650268727,-0.20824403098132233,Clients fidèles,"Fidélité à paliers, recommandations de produits complémentaires"
15860.0,41,8,965.16,3,0.9553920806160493,0.37907743448917247,Clients fidèles,"Fidélité à paliers, recommandations de produits complémentaires"
15861.0,12,8,3146.92,0,1.9660258862024578,0.06579571259282573,Champions,"Programme VIP, avant-premières, remerciements personnalisés"
15862.0,8,4,832.88,2,0.9407405094728244,-0.8782137871741292,Nouveaux clients,"Mail de bienvenue, code promo sur la 2e commande"
15863.0,26,2,68.84,2,-1.123404003561103,-1.282208918604924,Nouveaux clients,"Mail de bienvenue, code promo sur la 2e commande"
15864.0,22,6,1936.3200000000002,3,1.2890364850264806,0.15396026775200364,Clients fidèles,"Fidélité à paliers, recommandations de produits complémentaires"
15865.0,41,3,895.13,3,0.18445739257325788,0.03934829167586992,Clients fidèles,"Fidélité à paliers, recommandations de produits complémentaires"
15866.0,101,1,211.89,1,-1.4675281918089982,-0.18876598781046028,Clients perdus,"Campagne de réactivation avec remise, à faible coût"
15867.0,5,15,3803.6,0,2.873137591365224,-0.1340484288175952,Champions,"Programme VIP, avant-premières, remerciements personnalisés"
15869.0,277,2,149.64,1,-1.6477009471692514,0.47733480713023296,Clients perdus,"Campagne de réactivation avec remise, à faible coût"
15870.0,33,1,351.44,2,-0.8077793075431081,-0.7019072790600174,Nouveaux clients,"Mail de bienvenue, code promo sur la 2e commande"
15872.0,15,2,316.25,2,-0.2024807266411409,-1.0623014149053198,Nouveaux clients,"Mail de bienvenue, code promo sur la 2e commande"
15874.0,64,7,4405.88,3,1.4048855267738074,1.1641181476641922,Clients fidèles,"Fidélité à paliers, recommandations de produits complémentaires"
15877.0,2,2,490.33,2,0.6452369257334832,-1.9647612022157621,Nouveaux clients,"Mail de bienvenue, code promo sur la 2e commande"
15880.0,369,1,329.03000000000003,1,-1.7507544965013206,0.7885197104769158,Clients perdus,"Campagne de réactivation avec remise, à faible coût"
15881.0,312,5,501.39000000000004,1,-0.4908018227643608,1.2586797706538881,Clients perdus,"Campagne de réactivation avec remise, à faible coût"
15882.0,199,4,514.08,1,-0.47313377836501525,0.9134277980447061,Clients perdus,"Campagne de réactivation avec remise, à faible coût"
15883.0,2,2,396.48,2,0.5442445136814601,-2.042050928549639,Nouveaux clients,"Mail de bienvenue, code promo sur la 2e commande"
15885.0,93,1,349.35,1,-1.1989907590356204,-0.05894207156577835,Clients perdus,"Campagne de réactivation avec remise, à faible coût"
15886.0,60,1,181.09,1,-1.3456444998189094,-0.5718870608959974,Clients perdus,"Campagne de réactivation avec remise, à faible coût"
15888.0,81,1,162.64,1,-1.5095304141492822,-0.42315893838240287,Clients perdus,"Campagne de réactivation avec remise, à faible coût"
15889.0,157,2,400.77,1,-0.9645267061917943,0.4765781551481868,Clients perdus,"Campagne de réactivation avec remise, à faible coût"
15891.0,227,1,509.13,1,-1.3583671603771243,0.6401615925438378,Clients perdus,"Campagne de réactivation avec remise, à faible coût"
15894.0,253,2,257.6,1,-1.355754300584136,0.6170963365019521,Clients perdus,"Campagne de réactivation avec remise, à faible coût"
15895.0,150,1,179.17,1,-1.6968607031801064,-0.0007364007363144728,Clients perdus,"Campagne de réactivation avec remise, à faible coût"
15897.0,194,2,208.59,1,-1.354916875614547,0.3727867559494341,Clients perdus,"Campagne de réactivation avec remise, à faible coût"
15898.0,1,5,1383.83,0,1.9221052647528725,-1.5772211756036987,Champions,"Programme VIP, avant-premières, remerciements personnalisés"
15899.0,369,1,56.25,1,-2.585367424838595,0.1497885076547176,Clients perdus,"Campagne de réactivation avec remise, à faible coût"
15900.0,24,1,337.28,2,-0.7098849839099278,-0.9119246984459378,Nouveaux clients,"Mail de bienvenue, code promo sur la 2e commande"
15901.0,17,3,349.75,2,0.06113946681491208,-0.8401908495491605,Nouveaux clients,"Mail de bienvenue, code promo sur la 2e commande"
15903.0,10,7,5126.76,0,2.155528297743355,0.09236885714444971,Champions,"Programme VIP, avant-premières, remerciements personnalisés"
15904.0,8,1,164.68,2,-0.6597987814398528,-1.8203249299994473,Nouveaux clients,"Mail de bienvenue, code promo sur la 2e commande"
15906.0,20,7,1567.69,3,1.3442615278898136,0.07071309831988884,Clients fidèles,"Fidélité à paliers, recommandations de produits complémentaires"
15907.0,4,3,881.87,2,0.990148449950956,-1.3162182815458494,Nouveaux clients,"Mail de bienvenue, code promo sur la 2e commande"
15909.0,174,1,191.94,1,-1.7205687178078675,0.11780898903830654,Clients perdus,"Campagne de réactivation avec remise, à faible coût"
15910.0,1,8,1228.88,0,2.233112682714735,-1.4643409576850852,Champions,"Programme VIP, avant-premières, remerciements personnalisés"
15912.0,178,2,264.62,1,-1.2093441866678787,0.4048583629825041,Clients perdus,"Campagne de réactivation avec remise, à faible coût"
15916.0,16,8,1502.8600000000001,0,1.51162096894959,-0.03336982133467069,Champions,"Programme VIP, avant-premières, remerciements personnalisés"
15917.0,248,1,123.1,1,-2.06550640673256,0.1806324612344878,Clients perdus,"Campagne de réactivation avec remise, à faible coût"
15918.0,191,2,334.23,1,-1.125227431065146,0.5342013881777664,Clients perdus,"Campagne de réactivation avec remise, à faible coût"
15919.0,20,2,525.69,2,-0.06481525105068596,-0.7049534893217533,Nouveaux clients,"Mail de bienvenue, code promo sur la 2e commande"
15920.0,154,3,163.55,1,-1.1217345893008988,0.24971812991895329,Clients perdus,"Campagne de réactivation avec remise, à faible coût"
15921.0,173,1,323.03000000000003,1,-1.4713646588759635,0.3032149994937902,Clients perdus,"Campagne de réactivation avec remise, à faible coût"
15922.0,373,1,369.5,1,-1.6997509199126541,0.8375171314506482,Clients perdus,"Campagne de réactivation avec remise, à faible coût"
15923.0,373,1,127.08,1,-2.205828558077008,0.45021474543308143,Clients perdus,"Campagne de réactivation avec remise, à faible coût"
15925.0,194,1,207.15,1,-1.725744197156377,0.2141262275790517,Clients perdus,"Campagne de réactivation avec remise, à faible coût"
15930.0,67,1,426.63,1,-0.9803656838042266,-0.1916708559642978,Clients perdus,"Campagne de réactivation avec remise, à faible coût"
15932.0,4,8,2495.87,0,2.220551690897427,-0.6248567933771852,Champions,"Programme VIP, avant-premières, remerciements personnalisés"
15933.0,21,3,1107.46,3,0.5327226434432041,-0.2933320819604698,Clients fidèles,"Fidélité à paliers, recommandations de produits complémentaires"
15935.0,239,1,108.03999999999999,1,-2.1130856653928403,0.11010562099567654,Clients perdus,"Campagne de réactivation avec remise, à faible coût"
15937.0,64,1,145.35,1,-1.4740038829398754,-0.6112649652249872,Clients perdus,"Campagne de réactivation avec remise, à faible coût"
15938.0,112,5,404.58,3,-0.20369255650692003,0.5343017522814391,Clients fidèles,"Fidélité à paliers, recommandations de produits complémentaires"
15939.0,90,14,6100.01,0,2.00118027725749,1.7382609364720123,Champions,"Programme VIP, avant-premières, remerciements personnalisés"
15940.0,311,1,35.8,1,-2.7308064165651045,-0.11951298059645851,Clients perdus,"Campagne de réactivation avec remise, à faible coût"
15942.0,134,1,337.44,1,-1.3537128538845806,0.15808395984621698,Clients perdus,"Campagne de réactivation avec remise, à faible coût"
15944.0,277,1,325.1,1,-1.6472807966129683,0.6027908270984148,Clients perdus,"Campagne de réactivation avec remise, à faible coût"
15945.0,365,1,181.0,1,-2.0301714793728154,0.5646086724585402,Clients perdus,"Campagne de réactivation avec remise, à faible coût"
15947.0,83,1,1708.24,3,-0.40093236664271736,0.44758413451618256,Clients fidèles,"Fidélité à paliers, recommandations de produits complémentaires"
15948.0,8,2,955.24,2,0.5429259903038703,-1.0250113604992632,Nouveaux clients,"Mail de bienvenue, code promo sur la 2e commande"
15949.0,17,2,364.72,2,-0.1797235271988769,-0.9357395305753401,Nouveaux clients,"Mail de bienvenue, code promo sur la 2e commande"
15950.0,32,4,1744.71,3,0.796540395574506,0.21543324215597,Clients fidèles,"Fidélité à paliers, recommandations de produits complémentaires"
15951.0,9,2,708.22,2,0.3603058087053966,-1.0671368098285698,Nouveaux clients,"Mail de bienvenue, code promo sur la 2e commande"
15952.0,34,4,781.91,3,0.3920089961676385,-0.039629975724915896,Clients fidèles,"Fidélité à paliers, recommandations de produits complémentaires"
15953.0,15,8,1657.28,0,1.5813444930245586,-0.03618913240087547,Champions,"Programme VIP, avant-premières, remerciements personnalisés"
15955.0,24,14,4416.26,0,2.340741984990608,0.8008886149802288,Champions,"Programme VIP, avant-premières, remerciements personnalisés"
15957.0,32,1,428.89,2,-0.7017331200955899,-0.648413666543032,Nouveaux clients,"Mail de bienvenue, code promo sur la 2e commande"
15958.0,74,1,104.35,1,-1.6852687227541068,-0.6403394908279165,Clients perdus,"Campagne de réactivation avec remise, à faible coût"
15963.0,20,2,470.76,2,-0.11729158903999769,-0.7451137520562316,Nouveaux clients,"Mail de bienvenue, code promo sur la 2e commande"
15965.0,17,4,808.87,3,0.6621007819872953,-0.4491402388565955,Clients fidèles,"Fidélité à paliers, recommandations de produits complémentaires"
15967.0,23,2,397.68,2,-0.24847944689337886,-0.7217728804680608,Nouveaux clients,"Mail de bienvenue, code promo sur la 2e commande"
15969.0,3,3,666.1,2,0.941851666156763,-1.5599598664794005,Nouveaux clients,"Mail de bienvenue, code promo sur la 2e commande"
15970.0,304,1,314.1,1,-1.6990290199782099,0.6490812452290688,Clients perdus,"Campagne de réactivation avec remise, à faible coût"
15971.0,18,12,4194.9,0,2.291340609192237,0.5529335632842235,Champions,"Programme VIP, avant-premières, remerciements personnalisés"
15973.0,367,1,307.82000000000005,1,-1.780332272989907,0.7608611677572432,Clients perdus,"Campagne de réactivation avec remise, à faible coût"
15974.0,39,7,3442.15,3,1.472729118078018,0.7661345433761035,Clients fidèles,"Fidélité à paliers, recommandations de produits complémentaires"
15975.0,84,1,371.01,1,-1.1319730195038509,-0.10091635565184605,Clients perdus,"Campagne de réactivation avec remise, à faible coût"
15976.0,165,2,427.64,1,-0.9525464831805008,0.5315173236217223,Clients perdus,"Campagne de réactivation avec remise, à faible coût"
15977.0,17,2,1054.73,2,0.32536375639797116,-0.5491950651969656,Nouveaux clients,"Mail de bienvenue, code promo sur la 2e commande"
15978.0,77,1,1098.78,1,-0.5827121816177118,0.23979415021005676,Clients perdus,"Campagne de réactivation avec remise, à faible coût"
15980.0,89,3,2398.86,3,0.36272341107545103,0.8820263360090717,Clients fidèles,"Fidélité à paliers, recommandations de produits complémentaires"
15981.0,25,8,3408.48,0,1.7393345387673274,0.5346254762140928,Champions,"Programme VIP, avant-premières, remerciements personnalisés"
15983.0,22,4,1465.12,3,0.851255746504724,-0.07723241747205574,Clients fidèles,"Fidélité à paliers, recommandations de produits complémentaires"
15984.0,3,10,2780.63,0,2.539130296601895,-0.6497587038122926,Champions,"Programme VIP, avant-premières, remerciements personnalisés"
15985.0,123,2,1142.42,3,-0.3736726614872885,0.7042160322599738,Clients fidèles,"Fidélité à paliers, recommandations de produits complémentaires"
15986.0,30,1,168.12,2,-1.1223401315068566,-1.028240786298463,Nouveaux clients,"Mail de bienvenue, code promo sur la 2e commande"
15987.0,12,7,1432.77,0,1.4845671768599686,-0.2663155974470483,Champions,"Programme VIP, avant-premières, remerciements personnalisés"
15988.0,19,1,156.78,2,-0.9880345078856901,-1.3315731166232978,Nouveaux clients,"Mail de bienvenue, code promo sur la 2e commande"
15990.0,44,2,792.11,3,-0.16085230966915842,-0.0722002238152589,Clients fidèles,"Fidélité à paliers, recommandations de produits complémentaires"
15992.0,4,1,41.989999999999995,2,-1.0780826364474128,-2.685121508890817,Nouveaux clients,"Mail de bienvenue, code promo sur la 2e commande"
15993.0,9,7,2768.97,0,1.898518809079956,-0.19264197349347031,Champions,"Programme VIP, avant-premières, remerciements personnalisés"
15994.0,55,1,414.27,1,-0.9201893152380678,-0.32553586957919245,Clients perdus,"Campagne de réactivation avec remise, à faible coût"
15996.0,88,6,1032.58,3,0.4729189297284833,0.7832968848860666,Clients fidèles,"Fidélité à paliers, recommandations de produits complémentaires"
15998.0,37,5,3080.22,3,1.1786285722072505,0.5823111964109676,Clients fidèles,"Fidélité à paliers, recommandations de produits complémentaires"
16000.0,3,3,12393.7,0,2.3340600754989147,-0.49449955345757896,Champions,"Programme VIP, avant-premières, remerciements personnalisés"
16003.0,30,5,2735.37,3,1.1998344024993293,0.40987147058002704,Clients fidèles,"Fidélité à paliers, recommandations de produits complémentaires"
16005.0,12,4,578.71,2,0.6270860503572286,-0.7774955550893095,Nouveaux clients,"Mail de bienvenue, code promo sur la 2e commande"
16006.0,211,1,101.4,1,-2.095642713847052,0.008499156594679811,Clients perdus,"Campagne de réactivation avec remise, à faible coût"
16007.0,48,4,1693.81,3,0.631468076746114,0.4554266006569258,Clients fidèles,"Fidélité à paliers, recommandations de produits complémentaires"
16008.0,24,3,478.78,2,0.08492821707504195,-0.5175711216387455,Nouveaux clients,"Mail de bienvenue, code promo sur la 2e commande"
16009.0,22,4,972.11,3,0.6559721765076465,-0.22668338488534778,Clients fidèles,"Fidélité à paliers, recommandations de produits complémentaires"
16010.0,246,3,392.4,1,-0.8844165714428902,0.8631312709943908,Clients perdus,"Campagne de réactivation avec remise, à faible coût"
16011.0,8,16,3352.96,0,2.7131759482248445,0.10055407108775063,Champions,"Programme VIP, avant-premières, remerciements personnalisés"
16012.0,35,3,1415.29,3,0.46140240554960316,0.10844847815060027,Clients fidèles,"Fidélité à paliers, recommandations de produits complémentaires"
16013.0,4,47,37130.6,0,5.024090124768836,1.004075718646239,Champions,"Programme VIP, avant-premières, remerciements personnalisés"
16014.0,38,3,646.83,3,0.05817444116587286,-0.12596981469036192,Clients fidèles,"Fidélité à paliers, recommandations de produits complémentaires"
16015.0,4,3,704.26,2,0.883133764918908,-1.3981168673086335,Nouveaux clients,"Mail de bienvenue, code promo sur la 2e commande"
16016.0,3,8,1465.51,0,2.05223184422701,-0.9604523056996436,Champions,"Programme VIP, avant-premières, remerciements personnalisés"
16017.0,47,1,211.88,1,-1.1796773412347012,-0.6669691275112988,Clients perdus,"Campagne de réactivation avec remise, à faible coût"
16018.0,39,2,408.90000000000003,2,-0.4303457431058819,-0.3875899182213049,Nouveaux clients,"Mail de bienvenue, code promo sur la 2e commande"
16019.0,47,9,3786.2400000000002,3,1.650753540605939,1.0024620893978176,Clients fidèles,"Fidélité à paliers, recommandations de produits complémentaires"
16020.0,17,3,851.01,2,0.4839948727424544,-0.5165786301865319,Nouveaux clients,"Mail de bienvenue, code promo sur la 2e commande"
16022.0,260,1,602.63,1,-1.3298083280102895,0.7872798479857385,Clients perdus,"Campagne de réactivation avec remise, à faible coût"
16023.0,46,3,719.81,3,0.0377743914808956,0.0313211778653899,Clients fidèles,"Fidélité à paliers, recommandations de produits complémentaires"
16024.0,12,1,245.75,2,-0.610460857549931,-1.4418077883358917,Nouveaux clients,"Mail de bienvenue, code promo sur la 2e commande"
16025.0,30,1,439.65999999999997,2,-0.6660667147607044,-0.6790536860283222,Nouveaux clients,"Mail de bienvenue, code promo sur la 2e commande"
16026.0,43,1,236.09,1,-1.095128489555133,-0.6828943375730627,Clients perdus,"Campagne de réactivation avec remise, à faible coût"
16027.0,92,6,934.62,3,0.4086873850893058,0.7748795463761735,Clients fidèles,"Fidélité à paliers, recommandations de produits complémentaires"
16029.0,39,62,72708.09,0,4.796599303128423,2.673003920833595,Champions,"Programme VIP, avant-premières, remerciements personnalisés"
16030.0,310,1,331.24,1,-1.681233015247942,0.6807531098958489,Clients perdus,"Campagne de réactivation avec remise, à faible coût"
16031.0,92,2,547.9,1,-0.6134481450228736,0.25412958625380255,Clients perdus,"Campagne de réactivation avec remise, à faible coût"
16033.0,6,20,8778.82,0,3.459189652409333,0.3733809664583963,Champions,"Programme VIP, avant-premières, remerciements personnalisés"
16034.0,196,3,437.7,1,-0.7461072682884196,0.759381706424717,Clients perdus,"Campagne de réactivation avec remise, à faible coût"
16036.0,87,2,758.92,3,-0.43735713068740734,0.33768230137231525,Clients fidèles,"Fidélité à paliers, recommandations de produits complémentaires"
16037.0,270,3,855.02,1,-0.5494121883611668,1.2054412537617016,Clients perdus,"Campagne de réactivation avec remise, à faible coût"
16038.0,8,3,471.78000000000003,2,0.46810484203273794,-1.171056483100408,Nouveaux clients,"Mail de bienvenue, code promo sur la 2e commande"
16040.0,65,3,1313.55,3,0.1943957417337959,0.4657941953362152,Clients fidèles,"Fidélité à paliers, recommandations de produits complémentaires"
16041.0,31,3,3166.4,3,0.8898602739812842,0.32720252800916744,Clients fidèles,"Fidélité à paliers, recommandations de produits complémentaires"
16042.0,22,5,1177.47,3,0.9124685912243474,-0.0866540911109601,Clients fidèles,"Fidélité à paliers, recommandations de produits complémentaires"
16043.0,38,4,773.99,3,0.3458368132820904,0.025312390856769947,Clients fidèles,"Fidélité à paliers, recommandations de produits complémentaires"
16045.0,120,4,1340.7,3,0.17491947480632453,0.9437090246832625,Clients fidèles,"Fidélité à paliers, recommandations de produits complémentaires"
16048.0,373,2,256.44,1,-1.505665613572721,0.8609165871414729,Clients perdus,"Campagne de réactivation avec remise, à faible coût"
16049.0,40,3,1074.81,3,0.28072754379917975,0.0906936356818678,Clients fidèles,"Fidélité à paliers, recommandations de produits complémentaires"
16050.0,174,1,137.9,1,-1.8771400067909128,-0.0020153802520151507,Clients perdus,"Campagne de réactivation avec remise, à faible coût"
16052.0,54,1,362.06,1,-0.9773232083816253,-0.38595773896304925,Clients perdus,"Campagne de réactivation avec remise, à faible coût"
16053.0,33,2,1511.95,3,0.25391127358857873,-0.014527501561049136,Clients fidèles,"Fidélité à paliers, recommandations de produits complémentaires"
16054.0,145,1,783.9,1,-0.9828396963280963,0.5145016415908635,Clients perdus,"Campagne de réactivation avec remise, à faible coût"
16055.0,221,1,134.8,1,-1.978747016152857,0.14067084927786366,Clients perdus,"Campagne de réactivation avec remise, à faible coût"
16056.0,45,1,650.75,2,-0.6303151709349056,-0.28597961345573214,Nouveaux clients,"Mail de bienvenue, code promo sur la 2e commande"
16057.0,16,7,2263.12,0,1.5997913917659263,0.07045735986260569,Champions,"Programme VIP, avant-premières, remerciements personnalisés"
16059.0,66,6,1453.16,3,0.7440177872526733,0.7276479354494195,Clients fidèles,"Fidélité à paliers, recommandations de produits complémentaires"
16062.0,10,4,1153.62,2,1.0191547090893915,-0.6322481462943369,Nouveaux clients,"Mail de bienvenue, code promo sur la 2e commande"
16063.0,260,1,335.32,1,-1.608479409633502,0.5740122252189034,Clients perdus,"Campagne de réactivation avec remise, à faible coût"
16065.0,365,1,367.14,1,-1.6945376211382268,0.8214700398053462,Clients perdus,"Campagne de réactivation avec remise, à faible coût"
16066.0,17,5,1521.04,3,1.1279741282199922,-0.14887429552914766,Clients fidèles,"Fidélité à paliers, recommandations de produits complémentaires"
16070.0,22,2,852.15,2,0.1302415187004314,-0.471375474720739,Nouveaux clients,"Mail de bienvenue, code promo sur la 2e commande"
16071.0,45,1,326.24,1,-0.9585691998740353,-0.5371931803881568,Clients perdus,"Campagne de réactivation avec remise, à faible coût"
16072.0,288,1,584.3199999999999,1,-1.383403148373175,0.840696877543933,Clients perdus,"Campagne de réactivation avec remise, à faible coût"
16073.0,297,1,122.39999999999999,1,-2.1368080439123496,0.29253230461541724,Clients perdus,"Campagne de réactivation avec remise, à faible coût"
16076.0,3,10,2234.73,0,2.4350419974054875,-0.7294177197322705,Champions,"Programme VIP, avant-premières, remerciements personnalisés"
16078.0,284,1,79.2,1,-2.3250763736962443,0.10711674223786591,Clients perdus,"Campagne de réactivation avec remise, à faible coût"
16079.0,17,3,1352.0,3,0.7043411675857529,-0.34794710152921443,Clients fidèles,"Fidélité à paliers, recommandations de produits complémentaires"
16080.0,82,2,217.16,1,-1.0096110417712665,-0.15447149063263188,Clients perdus,"Campagne de réactivation avec remise, à faible coût"
16081.0,56,5,2799.42,3,0.9782501130734131,0.8046925599151485,Clients fidèles,"Fidélité à paliers, recommandations de produits complémentaires"
16083.0,101,2,1317.62,3,-0.23115949528659627,0.6322953550729571,Clients fidèles,"Fidélité à paliers, recommandations de produits complémentaires"
16084.0,299,1,436.18,1,-1.5367024824314368,0.7579929476038738,Clients perdus,"Campagne de réactivation avec remise, à faible coût"
16085.0,23,5,981.51,3,0.8095677677198371,-0.12596570470518664,Clients fidèles,"Fidélité à paliers, recommandations de produits complémentaires"
16086.0,59,5,1121.39,3,0.5230439546207934,0.5038540793558597,Clients fidèles,"Fidélité à paliers, recommandations de produits complémentaires"
16091.0,155,2,315.06,1,-1.0739830991888268,0.3810060795942259,Clients perdus,"Campagne de réactivation avec remise, à faible coût"
16092.0,115,3,817.86,3,-0.246495206148348,0.6509601582588778,Clients fidèles,"Fidélité à paliers, recommandations de produits complémentaires"
16093.0,107,1,17.0,1,-2.6663657265850205,-1.053272261816644,Clients perdus,"Campagne de réactivation avec remise, à faible coût"
16094.0,12,4,1078.23,3,0.9231839076079293,-0.5508911806619969,Clients fidèles,"Fidélité à paliers, recommandations de produits complémentaires"
16096.0,264,1,320.62,1,-1.6355814348808912,0.5673650612588531,Clients perdus,"Campagne de réactivation avec remise, à faible coût"
16097.0,240,1,185.04999999999998,1,-1.8601095088791337,0.30756195232966266,Clients perdus,"Campagne de réactivation avec remise, à faible coût"
16098.0,88,7,2005.63,3,0.9100474699483884,1.076621962488657,Clients fidèles,"Fidélité à paliers, recommandations de produits complémentaires"
16099.0,50,3,731.9,3,0.014505722600915632,0.08920201343715221,Clients fidèles,"Fidélité à paliers, recommandations de produits complémentaires"
16101.0,71,1,1290.7,3,-0.4755075560622918,0.2476650977445716,Clients fidèles,"Fidélité à paliers, recommandations de produits complémentaires"
16102.0,42,3,1842.14,3,0.5190536070539739,0.31722050222309367,Clients fidèles,"Fidélité à paliers, recommandations de produits complémentaires"
16103.0,7,6,1429.64,0,1.5479039719395815,-0.6265378588821214,Champions,"Programme VIP, avant-premières, remerciements personnalisés"
16104.0,62,1,298.21,1,-1.1213421066958833,-0.37033281873438084,Clients perdus,"Campagne de réactivation avec remise, à faible coût"
16105.0,249,1,336.96,1,-1.5897169064169416,0.5484693697484583,Clients perdus,"Campagne de réactivation avec remise, à faible coût"
16106.0,66,1,108.38,1,-1.6243053051699412,-0.698207999332087,Clients perdus,"Campagne de réactivation avec remise, à faible coût"
16107.0,18,7,3204.1600000000003,0,1.7229134689117758,0.26775218507502874,Champions,"Programme VIP, avant-premières, remerciements personnalisés"
16108.0,85,1,842.5,1,-0.7464044508961664,0.2049985044245157,Clients perdus,"Campagne de réactivation avec remise, à faible coût"
16109.0,219,2,611.88,1,-0.8897543626978162,0.8405587746119512,Clients perdus,"Campagne de réactivation avec remise, à faible coût"
16110.0,45,3,1320.95,3,0.33494498895101926,0.23881741489621927,Clients fidèles,"Fidélité à paliers, recommandations de produits complémentaires"
16112.0,143,4,195.73999999999998,1,-0.8062226849698501,0.3540999457002166,Clients perdus,"Campagne de réactivation avec remise, à faible coût"
16113.0,183,1,161.38,1,-1.8218793717469506,0.08674790137402569,Clients perdus,"Campagne de réactivation avec remise, à faible coût"
16114.0,171,1,135.75000000000003,1,-1.8779686347757845,-0.01867300481942543,Clients perdus,"Campagne de réactivation avec remise, à faible coût"
16115.0,10,8,1660.8799999999999,0,1.7254769903593163,-0.2731005550890564,Champions,"Programme VIP, avant-premières, remerciements personnalisés"
16116.0,212,1,612.78,1,-1.244248605621826,0.6644338328796556,Clients perdus,"Campagne de réactivation avec remise, à faible coût"
16117.0,190,1,232.21,1,-1.663666391151315,0.24242827812201787,Clients perdus,"Campagne de réactivation avec remise, à faible coût"
16119.0,8,2,423.36,2,0.15585043714909713,-1.3212411758487148,Nouveaux clients,"Mail de bienvenue, code promo sur la 2e commande"
16120.0,59,4,1309.14,3,0.4314679264360799,0.49003873852051566,Clients fidèles,"Fidélité à paliers, recommandations de produits complémentaires"
16121.0,57,2,854.66,3,-0.22160631476012213,0.11647483358523036,Clients fidèles,"Fidélité à paliers, recommandations de produits complémentaires"
16122.0,73,4,684.4200000000001,3,0.04270592336689181,0.38685954306279713,Clients fidèles,"Fidélité à paliers, recommandations de produits complémentaires"
16123.0,52,1,307.78,1,-1.040331596508977,-0.4685031578945346,Clients perdus,"Campagne de réactivation avec remise, à faible coût"
16124.0,317,1,249.0,1,-1.8252327389858078,0.5911759966133809,Clients perdus,"Campagne de réactivation avec remise, à faible coût"
16125.0,367,1,289.35,1,-1.8097152613741188,0.7383742988435927,Clients perdus,"Campagne de réactivation avec remise, à faible coût"
16126.0,29,4,6287.77,3,1.4435524576395362,0.622272193457463,Clients fidèles,"Fidélité à paliers, recommandations de produits complémentaires"
16127.0,39,1,656.25,2,-0.5729348912279928,-0.3715792450219385,Nouveaux clients,"Mail de bienvenue, code promo sur la 2e commande"
16128.0,18,5,1880.22,3,1.2082689134773499,-0.03732215760741888,Clients fidèles,"Fidélité à paliers, recommandations de produits complémentaires"
16131.0,52,6,3506.54,3,1.2530400212264619,0.8999922400982453,Clients fidèles,"Fidélité à paliers, recommandations de produits complémentaires"
16133.0,4,33,14589.04,0,4.266442106340823,0.5306704707370328,Champions,"Programme VIP, avant-premières, remerciements personnalisés"
16134.0,22,2,618.09,2,-0.0225466717226234,-0.5883046299404717,Nouveaux clients,"Mail de bienvenue, code promo sur la 2e commande"
16135.0,263,1,517.55,1,-1.406556748540979,0.7391347088522706,Clients perdus,"Campagne de réactivation avec remise, à faible coût"
16136.0,60,3,709.38,3,-0.06874408283251839,0.19140897640631627,Clients fidèles,"Fidélité à paliers, recommandations de produits complémentaires"
16139.0,19,3,635.41,2,0.3047516753246148,-0.556119665718289,Nouveaux clients,"Mail de bienvenue, code promo sur la 2e commande"
16140.0,66,2,725.18,3,-0.3548693031006278,0.14815982890394253,Clients fidèles,"Fidélité à paliers, recommandations de produits complémentaires"
16141.0,88,1,620.4,1,-0.9050937799512739,0.11532777459554207,Clients perdus,"Campagne de réactivation avec remise, à faible coût"
16142.0,250,1,535.34,1,-1.3712004256175394,0.7193998150728841,Clients perdus,"Campagne de réactivation avec remise, à faible coût"
16143.0,3,6,2424.94,0,2.0642325663258068,-0.8737075680686429,Champions,"Programme VIP, avant-premières, remerciements personnalisés"
16144.0,247,1,175.2,1,-1.896960797472069,0.3058917549840392,Clients perdus,"Campagne de réactivation avec remise, à faible coût"
16145.0,9,11,3799.4900000000002,0,2.4167574281005724,0.0788327615005565,Champions,"Programme VIP, avant-premières, remerciements personnalisés"
16146.0,157,3,734.13,3,-0.4158993045399507,0.8076596485741722,Clients fidèles,"Fidélité à paliers, recommandations de produits complémentaires"
16147.0,134,1,375.0,1,-1.3035708224107032,0.1964577724099204,Clients perdus,"Campagne de réactivation avec remise, à faible coût"
16148.0,296,1,76.32000000000001,1,-2.358251438357842,0.11994631040287437,Clients perdus,"Campagne de réactivation avec remise, à faible coût"
16149.0,5,2,280.52,2,0.115179453515394,-1.7280982349609952,Nouveaux clients,"Mail de bienvenue, code promo sur la 2e commande"
16150.0,43,5,2053.02,3,0.9294285486651196,0.5274505619952617,Clients fidèles,"Fidélité à paliers, recommandations de produits complémentaires"
16152.0,269,1,1829.04,1,-0.814316971018357,1.2132020512219397,Clients perdus,"Campagne de réactivation avec remise, à faible coût"
16153.0,50,5,1824.23,3,0.8167802559621391,0.5780500900746054,Clients fidèles,"Fidélité à paliers, recommandations de produits complémentaires"
16156.0,9,9,3092.04,0,2.153352370329079,-0.0664837327693326,Champions,"Programme VIP, avant-premières, remerciements personnalisés"
16157.0,16,3,656.69,2,0.3824898892803425,-0.6472274904409197,Nouveaux clients,"Mail de bienvenue, code promo sur la 2e commande"
16159.0,282,1,348.2,1,-1.6214804930856703,0.6390544390823508,Clients perdus,"Campagne de réactivation avec remise, à faible coût"
16160.0,65,2,1025.44,3,-0.1842510264466436,0.2647992735260893,Clients fidèles,"Fidélité à paliers, recommandations de produits complémentaires"
16161.0,2,19,5533.67,0,3.518712051097767,-0.3511724511838296,Champions,"Programme VIP, avant-premières, remerciements personnalisés"
16162.0,252,1,37.4,1,-2.6304755247832667,-0.23697178348040338,Clients perdus,"Campagne de réactivation avec remise, à faible coût"
16163.0,232,2,856.6,1,-0.7516100698088949,0.9994817605228871,Clients perdus,"Campagne de réactivation avec remise, à faible coût"
16164.0,17,3,822.48,2,0.4677676790016984,-0.528997339056895,Nouveaux clients,"Mail de bienvenue, code promo sur la 2e commande"
16168.0,11,27,3787.6,0,3.113685451220507,0.5196521816414251,Champions,"Programme VIP, avant-premières, remerciements personnalisés"
16169.0,8,4,1822.97,3,1.3136439803960216,-0.5928298991077636,Clients fidèles,"Fidélité à paliers, recommandations de produits complémentaires"
16170.0,51,6,1885.05,3,0.9647146937372122,0.661684851654918,Clients fidèles,"Fidélité à paliers, recommandations de produits complémentaires"
16171.0,59,1,73.2,1,-1.767052815780673,-0.90970899090518,Clients perdus,"Campagne de réactivation avec remise, à faible coût"
16172.0,95,5,1140.21,3,0.35146738566407193,0.8080833656318461,Clients fidèles,"Fidélité à paliers, recommandations de produits complémentaires"
16173.0,16,6,1418.32,3,1.2562458667734648,-0.15124841991885427,Clients fidèles,"Fidélité à paliers, recommandations de produits complémentaires"
16174.0,126,3,1009.5500000000001,3,-0.18088142791051362,0.7851277604452415,Clients fidèles,"Fidélité à paliers, recommandations de produits complémentaires"
16175.0,94,4,1037.59,3,0.14530423836516915,0.6968708212774486,Clients fidèles,"Fidélité à paliers, recommandations de produits complémentaires"
16177.0,50,1,331.95,1,-0.9897345733211405,-0.4654266031051867,Clients perdus,"Campagne de réactivation avec remise, à faible coût"
16178.0,138,1,197.9,1,-1.6181153633963852,-0.017205975150825874,Clients perdus,"Campagne de réactivation avec remise, à faible coût"
16179.0,61,1,215.83,1,-1.2686615177145626,-0.4979037056172552,Clients perdus,"Campagne de réactivation avec remise, à faible coût"
16180.0,100,8,10254.18,3,1.745743821519965,1.7970409456073915,Clients fidèles,"Fidélité à paliers, recommandations de produits complémentaires"
16181.0,73,1,305.54,1,-1.1712719077454776,-0.259415221245296,Clients perdus,"Campagne de réactivation avec remise, à faible coût"
16182.0,72,4,6617.65,3,1.1282927168233612,1.2050537051407149,Clients fidèles,"Fidélité à paliers, recommandations de produits complémentaires"
16183.0,67,1,338.71000000000004,1,-1.0900268168429532,-0.2755947745024557,Clients perdus,"Campagne de réactivation avec remise, à faible coût"
16184.0,64,6,1158.79,3,0.6478251881099957,0.6259485253595986,Clients fidèles,"Fidélité à paliers, recommandations de produits complémentaires"
16185.0,17,2,529.41,2,-0.0025902327432363497,-0.8001790109786573,Nouveaux clients,"Mail de bienvenue, code promo sur la 2e commande"
16186.0,23,12,4006.94,0,2.1802850541007053,0.6844258514635456,Champions,"Programme VIP, avant-premières, remerciements personnalisés"
16187.0,32,15,6911.4400000000005,0,2.506566819641982,1.1651492835350785,Champions,"Programme VIP, avant-premières, remerciements personnalisés"
16188.0,45,4,981.86,3,0.39600204792108673,0.21667805061445602,Clients fidèles,"Fidélité à paliers, recommandations de produits complémentaires"
16189.0,16,2,215.48,2,-0.4077268074146715,-1.1631978296691268,Nouveaux clients,"Mail de bienvenue, code promo sur la 2e commande"
16190.0,40,1,215.08,1,-1.112368642327617,-0.7615272922685686,Clients perdus,"Campagne de réactivation avec remise, à faible coût"
16191.0,3,13,5180.52,0,3.054114010764115,-0.3300678137496954,Champions,"Programme VIP, avant-premières, remerciements personnalisés"
16193.0,237,1,314.45,1,-1.6037706426714924,0.4921309973503227,Clients perdus,"Campagne de réactivation avec remise, à faible coût"
16198.0,75,1,400.68,1,-1.0526705034597859,-0.1439366864997452,Clients perdus,"Campagne de réactivation avec remise, à faible coût"
16200.0,4,2,1068.8700000000001,2,0.8209045398219206,-1.356956712165452,Nouveaux clients,"Mail de bienvenue, code promo sur la 2e commande"
16201.0,3,4,1863.47,0,1.6338099618089825,-1.0992690563342982,Champions,"Programme VIP, avant-premières, remerciements personnalisés"
16202.0,361,1,365.27,1,-1.6927670676409294,0.8126417833296705,Clients perdus,"Campagne de réactivation avec remise, à faible coût"
16203.0,59,4,592.9,3,0.05451606182962387,0.20155660541263462,Clients fidèles,"Fidélité à paliers, recommandations de produits complémentaires"
16204.0,23,1,384.18,2,-0.6324347268092456,-0.8904802657204155,Nouveaux clients,"Mail de bienvenue, code promo sur la 2e commande"
16205.0,31,4,751.03,3,0.40705998422658757,-0.11115212208983329,Clients fidèles,"Fidélité à paliers, recommandations de produits complémentaires"
16206.0,55,4,537.0600000000001,3,0.0338206907959475,0.12178491741851592,Clients fidèles,"Fidélité à paliers, recommandations de produits complémentaires"
16207.0,25,1,394.38,2,-0.6505512608563406,-0.8301718909436766,Nouveaux clients,"Mail de bienvenue, code promo sur la 2e commande"
16208.0,45,2,664.26,2,-0.252997438484398,-0.12235195861779168,Nouveaux clients,"Mail de bienvenue, code promo sur la 2e commande"
16209.0,89,5,2262.62,3,0.7024202075189472,1.0168626015799809,Clients fidèles,"Fidélité à paliers, recommandations de produits complémentaires"
16210.0,2,17,21076.3,0,4.060289322401603,0.09581420586987936,Champions,"Programme VIP, avant-premières, remerciements personnalisés"
16211.0,89,1,547.02,1,-0.9692324153511847,0.0765962666307231,Clients perdus,"Campagne de réactivation avec remise, à faible coût"
16212.0,19,2,690.34,2,0.08342022029038981,-0.6367208148266019,Nouveaux clients,"Mail de bienvenue, code promo sur la 2e commande"
16213.0,79,1,159.0,1,-1.5108176868371532,-0.4470259402305647,Clients perdus,"Campagne de réactivation avec remise, à faible coût"
16214.0,171,3,1062.75,3,-0.2722733945491246,0.9962504705437343,Clients fidèles,"Fidélité à paliers, recommandations de produits complémentaires"
16215.0,81,1,242.35,1,-1.3204624147125257,-0.2784647614829234,Clients perdus,"Campagne de réactivation avec remise, à faible coût"
16216.0,267,1,914.9300000000001,1,-1.1412494327776233,0.9561101275182071,Clients perdus,"Campagne de réactivation avec remise, à faible coût"
16217.0,235,2,304.25,1,-1.2486654223562899,0.6309393374419601,Clients perdus,"Campagne de réactivation avec remise, à faible coût"
16218.0,30,7,3084.68,3,1.5178498766729558,0.5644651229696197,Clients fidèles,"Fidélité à paliers, recommandations de produits complémentaires"
16221.0,37,3,860.86,3,0.20410250037866462,-0.038361380683745984,Clients fidèles,"Fidélité à paliers, recommandations de produits complémentaires"
16222.0,318,1,773.5500000000001,1,-1.2876592391761121,1.0054917157761736,Clients perdus,"Campagne de réactivation avec remise, à faible coût"
16224.0,57,4,1295.3,3,0.4393554719298221,0.4646596188696954,Clients fidèles,"Fidélité à paliers, recommandations de produits complémentaires"
16225.0,45,5,1096.32,3,0.6137561142587163,0.3270577356419243,Clients fidèles,"Fidélité à paliers, recommandations de produits complémentaires"
16226.0,203,3,255.12,1,-1.0158496809000006,0.5853029933978574,Clients perdus,"Campagne de réactivation avec remise, à faible coût"
16227.0,225,1,314.22,1,-1.584359764570751,0.45904440343243375,Clients perdus,"Campagne de réactivation avec remise, à faible coût"
16229.0,87,2,1010.6,3,-0.30105835558291283,0.4419920689422049,Clients fidèles,"Fidélité à paliers, recommandations de produits complémentaires"
16230.0,190,2,542.03,1,-0.8934216313342421,0.7067638950462773,Clients perdus,"Campagne de réactivation avec remise, à faible coût"
16232.0,44,4,990.88,3,0.4087485429420909,0.20606582748637658,Clients fidèles,"Fidélité à paliers, recommandations de produits complémentaires"
16233.0,71,3,536.6800000000001,3,-0.26476877050325304,0.19502517464767707,Clients fidèles,"Fidélité à paliers, recommandations de produits complémentaires"
16235.0,41,4,857.31,3,0.3661863557363386,0.10955941454220523,Clients fidèles,"Fidélité à paliers, recommandations de produits complémentaires"
16236.0,78,1,432.2,1,-1.0314636312167278,-0.09183152617647848,Clients perdus,"Campagne de réactivation avec remise, à faible coût"
16239.0,57,2,414.2,1,-0.5661287792803131,-0.14718900469325186,Clients perdus,"Campagne de réactivation avec remise, à faible coût"
16240.0,24,2,3718.8,3,0.7999555908242979,0.1184253048183745,Clients fidèles,"Fidélité à paliers, recommandations de produits complémentaires"
16241.0,10,13,2590.31,0,2.3376287658067647,0.05902236790462203,Champions,"Programme VIP, avant-premières, remerciements personnalisés"
16242.0,8,7,3579.86,0,2.0610918403498997,-0.1658586546389568,Champions,"Programme VIP, avant-premières, remerciements personnalisés"
16243.0,34,2,409.1,2,-0.3791163145774748,-0.4721231605534331,Nouveaux clients,"Mail de bienvenue, code promo sur la 2e commande"
16244.0,212,2,1522.75,3,-0.4434791078625936,1.1521301022928123,Clients fidèles,"Fidélité à paliers, recommandations de produits complémentaires"
16245.0,24,3,1413.66,3,0.600114722063928,-0.12329769879004375,Clients fidèles,"Fidélité à paliers, recommandations de produits complémentaires"
16247.0,170,1,114.56,1,-1.9559579690901765,-0.08376174872123518,Clients perdus,"Campagne de réactivation avec remise, à faible coût"
16248.0,62,1,152.94,1,-1.4379783179989936,-0.6126552429815284,Clients perdus,"Campagne de réactivation avec remise, à faible coût"
16249.0,53,5,1800.07,3,0.7886022214312668,0.6094522369653609,Clients fidèles,"Fidélité à paliers, recommandations de produits complémentaires"
16250.0,261,2,389.44,1,-1.171306545945989,0.7869908173649895,Clients perdus,"Campagne de réactivation avec remise, à faible coût"
16253.0,67,2,3683.86,3,0.41330757347490993,0.7497760307924153,Clients fidèles,"Fidélité à paliers, recommandations de produits complémentaires"
16255.0,17,8,2619.91,0,1.7544495550315942,0.2054343185993676,Champions,"Programme VIP, avant-premières, remerciements personnalisés"
16256.0,267,1,752.4300000000001,1,-1.2343006956358822,0.8848977810140775,Clients perdus,"Campagne de réactivation avec remise, à faible coût"
16257.0,177,1,21.95,1,-2.7414379491356886,-0.647713486127768,Clients perdus,"Campagne de réactivation avec remise, à faible coût"
16258.0,45,5,5203.51,3,1.3554143194051302,0.8946504739905531,Clients fidèles,"Fidélité à paliers, recommandations de produits complémentaires"
16260.0,51,1,1035.45,2,-0.4561181462897751,-0.039054603346390854,Nouveaux clients,"Mail de bienvenue, code promo sur la 2e commande"
16261.0,17,4,728.54,2,0.6123316995776839,-0.4872286326395419,Nouveaux clients,"Mail de bienvenue, code promo sur la 2e commande"
16265.0,9,9,5347.0,0,2.4142377608894576,0.13317245952491213,Champions,"Programme VIP, avant-premières, remerciements personnalisés"
16266.0,74,7,861.89,3,0.5733281904443136,0.660332341000601,Clients fidèles,"Fidélité à paliers, recommandations de produits complémentaires"
16268.0,71,2,617.65,1,-0.4587107380603394,0.13538526360191022,Clients perdus,"Campagne de réactivation avec remise, à faible coût"
16270.0,353,1,1141.24,1,-1.1423369808841324,1.213178678546946,Clients perdus,"Campagne de réactivation avec remise, à faible coût"
16271.0,16,4,1389.64,3,0.9415173214790643,-0.2882689772960554,Clients fidèles,"Fidélité à paliers, recommandations de produits complémentaires"
16272.0,117,1,411.7,1,-1.2077974048644442,0.14503302775940521,Clients perdus,"Campagne de réactivation avec remise, à faible coût"
16274.0,373,1,331.55,1,-1.7512369515110213,0.7981147524857285,Clients perdus,"Campagne de réactivation avec remise, à faible coût"
16275.0,197,1,559.87,1,-1.2593097102352737,0.5852374932087889,Clients perdus,"Campagne de réactivation avec remise, à faible coût"
16276.0,177,1,810.6000000000001,1,-1.0425878585656343,0.6524204141775829,Clients perdus,"Campagne de réactivation avec remise, à faible coût"
16278.0,100,1,566.38,1,-0.9967298908749709,0.16240723398557932,Clients perdus,"Campagne de réactivation avec remise, à faible coût"
16279.0,21,3,1502.78,3,0.6780428419715007,-0.18211819819610292,Clients fidèles,"Fidélité à paliers, recommandations de produits complémentaires"
16281.0,72,1,2062.06,3,-0.2576896306698665,0.4271434869490233,Clients fidèles,"Fidélité à paliers, recommandations de produits complémentaires"
16282.0,340,1,168.3,1,-2.0376142595284947,0.4933501551322353,Clients perdus,"Campagne de réactivation avec remise, à faible coût"
16283.0,6,5,1569.11,0,1.5034883690211245,-0.7366945443123373,Champions,"Programme VIP, avant-premières, remerciements personnalisés"
16284.0,31,2,812.68,2,-0.018449473024627842,-0.2791446955315009,Nouveaux clients,"Mail de bienvenue, code promo sur la 2e commande"
16287.0,170,1,142.5,1,-1.8527864096166171,-0.004804315829711421,Clients perdus,"Campagne de réactivation avec remise, à faible coût"
16292.0,122,1,302.25,1,-1.3704690606153576,0.0589964981917382,Clients perdus,"Campagne de réactivation avec remise, à faible coût"
16293.0,22,10,2248.9900000000002,0,1.7700337362685787,0.3825771094994527,Champions,"Programme VIP, avant-premières, remerciements personnalisés"
16295.0,10,4,1328.55,3,1.0863662547784936,-0.5808109950545819,Clients fidèles,"Fidélité à paliers, recommandations de produits complémentaires"
16297.0,269,1,301.9,1,-1.6712915273749327,0.5573574427995126,Clients perdus,"Campagne de réactivation avec remise, à faible coût"
16298.0,23,3,598.2,2,0.20641661720955753,-0.46242419627859044,Nouveaux clients,"Mail de bienvenue, code promo sur la 2e commande"
16302.0,127,1,233.22,1,-1.508750440334435,-0.009906640697770306,Clients perdus,"Campagne de réactivation avec remise, à faible coût"
16303.0,26,3,5360.63,3,1.20552588980147,0.4113421859534499,Clients fidèles,"Fidélité à paliers, recommandations de produits complémentaires"
16305.0,139,1,361.21999999999997,1,-1.3352491581534753,0.2059149938204439,Clients perdus,"Campagne de réactivation avec remise, à faible coût"
16306.0,214,6,632.27,3,-0.0973300995515033,1.164206524900067,Clients fidèles,"Fidélité à paliers, recommandations de produits complémentaires"
16308.0,38,4,2560.0,3,0.9153312811771026,0.46114782322161896,Clients fidèles,"Fidélité à paliers, recommandations de produits complémentaires"
16309.0,106,2,706.57,1,-0.5460244763808645,0.435675091452967,Clients perdus,"Campagne de réactivation avec remise, à faible coût"
16311.0,18,2,616.26,2,0.049008865223519445,-0.710587748855307,Nouveaux clients,"Mail de bienvenue, code promo sur la 2e commande"
16313.0,3,2,274.15000000000003,2,0.2591263553027785,-1.9936667997140687,Nouveaux clients,"Mail de bienvenue, code promo sur la 2e commande"
16315.0,331,1,226.37,1,-1.8868928579223163,0.583911537251941,Clients perdus,"Campagne de réactivation avec remise, à faible coût"
16316.0,64,8,2938.91,3,1.318793846017594,1.0618818325694392,Clients fidèles,"Fidélité à paliers, recommandations de produits complémentaires"
16317.0,120,3,1341.65,3,-0.0270165798491609,0.8580333679998018,Clients fidèles,"Fidélité à paliers, recommandations de produits complémentaires"
16318.0,35,1,328.15,2,-0.8621816313559169,-0.6905746413602816,Nouveaux clients,"Mail de bienvenue, code promo sur la 2e commande"
16319.0,218,1,404.40000000000003,1,-1.4524687703234924,0.5308248873113217,Clients perdus,"Campagne de réactivation avec remise, à faible coût"
16320.0,172,2,1038.46,1,-0.5462683890432827,0.8807177952971919,Clients perdus,"Campagne de réactivation avec remise, à faible coût"
16321.0,72,5,373.65000000000003,3,-0.07461941115409902,0.2281942685414762,Clients fidèles,"Fidélité à paliers, recommandations de produits complémentaires"
16322.0,1,2,326.75,2,0.6071929480746419,-2.369607807584548,Nouveaux clients,"Mail de bienvenue, code promo sur la 2e commande"
16323.0,196,1,207.50000000000003,1,-1.7288408175756023,0.22121225278349915,Clients perdus,"Campagne de réactivation avec remise, à faible coût"
16324.0,128,3,408.59000000000003,1,-0.617121965066817,0.46575134824937386,Clients perdus,"Campagne de réactivation avec remise, à faible coût"
16325.0,47,3,594.24,3,-0.06146262184799693,-0.02511562129995812,Clients fidèles,"Fidélité à paliers, recommandations de produits complémentaires"
16326.0,6,14,3039.2200000000003,0,2.6489062798118397,-0.14288884546634542,Champions,"Programme VIP, avant-premières, remerciements personnalisés"
16327.0,14,6,3789.67,0,1.7720884511733552,0.12754244719055202,Champions,"Programme VIP, avant-premières, remerciements personnalisés"
16330.0,18,3,251.91,2,-0.11532549590031359,-0.9251375401149992,Nouveaux clients,"Mail de bienvenue, code promo sur la 2e commande"
16332.0,28,7,1582.8,3,1.2255582964800789,0.2789729516153417,Clients fidèles,"Fidélité à paliers, recommandations de produits complémentaires"
16333.0,8,22,26626.8,0,3.9742875449805455,0.9723958899799623,Champions,"Programme VIP, avant-premières, remerciements personnalisés"
16337.0,37,1,151.05,1,-1.250789849881881,-0.93787505585484,Clients perdus,"Campagne de réactivation avec remise, à faible coût"
16338.0,157,1,214.79999999999998,1,-1.6281922200382295,0.09380788146672753,Clients perdus,"Campagne de réactivation avec remise, à faible coût"
16339.0,284,1,94.05,1,-2.244138344199355,0.16905880325721687,Clients perdus,"Campagne de réactivation avec remise, à faible coût"
16340.0,107,1,534.31,1,-1.050043013264643,0.18370324596121249,Clients perdus,"Campagne de réactivation avec remise, à faible coût"
16341.0,25,4,1971.87,3,0.9458744142073161,0.10879109216594204,Clients fidèles,"Fidélité à paliers, recommandations de produits complémentaires"
16342.0,75,4,322.41,3,-0.32534096071942664,0.1299050180875119,Clients fidèles,"Fidélité à paliers, recommandations de produits complémentaires"
16343.0,16,2,328.58,2,-0.20746757191134946,-1.0099389739452906,Nouveaux clients,"Mail de bienvenue, code promo sur la 2e commande"
16344.0,158,1,101.10000000000001,1,-1.9871718408415675,-0.17507354796362712,Clients perdus,"Campagne de réactivation avec remise, à faible coût"
16345.0,44,1,565.46,2,-0.6887446010958561,-0.35106293661101,Nouveaux clients,"Mail de bienvenue, code promo sur la 2e commande"
16347.0,11,2,847.45,2,0.3760756423438331,-0.8861166030369076,Nouveaux clients,"Mail de bienvenue, code promo sur la 2e commande"
16348.0,32,7,1413.31,3,1.1222846158157136,0.31967371660808747,Clients fidèles,"Fidélité à paliers, recommandations de produits complémentaires"
16349.0,291,1,53.5,1,-2.5184043224160955,-0.018352339708171538,Clients perdus,"Campagne de réactivation avec remise, à faible coût"
16350.0,21,4,1116.47,3,0.7388529948249059,-0.2044465202995405,Clients fidèles,"Fidélité à paliers, recommandations de produits complémentaires"
16351.0,333,1,153.9,1,-2.072045156861069,0.4477796441195779,Clients perdus,"Campagne de réactivation avec remise, à faible coût"
16352.0,18,2,494.44,2,-0.055734440180487815,-0.7907480425396607,Nouveaux clients,"Mail de bienvenue, code promo sur la 2e commande"
16353.0,4,23,6675.71,0,3.578269462312366,0.1115046271160045,Champions,"Programme VIP, avant-premières, remerciements personnalisés"
16354.0,63,2,395.8,1,-0.6253202746735398,-0.10126714680346499,Clients perdus,"Campagne de réactivation avec remise, à faible coût"
16356.0,198,3,211.77,1,-1.0947215075796926,0.5019467838942299,Clients perdus,"Campagne de réactivation avec remise, à faible coût"
16357.0,33,3,658.88,3,0.11935367086931527,-0.20628907080052025,Clients fidèles,"Fidélité à paliers, recommandations de produits complémentaires"
16358.0,1,4,2027.5,0,1.9387036418504167,-1.508250394088694,Champions,"Programme VIP, avant-premières, remerciements personnalisés"
16359.0,7,9,1750.92,0,1.9677425859929663,-0.41531127434388004,Champions,"Programme VIP, avant-premières, remerciements personnalisés"
16360.0,5,6,3450.41,0,2.0773580128693467,-0.48793117214838244,Champions,"Programme VIP, avant-premières, remerciements personnalisés"
16361.0,10,4,891.21,2,0.8963156170586342,-0.7262571873029678,Nouveaux clients,"Mail de bienvenue, code promo sur la 2e commande"
16362.0,32,5,709.99,3,0.533840284994147,-0.04187976472722735,Clients fidèles,"Fidélité à paliers, recommandations de produits complémentaires"
16363.0,53,1,109.36000000000001,1,-1.53767424484525,-0.8317992381590571,Clients perdus,"Campagne de réactivation avec remise, à faible coût"
16364.0,12,2,705.79,2,0.2584709468193529,-0.9019467481529971,Nouveaux clients,"Mail de bienvenue, code promo sur la 2e commande"
16365.0,18,9,1540.42,0,1.5764024185259544,0.08676046701946966,Champions,"Programme VIP, avant-premières, remerciements personnalisés"
16366.0,19,1,327.3,2,-0.6389318013689681,-1.0644040085600672,Nouveaux clients,"Mail de bienvenue, code promo sur la 2e commande"
16367.0,37,2,800.67,2,-0.09116563188117861,-0.17554643973828904,Nouveaux clients,"Mail de bienvenue, code promo sur la 2e commande"
16368.0,2,2,479.91,2,0.6350239482683464,-1.9725772174717189,Nouveaux clients,"Mail de bienvenue, code promo sur la 2e commande"
16369.0,18,3,1543.33,3,0.7467095389917094,-0.2654201357747785,Clients fidèles,"Fidélité à paliers, recommandations de produits complémentaires"
16370.0,82,4,1301.91,3,0.3049030046466404,0.6938783493614988,Clients fidèles,"Fidélité à paliers, recommandations de produits complémentaires"
16372.0,33,2,355.73,2,-0.4344723207152827,-0.5413490571158295,Nouveaux clients,"Mail de bienvenue, code promo sur la 2e commande"
16374.0,66,2,458.78000000000003,1,-0.572627765578364,-0.01849122566360645,Clients perdus,"Campagne de réactivation avec remise, à faible coût"
16376.0,9,2,974.96,2,0.5124132104217719,-0.9507286637793413,Nouveaux clients,"Mail de bienvenue, code promo sur la 2e commande"
16377.0,267,1,676.2,1,-1.2851226809320364,0.8460035982188325,Clients perdus,"Campagne de réactivation avec remise, à faible coût"
16378.0,247,3,362.95,1,-0.9230319190521966,0.8373229736631715,Clients perdus,"Campagne de réactivation avec remise, à faible coût"
16379.0,4,4,2157.4,0,1.6183358970593849,-0.9043314491638466,Champions,"Programme VIP, avant-premières, remerciements personnalisés"
16380.0,61,1,1743.1499999999999,3,-0.2753199414854287,0.26230289825377234,Clients fidèles,"Fidélité à paliers, recommandations de produits complémentaires"
16383.0,75,2,643.76,1,-0.45966411770401683,0.1847579931627816,Clients perdus,"Campagne de réactivation avec remise, à faible coût"
16384.0,90,2,584.5,1,-0.574391028237324,0.26387434231326623,Clients perdus,"Campagne de réactivation avec remise, à faible coût"
16385.0,60,3,554.86,3,-0.18560787652991043,0.10197284502094679,Clients fidèles,"Fidélité à paliers, recommandations de produits complémentaires"
16386.0,29,2,302.57,2,-0.46355348620212505,-0.6795895950973365,Nouveaux clients,"Mail de bienvenue, code promo sur la 2e commande"
16387.0,323,1,94.36,1,-2.291568634182661,0.25160945618214087,Clients perdus,"Campagne de réactivation avec remise, à faible coût"
16389.0,53,4,1382.07,3,0.49751593854101195,0.44295123714159473,Clients fidèles,"Fidélité à paliers, recommandations de produits complémentaires"
16392.0,270,1,217.89,1,-1.8274681964970803,0.4412608398821215,Clients perdus,"Campagne de réactivation avec remise, à faible coût"
16393.0,2,13,3040.96,0,2.9102306047973987,-0.7067678311886687,Champions,"Programme VIP, avant-premières, remerciements personnalisés"
16394.0,57,5,1555.34,3,0.691729563294275,0.6015340890560408,Clients fidèles,"Fidélité à paliers, recommandations de produits complémentaires"
16395.0,61,5,1482.06,3,0.6432808539488385,0.626256929385962,Clients fidèles,"Fidélité à paliers, recommandations de produits complémentaires"
16398.0,154,2,1705.8,3,-0.2680318401802189,0.9918431416224964,Clients fidèles,"Fidélité à paliers, recommandations de produits complémentaires"
16399.0,19,2,406.21999999999997,2,-0.16875098319801582,-0.8297080196164383,Nouveaux clients,"Mail de bienvenue, code promo sur la 2e commande"
16400.0,95,1,303.93,1,-1.2731856664181835,-0.09621408917883803,Clients perdus,"Campagne de réactivation avec remise, à faible coût"
16401.0,1,12,4098.32,0,3.140037358087512,-0.8837564807552873,Champions,"Programme VIP, avant-premières, remerciements personnalisés"
16402.0,265,2,293.45,1,-1.3115289374888661,0.6937189869532239,Clients perdus,"Campagne de réactivation avec remise, à faible coût"
16403.0,312,1,177.5,1,-1.979680816416006,0.4582905165299656,Clients perdus,"Campagne de réactivation avec remise, à faible coût"
16404.0,70,1,443.05,1,-0.9789017422729748,-0.15054423642906486,Clients perdus,"Campagne de réactivation avec remise, à faible coût"
16405.0,302,2,167.25,1,-1.6279131973097094,0.5722753501870154,Clients perdus,"Campagne de réactivation avec remise, à faible coût"
16406.0,19,1,154.35,2,-0.9954293996927946,-1.3372324444126502,Nouveaux clients,"Mail de bienvenue, code promo sur la 2e commande"
16407.0,13,10,2079.68,0,1.9223554420646272,0.03911718366804853,Champions,"Programme VIP, avant-premières, remerciements personnalisés"
16409.0,36,5,2022.98,3,0.9885833736915992,0.4121565608367424,Clients fidèles,"Fidélité à paliers, recommandations de produits complémentaires"
16411.0,19,2,211.7,2,-0.4781872289616151,-1.0665202935972917,Nouveaux clients,"Mail de bienvenue, code promo sur la 2e commande"
16412.0,54,1,135.99,1,-1.4416938313517196,-0.7413416498687759,Clients perdus,"Campagne de réactivation avec remise, à faible coût"
16413.0,57,1,262.2,1,-1.1508563518846722,-0.46954788951891346,Clients perdus,"Campagne de réactivation avec remise, à faible coût"
16414.0,22,2,126.25,2,-0.7763266928741687,-1.1651742220909842,Nouveaux clients,"Mail de bienvenue, code promo sur la 2e commande"
16415.0,44,1,200.27,1,-1.1817490087930882,-0.7283603491402411,Clients perdus,"Campagne de réactivation avec remise, à faible coût"
16416.0,27,3,1051.4,3,0.4158937060877463,-0.15926442409702002,Clients fidèles,"Fidélité à paliers, recommandations de produits complémentaires"
16418.0,45,3,631.12,3,-0.0165674654449564,-0.03019587878785989,Clients fidèles,"Fidélité à paliers, recommandations de produits complémentaires"
16419.0,113,6,958.71,3,0.34304287064200123,0.913310244526641,Clients fidèles,"Fidélité à paliers, recommandations de produits complémentaires"
16422.0,17,51,34684.4,0,4.57497530830123,1.822664517326272,Champions,"Programme VIP, avant-premières, remerciements personnalisés"
16423.0,25,1,346.12,2,-0.7125731599938374,-0.8776373936843692,Nouveaux clients,"Mail de bienvenue, code promo sur la 2e commande"
16424.0,191,1,133.56,1,-1.9276709345096856,0.0452239983450667,Clients perdus,"Campagne de réactivation avec remise, à faible coût"
16425.0,302,1,302.7,1,-1.7140732363391473,0.631471350980999,Clients perdus,"Campagne de réactivation avec remise, à faible coût"
16426.0,2,10,1863.76,0,2.4584669932611245,-0.9780762306118512,Champions,"Programme VIP, avant-premières, remerciements personnalisés"
16427.0,263,2,241.06,1,-1.4019931212640608,0.6174927855772002,Clients perdus,"Campagne de réactivation avec remise, à faible coût"
16429.0,106,1,284.55,1,-1.3459012600150995,-0.05133798177729333,Clients perdus,"Campagne de réactivation avec remise, à faible coût"
16430.0,57,1,300.85,1,-1.0855759502523803,-0.41958864728865164,Clients perdus,"Campagne de réactivation avec remise, à faible coût"
16431.0,213,3,623.28,1,-0.6096375649617918,0.9405246985245709,Clients perdus,"Campagne de réactivation avec remise, à faible coût"
16432.0,64,1,287.4,1,-1.1508095965639316,-0.3639236309690832,Clients perdus,"Campagne de réactivation avec remise, à faible coût"
16433.0,28,1,184.26,2,-1.0534413511251146,-1.0373131400047926,Nouveaux clients,"Mail de bienvenue, code promo sur la 2e commande"
16434.0,29,7,1511.8,3,1.1907589601317337,0.283756415532785,Clients fidèles,"Fidélité à paliers, recommandations de produits complémentaires"
16438.0,6,5,798.35,2,1.1818402994629413,-0.9828525552643478,Nouveaux clients,"Mail de bienvenue, code promo sur la 2e commande"
16440.0,8,5,3640.67,0,1.808339233136483,-0.2705064841233541,Champions,"Programme VIP, avant-premières, remerciements personnalisés"
16441.0,67,2,381.2,1,-0.6663345255332676,-0.07647656259935866,Clients perdus,"Campagne de réactivation avec remise, à faible coût"
16442.0,2,3,609.3,2,1.0093220250194832,-1.774910359262135,Nouveaux clients,"Mail de bienvenue, code promo sur la 2e commande"
16444.0,46,4,654.67,3,0.19491990544949522,0.08271853025156811,Clients fidèles,"Fidélité à paliers, recommandations de produits complémentaires"
16445.0,34,1,230.51,2,-1.019078868210464,-0.8367535040067055,Nouveaux clients,"Mail de bienvenue, code promo sur la 2e commande"
16446.0,206,1,2.9,1,-3.6435024186458307,-1.1981986791288273,Clients perdus,"Campagne de réactivation avec remise, à faible coût"
16447.0,136,1,255.91,1,-1.4906471476489687,0.06691554168483584,Clients perdus,"Campagne de réactivation avec remise, à faible coût"
16448.0,198,1,182.99,1,-1.7922814415775739,0.18202135706166708,Clients perdus,"Campagne de réactivation avec remise, à faible coût"
16449.0,198,2,707.69,1,-0.7822371029973676,0.8298761457830548,Clients perdus,"Campagne de réactivation avec remise, à faible coût"
16450.0,150,1,311.92,1,-1.433841567497498,0.20055275163099417,Clients perdus,"Campagne de réactivation avec remise, à faible coût"
16451.0,88,1,266.97,1,-1.3058304900988356,-0.1913569557710184,Clients perdus,"Campagne de réactivation avec remise, à faible coût"
16454.0,64,1,5.9,1,-2.9292911978363887,-1.7249997104410382,Clients perdus,"Campagne de réactivation avec remise, à faible coût"
16455.0,64,7,1841.18,3,0.9893231584824025,0.8460873068584928,Clients fidèles,"Fidélité à paliers, recommandations de produits complémentaires"
16456.0,99,5,2158.18,3,0.6396762759445391,1.0664787234245443,Clients fidèles,"Fidélité à paliers, recommandations de produits complémentaires"
16457.0,218,1,208.36,1,-1.7673117545214079,0.28987482391187436,Clients perdus,"Campagne de réactivation avec remise, à faible coût"
16458.0,3,18,3482.7400000000002,0,3.1417894782552334,-0.35721633711343687,Champions,"Programme VIP, avant-premières, remerciements personnalisés"
16460.0,28,3,811.23,3,0.27907163265748364,-0.23145667681435192,Clients fidèles,"Fidélité à paliers, recommandations de produits complémentaires"
16461.0,178,1,142.92,1,-1.8688557761171152,0.02526709724181671,Clients perdus,"Campagne de réactivation avec remise, à faible coût"
16462.0,74,3,136.0,1,-0.9317922108509856,-0.27762097770292365,Clients perdus,"Campagne de réactivation avec remise, à faible coût"
16463.0,21,4,1422.4,3,0.8541433812250376,-0.11621452115486183,Clients fidèles,"Fidélité à paliers, recommandations de produits complémentaires"
16464.0,20,3,1298.66,3,0.6263060799909406,-0.2648210624345295,Clients fidèles,"Fidélité à paliers, recommandations de produits complémentaires"
16466.0,34,7,1595.96,3,1.1576816836654453,0.40128877138029484,Clients fidèles,"Fidélité à paliers, recommandations de produits complémentaires"
16468.0,74,1,74.9,1,-1.8414809856788297,-0.7598890966461057,Clients perdus,"Campagne de réactivation avec remise, à faible coût"
16469.0,24,4,625.42,3,0.41426587357732664,-0.3343947246406124,Clients fidèles,"Fidélité à paliers, recommandations de produits complémentaires"
16470.0,52,4,752.77,3,0.21546592839843112,0.20977631471897157,Clients fidèles,"Fidélité à paliers, recommandations de produits complémentaires"
16471.0,275,1,223.95000000000002,1,-1.8214391780477808,0.46281624397724674,Clients perdus,"Campagne de réactivation avec remise, à faible coût"
16473.0,165,3,316.11,1,-0.835356053097181,0.5324191056682928,Clients perdus,"Campagne de réactivation avec remise, à faible coût"
16474.0,7,7,1810.49,0,1.7814003286307503,-0.4890529619219993,Champions,"Programme VIP, avant-premières, remerciements personnalisés"
16475.0,88,4,544.3,3,-0.13674435285030767,0.42056209147970597,Clients fidèles,"Fidélité à paliers, recommandations de produits complémentaires"
16477.0,64,7,2494.46,3,1.1339349589172183,0.9567590519248319,Clients fidèles,"Fidélité à paliers, recommandations de produits complémentaires"
16478.0,25,3,331.0,2,-0.10547363884546533,-0.6269415298568625,Nouveaux clients,"Mail de bienvenue, code promo sur la 2e commande"
16479.0,10,2,300.83,2,-0.08312078789408242,-1.318171333929314,Nouveaux clients,"Mail de bienvenue, code promo sur la 2e commande"
16480.0,76,1,769.29,1,-0.7474450348847125,0.10176654708808087,Clients perdus,"Campagne de réactivation avec remise, à faible coût"
16482.0,16,1,220.62,2,-0.7640891545027338,-1.3107882796619148,Nouveaux clients,"Mail de bienvenue, code promo sur la 2e commande"
16483.0,192,1,139.35,1,-1.909582744692836,0.0638808013610996,Clients perdus,"Campagne de réactivation avec remise, à faible coût"
16484.0,174,2,404.3,1,-0.9993866724801912,0.5445967971813552,Clients perdus,"Campagne de réactivation avec remise, à faible coût"
16485.0,77,1,363.65,1,-1.1086713704769562,-0.16272363249998265,Clients perdus,"Campagne de réactivation avec remise, à faible coût"
16488.0,33,3,498.8,2,-0.013026179993049534,-0.30759967659139054,Nouveaux clients,"Mail de bienvenue, code promo sur la 2e commande"
16491.0,47,1,731.5,2,-0.5909194221179123,-0.2163913314091606,Nouveaux clients,"Mail de bienvenue, code promo sur la 2e commande"
16493.0,80,4,1351.63,3,0.33206146174791384,0.692060005039429,Clients fidèles,"Fidélité à paliers, recommandations de produits complémentaires"
16494.0,297,1,826.53,1,-1.230129048544734,0.9864158350784753,Clients perdus,"Campagne de réactivation avec remise, à faible coût"
16495.0,3,3,648.26,2,0.9289368486258223,-1.569843606181589,Nouveaux clients,"Mail de bienvenue, code promo sur la 2e commande"
16496.0,9,3,1599.52,2,1.0088675033841972,-0.6595753710038716,Nouveaux clients,"Mail de bienvenue, code promo sur la 2e commande"
16497.0,50,6,2965.69,3,1.1879415909745206,0.8145267970013755,Clients fidèles,"Fidélité à paliers, recommandations de produits complémentaires"
16498.0,161,2,100.97,1,-1.6273749915417728,-0.007533267639856155,Clients perdus,"Campagne de réactivation avec remise, à faible coût"
16499.0,360,2,365.45,1,-1.3239339289232508,0.9672127609265407,Clients perdus,"Campagne de réactivation avec remise, à faible coût"
16500.0,5,6,400.86,2,1.052797287775219,-1.2720298627923152,Nouveaux clients,"Mail de bienvenue, code promo sur la 2e commande"
16503.0,107,4,1431.93,3,0.24966942879311266,0.8955909061559484,Clients fidèles,"Fidélité à paliers, recommandations de produits complémentaires"
16504.0,25,1,465.88,2,-0.571354450067806,-0.7695623886257342,Nouveaux clients,"Mail de bienvenue, code promo sur la 2e commande"
16505.0,32,1,777.6,2,-0.4187408218655043,-0.4318390067207538,Nouveaux clients,"Mail de bienvenue, code promo sur la 2e commande"
16506.0,20,2,90.30000000000001,2,-0.8997642796699339,-1.3439419104664634,Nouveaux clients,"Mail de bienvenue, code promo sur la 2e commande"
16509.0,297,1,363.7,1,-1.6205127815714213,0.6876542620279424,Clients perdus,"Campagne de réactivation avec remise, à faible coût"
16510.0,372,1,248.1,1,-1.887876052632661,0.6910634928490427,Clients perdus,"Campagne de réactivation avec remise, à faible coût"
16511.0,22,3,916.33,3,0.425574495923674,-0.33414078966585165,Clients fidèles,"Fidélité à paliers, recommandations de produits complémentaires"
16513.0,5,4,874.59,2,1.118846287708439,-1.1176404848412238,Nouveaux clients,"Mail de bienvenue, code promo sur la 2e commande"
16515.0,52,5,1624.14,3,0.7467687455117931,0.5601155833169555,Clients fidèles,"Fidélité à paliers, recommandations de produits complémentaires"
16516.0,30,1,101.69999999999999,2,-1.3599884958372361,-1.2101136287188121,Nouveaux clients,"Mail de bienvenue, code promo sur la 2e commande"
16517.0,277,1,162.7,1,-1.9756307776045197,0.35150382783852957,Clients perdus,"Campagne de réactivation avec remise, à faible coût"
16518.0,61,2,484.32,1,-0.5172507652097711,-0.047981798013915944,Clients perdus,"Campagne de réactivation avec remise, à faible coût"
16519.0,25,2,212.98,2,-0.5755282684295996,-0.8978910992400879,Nouveaux clients,"Mail de bienvenue, code promo sur la 2e commande"
16520.0,186,3,1046.57,3,-0.3115090464019368,1.0437058670474857,Clients fidèles,"Fidélité à paliers, recommandations de produits complémentaires"
16523.0,2,21,9418.470000000001,0,3.8584554268459788,-0.12058064975398387,Champions,"Programme VIP, avant-premières, remerciements personnalisés"
16525.0,2,26,13027.45,0,4.198633373091882,0.07655474979563782,Champions,"Programme VIP, avant-premières, remerciements personnalisés"
16526.0,172,1,290.36,1,-1.5197981951507686,0.26080766266117666,Clients perdus,"Campagne de réactivation avec remise, à faible coût"
16527.0,81,1,228.06,1,-1.349295238039549,-0.30053058780689257,Clients perdus,"Campagne de réactivation avec remise, à faible coût"
16528.0,4,1,244.41,2,-0.24813559967799814,-2.049961123668239,Nouveaux clients,"Mail de bienvenue, code promo sur la 2e commande"
16529.0,190,1,455.25,1,-1.3439243307064508,0.48712761589487485,Clients perdus,"Campagne de réactivation avec remise, à faible coût"
16531.0,22,7,1244.59,3,1.1996355304448738,0.04433110618897733,Clients fidèles,"Fidélité à paliers, recommandations de produits complémentaires"
16532.0,18,3,6748.8,3,1.4494270550009656,0.2723712031864076,Clients fidèles,"Fidélité à paliers, recommandations de produits complémentaires"
16533.0,19,3,1082.81,3,0.5584078186551196,-0.3619960330356423,Clients fidèles,"Fidélité à paliers, recommandations de produits complémentaires"
16535.0,5,1,593.75,2,0.10398698538649566,-1.6115293789089995,Nouveaux clients,"Mail de bienvenue, code promo sur la 2e commande"
16536.0,110,1,548.12,1,-1.0483714791071383,0.21037222215883614,Clients perdus,"Campagne de réactivation avec remise, à faible coût"
16539.0,3,4,1388.81,2,1.4938261654391298,-1.206398979194541,Nouveaux clients,"Mail de bienvenue, code promo sur la 2e commande"
16542.0,54,1,119.62,1,-1.5023273910135593,-0.7877446532003369,Clients perdus,"Campagne de réactivation avec remise, à faible coût"
16545.0,165,1,339.3,1,-1.4300474139153463,0.29121923561638324,Clients perdus,"Campagne de réactivation avec remise, à faible coût"
16546.0,291,2,787.15,1,-0.8780484512845248,1.1118813215060013,Clients perdus,"Campagne de réactivation avec remise, à faible coût"
16549.0,10,10,4034.9,0,2.330118084772573,0.12770176285000742,Champions,"Programme VIP, avant-premières, remerciements personnalisés"
16550.0,109,5,2298.97,3,0.6333721151769752,1.1499750096429275,Clients fidèles,"Fidélité à paliers, recommandations de produits complémentaires"
16551.0,96,3,922.12,3,-0.12107947536084687,0.581179499730251,Clients fidèles,"Fidélité à paliers, recommandations de produits complémentaires"
16552.0,243,2,379.73,1,-1.1561222732346002,0.7326546106933901,Clients perdus,"Campagne de réactivation avec remise, à faible coût"
16553.0,163,12,5719.82,3,1.6158601882277888,2.033352056733666,Clients fidèles,"Fidélité à paliers, recommandations de produits complémentaires"
16554.0,42,3,837.1,3,0.1435738736199812,0.02986499450355026,Clients fidèles,"Fidélité à paliers, recommandations de produits complémentaires"
16555.0,35,2,285.89,2,-0.5601093999109166,-0.5845325423319732,Nouveaux clients,"Mail de bienvenue, code promo sur la 2e commande"
16556.0,67,7,3313.79,3,1.2519754392990108,1.0889073590280256,Clients fidèles,"Fidélité à paliers, recommandations de produits complémentaires"
16557.0,24,2,281.85,2,-0.4276054240009324,-0.8210299766844098,Nouveaux clients,"Mail de bienvenue, code promo sur la 2e commande"
16558.0,1,20,8338.49,0,3.9131179045709814,-0.4401218021536671,Champions,"Programme VIP, avant-premières, remerciements personnalisés"
16560.0,27,2,841.41,2,0.04907997712061614,-0.3512034936513982,Nouveaux clients,"Mail de bienvenue, code promo sur la 2e commande"
16561.0,6,2,511.12,2,0.3413903679321484,-1.412132027423387,Nouveaux clients,"Mail de bienvenue, code promo sur la 2e commande"
16563.0,54,1,1077.74,3,-0.45848522544965703,0.01111016839395049,Clients fidèles,"Fidélité à paliers, recommandations de produits complémentaires"
16565.0,364,1,173.7,1,-2.0486305003197685,0.5479465966589169,Clients perdus,"Campagne de réactivation avec remise, à faible coût"
16566.0,15,5,614.66,2,0.7417218693394709,-0.553619788873509,Nouveaux clients,"Mail de bienvenue, code promo sur la 2e commande"
16567.0,194,2,865.6,1,-0.678641240798241,0.8903420621272536,Clients perdus,"Campagne de réactivation avec remise, à faible coût"
16569.0,3,1,124.2,2,-0.4835698213005243,-2.4369194222408725,Nouveaux clients,"Mail de bienvenue, code promo sur la 2e commande"
16570.0,15,10,3738.4,0,2.150664161806245,0.33758161687558247,Champions,"Programme VIP, avant-premières, remerciements personnalisés"
16571.0,27,3,1421.69,3,0.5595301061609645,-0.04933915518153284,Clients fidèles,"Fidélité à paliers, recommandations de produits complémentaires"
16572.0,127,3,1009.6,3,-0.1838532454336816,0.7901214416615328,Clients fidèles,"Fidélité à paliers, recommandations de produits complémentaires"
16573.0,85,2,663.61,1,-0.4924267217599431,0.27423376969095103,Clients perdus,"Campagne de réactivation avec remise, à faible coût"
16574.0,71,1,451.44,1,-0.9753251660371388,-0.13484647423282634,Clients perdus,"Campagne de réactivation avec remise, à faible coût"
16581.0,183,1,105.84,1,-2.0213219481227234,-0.06588596323222215,Clients perdus,"Campagne de réactivation avec remise, à faible coût"
16582.0,113,1,313.62,1,-1.323912315314288,0.02421278940420805,Clients perdus,"Campagne de réactivation avec remise, à faible coût"
16583.0,374,1,233.45,1,-1.918796595861943,0.6723553842707853,Clients perdus,"Campagne de réactivation avec remise, à faible coût"
16584.0,80,2,936.08,3,-0.3058601005686239,0.36150795671320596,Clients fidèles,"Fidélité à paliers, recommandations de produits complémentaires"
16586.0,249,1,463.95,1,-1.4377302830317127,0.6647850838617453,Clients perdus,"Campagne de réactivation avec remise, à faible coût"
16587.0,232,1,225.15,1,-1.7542230825348233,0.3573141826513515,Clients perdus,"Campagne de réactivation avec remise, à faible coût"
16589.0,71,3,459.24,3,-0.33886313577086846,0.13832058567849415,Clients fidèles,"Fidélité à paliers, recommandations de produits complémentaires"
16591.0,69,1,213.5,1,-1.3201579298172683,-0.42485282994881723,Clients perdus,"Campagne de réactivation avec remise, à faible coût"
16592.0,4,16,4113.68,0,3.0350520271423007,-0.19779639988318676,Champions,"Programme VIP, avant-premières, remerciements personnalisés"
16593.0,51,3,330.03,2,-0.37158775747602296,-0.1882821041363086,Nouveaux clients,"Mail de bienvenue, code promo sur la 2e commande"
16594.0,75,1,181.09,1,-1.4296111028858713,-0.43241019833905514,Clients perdus,"Campagne de réactivation avec remise, à faible coût"
16595.0,61,1,360.16,1,-1.0255764400631,-0.31187013392819823,Clients perdus,"Campagne de réactivation avec remise, à faible coût"
16596.0,16,2,250.15,2,-0.3369500569156462,-1.1090322189492552,Nouveaux clients,"Mail de bienvenue, code promo sur la 2e commande"
16597.0,4,1,90.04,2,-0.7205920099387381,-2.4115331062735113,Nouveaux clients,"Mail de bienvenue, code promo sur la 2e commande"
16598.0,286,1,145.04999999999998,1,-2.0421546250534957,0.33011763113995257,Clients perdus,"Campagne de réactivation avec remise, à faible coût"
16600.0,4,6,813.52,2,1.4590329081778615,-1.1300883203642726,Nouveaux clients,"Mail de bienvenue, code promo sur la 2e commande"
16601.0,41,1,241.53,1,-1.0665536069654955,-0.704134514624092,Clients perdus,"Campagne de réactivation avec remise, à faible coût"
16602.0,36,1,528.08,2,-0.646513017514795,-0.5001332055398916,Nouveaux clients,"Mail de bienvenue, code promo sur la 2e commande"
16603.0,75,2,482.47,1,-0.5968269418526373,0.07978696686263072,Clients perdus,"Campagne de réactivation avec remise, à faible coût"
16607.0,18,14,3347.71,0,2.3136038579271414,0.5258079544673198,Champions,"Programme VIP, avant-premières, remerciements personnalisés"
16609.0,15,7,5493.46,0,2.04533762773612,0.3552560387249383,Champions,"Programme VIP, avant-premières, remerciements personnalisés"
16610.0,219,1,75.66,1,-2.247722755055419,-0.07356309650742993,Clients perdus,"Campagne de réactivation avec remise, à faible coût"
16611.0,186,1,129.49,1,-1.9322268594628165,0.017285581977577902,Clients perdus,"Campagne de réactivation avec remise, à faible coût"
16612.0,33,4,1187.66,3,0.6020254124584039,0.09423425586505914,Clients fidèles,"Fidélité à paliers, recommandations de produits complémentaires"
16613.0,70,1,618.59,1,-0.820188462699076,-0.029080596789486202,Clients perdus,"Campagne de réactivation avec remise, à faible coût"
16614.0,183,1,506.19,1,-1.2792356180693671,0.5020344200970736,Clients perdus,"Campagne de réactivation avec remise, à faible coût"
16616.0,15,2,500.42,2,0.015613229746747679,-0.8953936060730149,Nouveaux clients,"Mail de bienvenue, code promo sur la 2e commande"
16617.0,236,1,151.85,1,-1.947366553617177,0.2252744877243291,Clients perdus,"Campagne de réactivation avec remise, à faible coût"
16618.0,31,5,2647.59,3,1.1721748972692954,0.41812408385568656,Clients fidèles,"Fidélité à paliers, recommandations de produits complémentaires"
16619.0,264,1,226.21,1,-1.801143698293565,0.4406598784596619,Clients perdus,"Campagne de réactivation avec remise, à faible coût"
16620.0,4,2,178.96,2,-0.028383759022713718,-2.0069190099512775,Nouveaux clients,"Mail de bienvenue, code promo sur la 2e commande"
16621.0,52,4,813.48,3,0.2523724856296376,0.2380209882579712,Clients fidèles,"Fidélité à paliers, recommandations de produits complémentaires"
16623.0,246,1,129.45,1,-2.0386508264696617,0.19371193091762953,Clients perdus,"Campagne de réactivation avec remise, à faible coût"
16624.0,81,2,810.5699999999999,3,-0.37905782183615805,0.3168598712269036,Clients fidèles,"Fidélité à paliers, recommandations de produits complémentaires"
16625.0,275,1,333.08,1,-1.6330046167156778,0.6070256492313781,Clients perdus,"Campagne de réactivation avec remise, à faible coût"
16626.0,1,17,4413.1,0,3.470272171017613,-0.7314587449443694,Champions,"Programme VIP, avant-premières, remerciements personnalisés"
16627.0,79,1,322.8,1,-1.174947697198154,-0.18998386097427086,Clients perdus,"Campagne de réactivation avec remise, à faible coût"
16628.0,30,5,2188.05,3,1.0935090696706158,0.32850044765152725,Clients fidèles,"Fidélité à paliers, recommandations de produits complémentaires"
16629.0,74,2,408.63,1,-0.6707318134265983,0.010953472668579146,Clients perdus,"Campagne de réactivation avec remise, à faible coût"
16633.0,17,6,2883.1,0,1.5722316842446429,0.14354311826150723,Champions,"Programme VIP, avant-premières, remerciements personnalisés"
16634.0,223,2,217.9,1,-1.3871603226423692,0.4765900129023504,Clients perdus,"Campagne de réactivation avec remise, à faible coût"
16637.0,32,4,1154.47,3,0.5999339532792578,0.06496987751576941,Clients fidèles,"Fidélité à paliers, recommandations de produits complémentaires"
16638.0,23,10,1680.72,0,1.6150829013242791,0.3034315018643256,Champions,"Programme VIP, avant-premières, remerciements personnalisés"
16639.0,31,3,1257.51,3,0.4501111132192497,-0.009338520969263594,Clients fidèles,"Fidélité à paliers, recommandations de produits complémentaires"
16641.0,106,1,231.10000000000002,1,-1.444643643443845,-0.12690575600602685,Clients perdus,"Campagne de réactivation avec remise, à faible coût"
16642.0,5,2,688.33,2,0.5418426318525711,-1.4015719185736242,Nouveaux clients,"Mail de bienvenue, code promo sur la 2e commande"
16643.0,246,1,487.51,1,-1.4095689986222644,0.6751497075586577,Clients perdus,"Campagne de réactivation avec remise, à faible coût"
16644.0,178,2,833.78,1,-0.6637678835893878,0.822389168539101,Clients perdus,"Campagne de réactivation avec remise, à faible coût"
16647.0,170,2,214.06,1,-1.2924832944460551,0.2988624752776698,Clients perdus,"Campagne de réactivation avec remise, à faible coût"
16648.0,43,1,290.65999999999997,1,-0.9964337063839076,-0.6073629919314122,Clients perdus,"Campagne de réactivation avec remise, à faible coût"
16650.0,72,1,518.42,1,-0.9148162932780266,-0.07575706654519633,Clients perdus,"Campagne de réactivation avec remise, à faible coût"
16652.0,59,7,6773.97,3,1.640357808917176,1.270152629208208,Clients fidèles,"Fidélité à paliers, recommandations de produits complémentaires"
16653.0,16,2,1212.66,2,0.4136132521968154,-0.5346243839559793,Nouveaux clients,"Mail de bienvenue, code promo sur la 2e commande"
16654.0,141,4,601.27,3,-0.2678252161118917,0.7531761727001756,Clients fidèles,"Fidélité à paliers, recommandations de produits complémentaires"
16655.0,18,6,3789.52,0,1.6817902834468421,0.27749092062302777,Champions,"Programme VIP, avant-premières, remerciements personnalisés"
16656.0,22,15,8625.8,0,2.7499980785959894,1.0169083444345155,Champions,"Programme VIP, avant-premières, remerciements personnalisés"
16657.0,10,4,874.43,2,0.8872696981111916,-0.7331800499782957,Nouveaux clients,"Mail de bienvenue, code promo sur la 2e commande"
16658.0,368,1,123.24,1,-2.2151912597683787,0.4305772840903387,Clients perdus,"Campagne de réactivation avec remise, à faible coût"
16659.0,189,1,39.12,1,-2.5002330467240443,-0.40266252576014977,Clients perdus,"Campagne de réactivation avec remise, à faible coût"
16660.0,16,4,1267.6499999999999,3,0.8977746850985332,-0.32174531800600903,Clients fidèles,"Fidélité à paliers, recommandations de produits complémentaires"
16665.0,362,1,135.39999999999998,1,-2.1644416253298613,0.45422448090225515,Clients perdus,"Campagne de réactivation avec remise, à faible coût"
16666.0,19,1,118.98,2,-1.1185212641218512,-1.4314349327218487,Nouveaux clients,"Mail de bienvenue, code promo sur la 2e commande"
16667.0,68,2,567.1800000000001,1,-0.4830028080620175,0.07735586185685293,Clients perdus,"Campagne de réactivation avec remise, à faible coût"
16668.0,15,6,306.71999999999997,2,0.5510392436478181,-0.7471235634782379,Nouveaux clients,"Mail de bienvenue, code promo sur la 2e commande"
16669.0,24,2,1344.48,3,0.31545098590382564,-0.2523671890030107,Clients fidèles,"Fidélité à paliers, recommandations de produits complémentaires"
16670.0,17,11,4095.9,0,2.228056828502838,0.47910273455945235,Champions,"Programme VIP, avant-premières, remerciements personnalisés"
16671.0,28,3,1692.27,3,0.6290829798096871,0.03640781602705415,Clients fidèles,"Fidélité à paliers, recommandations de produits complémentaires"
16672.0,2,20,8134.9400000000005,0,3.746493301905742,-0.19190853428990826,Champions,"Programme VIP, avant-premières, remerciements personnalisés"
16674.0,55,2,304.24,1,-0.6993106289176719,-0.2816313782706145,Clients perdus,"Campagne de réactivation avec remise, à faible coût"
16676.0,34,4,1592.1200000000001,3,0.7304897366451021,0.2194101171814223,Clients fidèles,"Fidélité à paliers, recommandations de produits complémentaires"
16678.0,3,12,3109.99,0,2.7438759814292557,-0.5446225221386812,Champions,"Programme VIP, avant-premières, remerciements personnalisés"
16679.0,366,1,129.75,1,-2.1887827627502436,0.44575151742582425,Clients perdus,"Campagne de réactivation avec remise, à faible coût"
16680.0,43,1,183.7,1,-1.2140997622939975,-0.7739433275391925,Clients perdus,"Campagne de réactivation avec remise, à faible coût"
16681.0,73,6,1770.34,3,0.8000725075904159,0.862632014555814,Clients fidèles,"Fidélité à paliers, recommandations de produits complémentaires"
16682.0,5,5,1028.0,2,1.3610349353401123,-0.9885609582818325,Nouveaux clients,"Mail de bienvenue, code promo sur la 2e commande"
16684.0,4,28,66653.56,0,4.846060176229999,1.023344000866478,Champions,"Programme VIP, avant-premières, remerciements personnalisés"
16685.0,61,2,324.24,1,-0.7079449870794177,-0.1939205266994379,Clients perdus,"Campagne de réactivation avec remise, à faible coût"
16686.0,47,7,2959.88,3,1.331203182824005,0.8267759347285255,Clients fidèles,"Fidélité à paliers, recommandations de produits complémentaires"
16688.0,1,4,1260.86,2,1.7125311960445315,-1.6813406895417409,Nouveaux clients,"Mail de bienvenue, code promo sur la 2e commande"
16689.0,76,2,422.59999999999997,1,-0.6648049851643121,0.039876690341300126,Clients perdus,"Campagne de réactivation avec remise, à faible coût"
16690.0,72,2,225.57999999999998,1,-0.9425383414945204,-0.22210729188661188,Clients perdus,"Campagne de réactivation avec remise, à faible coût"
16692.0,256,2,1126.0,1,-0.6588983462247588,1.1612825733738883,Clients perdus,"Campagne de réactivation avec remise, à faible coût"
16693.0,69,2,477.86,1,-0.5699841631439405,0.024122409539065238,Clients perdus,"Campagne de réactivation avec remise, à faible coût"
16696.0,135,4,657.9000000000001,3,-0.20852127007587326,0.7585553579529574,Clients fidèles,"Fidélité à paliers, recommandations de produits complémentaires"
16697.0,241,1,112.75,1,-2.0961070872361534,0.13078959947648552,Clients perdus,"Campagne de réactivation avec remise, à faible coût"
16698.0,227,2,1998.0,3,-0.3401280143107243,1.2942878863723664,Clients fidèles,"Fidélité à paliers, recommandations de produits complémentaires"
16700.0,9,13,5076.55,0,2.6945158076207023,0.24382797073765133,Champions,"Programme VIP, avant-premières, remerciements personnalisés"
16701.0,9,13,5398.3,0,2.723788719745021,0.2662305980352224,Champions,"Programme VIP, avant-premières, remerciements personnalisés"
16705.0,1,20,14034.99,0,4.16116525913711,-0.250290588474141,Champions,"Programme VIP, avant-premières, remerciements personnalisés"
16706.0,37,3,531.35,2,-0.02544406958385954,-0.2140339011513693,Nouveaux clients,"Mail de bienvenue, code promo sur la 2e commande"
16708.0,46,1,656.63,2,-0.6342494770338835,-0.269061439039866,Nouveaux clients,"Mail de bienvenue, code promo sur la 2e commande"
16709.0,85,5,3029.87,3,0.8588492197165607,1.0944495677651755,Clients fidèles,"Fidélité à paliers, recommandations de produits complémentaires"
16710.0,19,10,2467.99,0,1.8676639622065818,0.3277808548003298,Champions,"Programme VIP, avant-premières, remerciements personnalisés"
16711.0,3,5,1651.03,0,1.7414429335986428,-1.0731652994509688,Champions,"Programme VIP, avant-premières, remerciements personnalisés"
16712.0,9,11,3603.66,0,2.3915523443284403,0.05954325264154396,Champions,"Programme VIP, avant-premières, remerciements personnalisés"
16713.0,19,15,6910.78,0,2.6977725775042343,0.8474271555273856,Champions,"Programme VIP, avant-premières, remerciements personnalisés"
16714.0,317,2,1114.06,1,-0.7453104210570767,1.292508564416129,Clients perdus,"Campagne de réactivation avec remise, à faible coût"
16715.0,78,1,301.71999999999997,1,-1.2022168454320163,-0.22250935562104399,Clients perdus,"Campagne de réactivation avec remise, à faible coût"
16716.0,267,2,901.2,1,-0.7809029109630585,1.1067496756364967,Clients perdus,"Campagne de réactivation avec remise, à faible coût"
16717.0,24,6,3843.08,3,1.5836650427992947,0.4567072363467765,Clients fidèles,"Fidélité à paliers, recommandations de produits complémentaires"
16718.0,369,1,606.0500000000001,1,-1.4603966050907822,1.0107312757818618,Clients perdus,"Campagne de réactivation avec remise, à faible coût"
16719.0,15,7,1770.22,0,1.505969272534955,-0.05752380997475781,Champions,"Programme VIP, avant-premières, remerciements personnalisés"
16720.0,26,1,152.95,2,-1.114355571321962,-1.1501496547251482,Nouveaux clients,"Mail de bienvenue, code promo sur la 2e commande"
16721.0,262,1,292.47,1,-1.6763281596313335,0.5291612544304788,Clients perdus,"Campagne de réactivation avec remise, à faible coût"
16722.0,17,13,4730.81,0,2.4364347006872857,0.5910008811962585,Champions,"Programme VIP, avant-premières, remerciements personnalisés"
16723.0,91,2,576.4,1,-0.5852022490121659,0.26572810786020157,Clients perdus,"Campagne de réactivation avec remise, à faible coût"
16725.0,302,6,756.82,3,-0.14281655173328203,1.447330521863559,Clients fidèles,"Fidélité à paliers, recommandations de produits complémentaires"
16726.0,26,5,1358.74,3,0.9193999722960572,0.06723488228155963,Clients fidèles,"Fidélité à paliers, recommandations de produits complémentaires"
16727.0,364,1,256.32,1,-1.8641275996431723,0.689147092927438,Clients perdus,"Campagne de réactivation avec remise, à faible coût"
16728.0,46,4,1048.28,3,0.4189445907523766,0.2541651396282554,Clients fidèles,"Fidélité à paliers, recommandations de produits complémentaires"
16729.0,38,21,7202.01,0,2.7510545819157435,1.4087789130192039,Champions,"Programme VIP, avant-premières, remerciements personnalisés"
16730.0,52,3,743.11,3,0.007047279569392152,0.11913951373340774,Clients fidèles,"Fidélité à paliers, recommandations de produits complémentaires"
16732.0,32,1,603.75,2,-0.5391296844637199,-0.523972881482253,Nouveaux clients,"Mail de bienvenue, code promo sur la 2e commande"
16734.0,52,3,646.76,3,-0.059020497645938474,0.06857769114984488,Clients fidèles,"Fidélité à paliers, recommandations de produits complémentaires"
16735.0,79,5,2247.41,3,0.7441905806338016,0.9396838176492665,Clients fidèles,"Fidélité à paliers, recommandations de produits complémentaires"
16737.0,53,1,417.59999999999997,1,-0.9024948295586069,-0.34569496375943104,Clients perdus,"Campagne de réactivation avec remise, à faible coût"
16738.0,298,1,3.75,1,-3.6900008410551894,-0.8930253147630599,Clients perdus,"Campagne de réactivation avec remise, à faible coût"
16739.0,177,1,323.0,1,-1.4800889256452807,0.3175998364895611,Clients perdus,"Campagne de réactivation avec remise, à faible coût"
16743.0,29,7,2213.13,3,1.372235053591072,0.4226404892430771,Clients fidèles,"Fidélité à paliers, recommandations de produits complémentaires"
16744.0,11,7,1291.91,0,1.465866398419703,-0.3548003465540798,Champions,"Programme VIP, avant-premières, remerciements personnalisés"
16745.0,87,17,7180.7,0,2.2569515259292827,1.8466708595792263,Champions,"Programme VIP, avant-premières, remerciements personnalisés"
16746.0,5,18,6680.11,0,3.2971876343372033,0.13744169220458904,Champions,"Programme VIP, avant-premières, remerciements personnalisés"
16747.0,38,2,836.06,3,-0.08050419296737486,-0.14331656895494338,Clients fidèles,"Fidélité à paliers, recommandations de produits complémentaires"
16748.0,18,5,1515.9,3,1.1057136031765578,-0.11580797358289044,Clients fidèles,"Fidélité à paliers, recommandations de produits complémentaires"
16750.0,45,5,623.93,3,0.3455247989070045,0.1217796901286583,Clients fidèles,"Fidélité à paliers, recommandations de produits complémentaires"
16751.0,31,1,1764.72,3,-0.016868967174026275,-0.15280065297503048,Clients fidèles,"Fidélité à paliers, recommandations de produits complémentaires"
16752.0,373,1,207.5,1,-1.9736652188133648,0.6278898854941273,Clients perdus,"Campagne de réactivation avec remise, à faible coût"
16753.0,58,1,223.92000000000002,1,-1.2322672577500604,-0.5160109828934016,Clients perdus,"Campagne de réactivation avec remise, à faible coût"
16754.0,372,1,2002.4,1,-0.8946118411558824,1.451210889296305,Clients perdus,"Campagne de réactivation avec remise, à faible coût"
16755.0,114,3,1475.43,3,0.03766021788225785,0.8604018129547869,Clients fidèles,"Fidélité à paliers, recommandations de produits complémentaires"
16756.0,215,1,239.4,1,-1.6961761150566423,0.3315332656557348,Clients perdus,"Campagne de réactivation avec remise, à faible coût"
16757.0,319,1,106.83000000000001,1,-2.2282709925350224,0.2885397382862646,Clients perdus,"Campagne de réactivation avec remise, à faible coût"
16758.0,65,1,369.34000000000003,1,-1.0374946703509758,-0.2630555811981051,Clients perdus,"Campagne de réactivation avec remise, à faible coût"
16759.0,8,3,789.79,2,0.713188526682061,-0.983493372857167,Nouveaux clients,"Mail de bienvenue, code promo sur la 2e commande"
16761.0,97,1,316.62,1,-1.2616341313138073,-0.06826644307504587,Clients perdus,"Campagne de réactivation avec remise, à faible coût"
16762.0,20,3,1207.24,3,0.591555265566412,-0.29141594102172097,Clients fidèles,"Fidélité à paliers, recommandations de produits complémentaires"
16763.0,199,1,611.85,1,-1.2209203351320863,0.6239302933472548,Clients perdus,"Campagne de réactivation avec remise, à faible coût"
16764.0,4,13,2790.9500000000003,0,2.6742803797834473,-0.41397542464001424,Champions,"Programme VIP, avant-premières, remerciements personnalisés"
16765.0,294,1,34.0,1,-2.73330235389229,-0.17334231475445636,Clients perdus,"Campagne de réactivation avec remise, à faible coût"
16766.0,273,2,1145.6,1,-0.6751457256527266,1.2082033624519568,Clients perdus,"Campagne de réactivation avec remise, à faible coût"
16767.0,31,11,5575.56,0,2.155226667525143,0.9565370727396224,Champions,"Programme VIP, avant-premières, remerciements personnalisés"
16768.0,48,3,478.09000000000003,3,-0.17276191756387257,-0.09118599992752563,Clients fidèles,"Fidélité à paliers, recommandations de produits complémentaires"
16769.0,260,1,361.54,1,-1.5727119651402377,0.6013851331471001,Clients perdus,"Campagne de réactivation avec remise, à faible coût"
16770.0,58,5,757.1,3,0.3425061398992442,0.35011345710934566,Clients fidèles,"Fidélité à paliers, recommandations de produits complémentaires"
16771.0,33,5,2230.61,3,1.0674049713384417,0.39412230259038905,Clients fidèles,"Fidélité à paliers, recommandations de produits complémentaires"
16773.0,57,1,171.59,1,-1.3519133482746708,-0.6234172734929249,Clients perdus,"Campagne de réactivation avec remise, à faible coût"
16774.0,68,4,661.52,3,0.053233779304917815,0.3300881638631892,Clients fidèles,"Fidélité à paliers, recommandations de produits complémentaires"
16775.0,10,11,1691.51,0,1.9949539669261132,-0.15565352708899646,Champions,"Programme VIP, avant-premières, remerciements personnalisés"
16776.0,60,1,371.54,1,-1.0045855063874698,-0.31087382504571537,Clients perdus,"Campagne de réactivation avec remise, à faible coût"
16777.0,80,2,222.62,1,-0.9885182726416515,-0.1609319199770366,Clients perdus,"Campagne de réactivation avec remise, à faible coût"
16778.0,74,2,245.94,1,-0.9118641792966501,-0.17358568418150527,Clients perdus,"Campagne de réactivation avec remise, à faible coût"
16779.0,2,22,10611.720000000001,0,3.9555772400723814,-0.0599717866435285,Champions,"Programme VIP, avant-premières, remerciements personnalisés"
16780.0,100,2,422.24,1,-0.7688281018923198,0.21168652199176277,Clients perdus,"Campagne de réactivation avec remise, à faible coût"
16781.0,372,1,311.25,1,-1.7802237471596498,0.7734500510088177,Clients perdus,"Campagne de réactivation avec remise, à faible coût"
16782.0,10,13,2267.9500000000003,0,2.2743349605722387,0.010583472488535754,Champions,"Programme VIP, avant-premières, remerciements personnalisés"
16784.0,20,1,107.6,2,-1.184634079258298,-1.436818948640579,Nouveaux clients,"Mail de bienvenue, code promo sur la 2e commande"
16788.0,123,2,592.74,1,-0.6859040492760305,0.4652646296277883,Clients perdus,"Campagne de réactivation avec remise, à faible coût"
16789.0,8,1,80.8,2,-0.9960636225220129,-2.077669189977682,Nouveaux clients,"Mail de bienvenue, code promo sur la 2e commande"
16790.0,4,6,1545.6200000000001,0,1.7645419927373538,-0.8962815119284749,Champions,"Programme VIP, avant-premières, remerciements personnalisés"
16791.0,29,7,1693.03,3,1.2446676347636831,0.3250128488099615,Clients fidèles,"Fidélité à paliers, recommandations de produits complémentaires"
16792.0,282,2,110.38000000000001,1,-1.7983686171081414,0.3785470712082511,Clients perdus,"Campagne de réactivation avec remise, à faible coût"
16793.0,57,1,243.84,1,-1.1853076390440447,-0.4959135391978823,Clients perdus,"Campagne de réactivation avec remise, à faible coût"
16794.0,1,10,1194.48,0,2.40149881658663,-1.3974055692205785,Champions,"Programme VIP, avant-premières, remerciements personnalisés"
16795.0,365,1,414.88,1,-1.6364432038684775,0.8659298315963576,Clients perdus,"Campagne de réactivation avec remise, à faible coût"
16796.0,89,1,305.62,1,-1.2459044572271247,-0.135141486397803,Clients perdus,"Campagne de réactivation avec remise, à faible coût"
16800.0,11,1,1162.65,2,0.15904432481642414,-0.9270766941170576,Nouveaux clients,"Mail de bienvenue, code promo sur la 2e commande"
16801.0,163,4,1594.23,3,0.14125283769398586,1.199721199545739,Clients fidèles,"Fidélité à paliers, recommandations de produits complémentaires"
16803.0,65,1,332.3,1,-1.0877015924749227,-0.3014790547262672,Clients perdus,"Campagne de réactivation avec remise, à faible coût"
16804.0,23,3,536.99,2,0.15507721610472724,-0.5017143585879478,Nouveaux clients,"Mail de bienvenue, code promo sur la 2e commande"
16805.0,174,2,460.59,1,-0.937425409717402,0.5920158947643553,Clients perdus,"Campagne de réactivation avec remise, à faible coût"
16806.0,103,4,736.21,3,-0.05256338403061982,0.6293186891950436,Clients fidèles,"Fidélité à paliers, recommandations de produits complémentaires"
16807.0,143,3,1121.59,3,-0.17876429294779464,0.9031617757650036,Clients fidèles,"Fidélité à paliers, recommandations de produits complémentaires"
16808.0,99,2,288.42,1,-0.9461053553072353,0.06679517902962318,Clients perdus,"Campagne de réactivation avec remise, à faible coût"
16809.0,23,5,914.69,3,0.7760105847115539,-0.1516470944110787,Clients fidèles,"Fidélité à paliers, recommandations de produits complémentaires"
16810.0,192,1,309.54,1,-1.5312038890193695,0.3534550140302976,Clients perdus,"Campagne de réactivation avec remise, à faible coût"
16811.0,5,2,547.07,2,0.4325859650958391,-1.4851862981314623,Nouveaux clients,"Mail de bienvenue, code promo sur la 2e commande"
16812.0,361,1,479.35,1,-1.5635821254307836,0.9115073181456587,Clients perdus,"Campagne de réactivation avec remise, à faible coût"
16813.0,8,10,1652.18,0,1.9815167291836537,-0.32503873288991586,Champions,"Programme VIP, avant-premières, remerciements personnalisés"
16814.0,14,21,6406.8,0,3.060238462558145,0.7599563588849525,Champions,"Programme VIP, avant-premières, remerciements personnalisés"
16816.0,103,4,417.06,3,-0.32282499179085267,0.4224868562095911,Clients fidèles,"Fidélité à paliers, recommandations de produits complémentaires"
16817.0,3,9,1604.75,0,2.190954216743736,-0.8868040731852104,Champions,"Programme VIP, avant-premières, remerciements personnalisés"
16818.0,11,11,3349.57,0,2.287095274106194,0.14855353206782249,Champions,"Programme VIP, avant-premières, remerciements personnalisés"
16820.0,96,1,497.61,1,-1.042855990903656,0.08966060488349635,Clients perdus,"Campagne de réactivation avec remise, à faible coût"
16823.0,227,1,358.38,1,-1.5252583423601442,0.5124393852916693,Clients perdus,"Campagne de réactivation avec remise, à faible coût"
16824.0,16,2,460.64,2,-0.04692215236340125,-0.887073193349551,Nouveaux clients,"Mail de bienvenue, code promo sur la 2e commande"
16825.0,39,2,775.1800000000001,2,-0.12615020238952496,-0.15478836792421966,Nouveaux clients,"Mail de bienvenue, code promo sur la 2e commande"
16826.0,51,1,341.7,1,-0.9833989007533276,-0.44258378326750614,Clients perdus,"Campagne de réactivation avec remise, à faible coût"
16828.0,112,1,113.5,1,-1.8021322421550992,-0.3499345526189353,Clients perdus,"Campagne de réactivation avec remise, à faible coût"
16829.0,157,1,197.22,1,-1.6686777915904845,0.06282417999683362,Clients perdus,"Campagne de réactivation avec remise, à faible coût"
16830.0,39,1,325.91,2,-0.9056733760658318,-0.6262247764170897,Nouveaux clients,"Mail de bienvenue, code promo sur la 2e commande"
16832.0,184,3,199.15,1,-1.0959935265416672,0.4333738155335468,Clients perdus,"Campagne de réactivation avec remise, à faible coût"
16833.0,1,4,1106.53,2,1.6503769760992073,-1.7289074577024532,Nouveaux clients,"Mail de bienvenue, code promo sur la 2e commande"
16834.0,228,1,413.46,1,-1.4589907022992432,0.5672096088129038,Clients perdus,"Campagne de réactivation avec remise, à faible coût"
16835.0,128,2,180.85,1,-1.2647576473094446,0.058898588882066547,Clients perdus,"Campagne de réactivation avec remise, à faible coût"
16836.0,40,2,251.87,2,-0.6699163388090883,-0.5480519996682132,Nouveaux clients,"Mail de bienvenue, code promo sur la 2e commande"
16837.0,31,11,3170.98,0,1.8864095069390265,0.7508106785145958,Champions,"Programme VIP, avant-premières, remerciements personnalisés"
16838.0,197,2,588.85,1,-0.8677643094301183,0.7597536155182602,Clients perdus,"Campagne de réactivation avec remise, à faible coût"
16839.0,9,34,16594.35,0,4.089356466311186,1.0285174749598969,Champions,"Programme VIP, avant-premières, remerciements personnalisés"
16841.0,37,6,1869.82,3,1.0806408156798617,0.45974701939273893,Clients fidèles,"Fidélité à paliers, recommandations de produits complémentaires"
16842.0,101,3,1264.19,3,0.009908782873881259,0.7280011405310031,Clients fidèles,"Fidélité à paliers, recommandations de produits complémentaires"
16843.0,43,16,10196.57,0,2.636906596201633,1.5127743838092107,Champions,"Programme VIP, avant-premières, remerciements personnalisés"
16846.0,50,1,214.32,1,-1.1974006407259619,-0.6243539244002086,Clients perdus,"Campagne de réactivation avec remise, à faible coût"
16847.0,43,1,193.44,1,-1.1896149697868401,-0.7552050592498369,Clients perdus,"Campagne de réactivation avec remise, à faible coût"
16848.0,53,1,281.42,1,-1.0899851536793823,-0.48918174209362925,Clients perdus,"Campagne de réactivation avec remise, à faible coût"
16849.0,187,1,124.57,1,-1.9525749834091783,0.006655355700725141,Clients perdus,"Campagne de réactivation avec remise, à faible coût"
16850.0,334,1,332.41,1,-1.7079484464135404,0.7291940074414783,Clients perdus,"Campagne de réactivation avec remise, à faible coût"
16851.0,4,3,342.45,2,0.5403206755875943,-1.6604725168047527,Nouveaux clients,"Mail de bienvenue, code promo sur la 2e commande"
16852.0,10,2,144.91000000000003,2,-0.42943524384939713,-1.5832065873943353,Nouveaux clients,"Mail de bienvenue, code promo sur la 2e commande"
16855.0,24,2,328.4,2,-0.35501633429866125,-0.765477378584032,Nouveaux clients,"Mail de bienvenue, code promo sur la 2e commande"
16856.0,15,1,35.400000000000006,2,-1.601581560839517,-2.0079020388212956,Nouveaux clients,"Mail de bienvenue, code promo sur la 2e commande"
16858.0,369,1,375.69000000000005,1,-1.687750064696465,0.836737147738542,Clients perdus,"Campagne de réactivation avec remise, à faible coût"
16859.0,145,2,747.81,1,-0.6377238019442164,0.6534851553389227,Clients perdus,"Campagne de réactivation avec remise, à faible coût"
16861.0,60,2,173.76,1,-0.9976777692623818,-0.43072179563681334,Clients perdus,"Campagne de réactivation avec remise, à faible coût"
16863.0,31,2,502.8,2,-0.24685073335950958,-0.4539407078943129,Nouveaux clients,"Mail de bienvenue, code promo sur la 2e commande"
16866.0,141,3,207.73999999999998,1,-0.9749459686368526,0.28088149927037714,Clients perdus,"Campagne de réactivation avec remise, à faible coût"
16869.0,23,4,817.12,3,0.5570609208493869,-0.26294177298706584,Clients fidèles,"Fidélité à paliers, recommandations de produits complémentaires"
16871.0,22,6,2812.34,3,1.4667817883711427,0.289989159165789,Clients fidèles,"Fidélité à paliers, recommandations de produits complémentaires"
16872.0,77,3,680.02,3,-0.1827408978551653,0.33197429529898814,Clients fidèles,"Fidélité à paliers, recommandations de produits complémentaires"
16873.0,5,6,7123.62,0,2.4226717449805926,-0.22366177495386994,Champions,"Programme VIP, avant-premières, remerciements personnalisés"
16875.0,67,5,2095.53,3,0.7729359121148295,0.8110816267476526,Clients fidèles,"Fidélité à paliers, recommandations de produits complémentaires"
16877.0,12,6,846.62,3,1.1130916136696276,-0.5093963000068339,Clients fidèles,"Fidélité à paliers, recommandations de produits complémentaires"
16878.0,84,1,13.3,1,-2.6845413532866025,-1.2891004894350802,Clients perdus,"Campagne de réactivation avec remise, à faible coût"
16880.0,31,7,1491.43,3,1.1596520894743365,0.31975602519057134,Clients fidèles,"Fidélité à paliers, recommandations de produits complémentaires"
16881.0,67,1,432.0,1,-0.9744199569833364,-0.18712057748787247,Clients perdus,"Campagne de réactivation avec remise, à faible coût"
16882.0,67,3,705.12,3,-0.11309820166593727,0.2581321496492211,Clients fidèles,"Fidélité à paliers, recommandations de produits complémentaires"
16883.0,187,2,272.48,1,-1.2141852967244566,0.4466122115406688,Clients perdus,"Campagne de réactivation avec remise, à faible coût"
16884.0,38,2,429.84000000000003,2,-0.39693849181475804,-0.3854844691331094,Nouveaux clients,"Mail de bienvenue, code promo sur la 2e commande"
16885.0,15,3,450.41,2,0.22632984386189778,-0.8229160192506519,Nouveaux clients,"Mail de bienvenue, code promo sur la 2e commande"
16887.0,35,1,192.32999999999998,2,-1.1157044278433548,-0.8845962233957685,Nouveaux clients,"Mail de bienvenue, code promo sur la 2e commande"
16889.0,195,3,1578.67,3,-0.1337653682962298,1.2232925007275512,Clients fidèles,"Fidélité à paliers, recommandations de produits complémentaires"
16891.0,2,5,742.43,2,1.4708783642805159,-1.5468147039591817,Nouveaux clients,"Mail de bienvenue, code promo sur la 2e commande"
16892.0,1,5,518.19,2,1.4546841718720172,-1.9349396181816763,Nouveaux clients,"Mail de bienvenue, code promo sur la 2e commande"
16893.0,367,1,145.93,1,-2.1342356888548886,0.4900180657354927,Clients perdus,"Campagne de réactivation avec remise, à faible coût"
16895.0,65,1,202.27,1,-1.3233066976418777,-0.48178818618693625,Clients perdus,"Campagne de réactivation avec remise, à faible coût"
16897.0,299,2,289.78,1,-1.3634431368059161,0.765454247431782,Clients perdus,"Campagne de réactivation avec remise, à faible coût"
16898.0,26,3,501.03,2,0.07713424494239532,-0.4522185475367678,Nouveaux clients,"Mail de bienvenue, code promo sur la 2e commande"
16899.0,8,6,1271.06,0,1.4469467875936197,-0.5946548783655361,Champions,"Programme VIP, avant-premières, remerciements personnalisés"
16900.0,17,3,882.16,2,0.5011030677570314,-0.5034856890053456,Nouveaux clients,"Mail de bienvenue, code promo sur la 2e commande"
16902.0,116,1,1706.88,3,-0.5278603220586403,0.6575038664396047,Clients fidèles,"Fidélité à paliers, recommandations de produits complémentaires"
16903.0,29,1,363.2,2,-0.7443400110462312,-0.769341693673345,Nouveaux clients,"Mail de bienvenue, code promo sur la 2e commande"
16904.0,4,15,3634.95,0,2.921165914164191,-0.26624375905206854,Champions,"Programme VIP, avant-premières, remerciements personnalisés"
16905.0,5,7,3037.6,0,2.137708195656274,-0.4829554422128403,Champions,"Programme VIP, avant-premières, remerciements personnalisés"
16906.0,82,4,559.59,3,-0.09691320277633031,0.38636747723538156,Clients fidèles,"Fidélité à paliers, recommandations de produits complémentaires"
16907.0,29,5,928.76,3,0.6980548618271393,-0.00452684460445797,Clients fidèles,"Fidélité à paliers, recommandations de produits complémentaires"
16909.0,72,1,379.14,1,-1.0635492216785158,-0.18958272036746937,Clients perdus,"Campagne de réactivation avec remise, à faible coût"
16910.0,4,8,1508.96,0,1.9809220920604633,-0.8082458791439974,Champions,"Programme VIP, avant-premières, remerciements personnalisés"
16912.0,29,11,2555.58,0,1.808295420403743,0.6312240179108638,Champions,"Programme VIP, avant-premières, remerciements personnalisés"
16913.0,290,1,113.44,1,-2.1636444830068715,0.24996721880631176,Clients perdus,"Campagne de réactivation avec remise, à faible coût"
16914.0,36,1,183.76,2,-1.1477707555211616,-0.8837469108279046,Nouveaux clients,"Mail de bienvenue, code promo sur la 2e commande"
16915.0,9,6,621.6800000000001,2,1.066356175004303,-0.7882875560359196,Nouveaux clients,"Mail de bienvenue, code promo sur la 2e commande"
16916.0,24,2,562.41,2,-0.09929247008431757,-0.5697713143305418,Nouveaux clients,"Mail de bienvenue, code promo sur la 2e commande"
16917.0,277,1,391.52,1,-1.5589560545818273,0.6703859562907019,Clients perdus,"Campagne de réactivation avec remise, à faible coût"
16918.0,50,6,1068.82,3,0.7019898521686498,0.4426268082732113,Clients fidèles,"Fidélité à paliers, recommandations de produits complémentaires"
16919.0,156,11,2592.25,3,1.1830006117117433,1.686364544148623,Clients fidèles,"Fidélité à paliers, recommandations de produits complémentaires"
16921.0,61,1,154.18,1,-1.4280452023656967,-0.6198804078117282,Clients perdus,"Campagne de réactivation avec remise, à faible coût"
16923.0,12,19,7069.08,0,3.075355175524746,0.668332858886005,Champions,"Programme VIP, avant-premières, remerciements personnalisés"
16924.0,21,3,829.89,2,0.39539752400723666,-0.3984273132190869,Nouveaux clients,"Mail de bienvenue, code promo sur la 2e commande"
16926.0,371,1,230.25,1,-1.9222767765433528,0.6622488390442818,Clients perdus,"Campagne de réactivation avec remise, à faible coût"
16927.0,116,3,543.05,3,-0.4445778696936507,0.507321317001505,Clients fidèles,"Fidélité à paliers, recommandations de produits complémentaires"
16928.0,80,17,2806.75,0,1.841153880565743,1.4516506349917597,Champions,"Programme VIP, avant-premières, remerciements personnalisés"
16929.0,4,7,1295.39,0,1.8014976189601715,-0.909209690195571,Champions,"Programme VIP, avant-premières, remerciements personnalisés"
16930.0,26,3,378.89,2,-0.055687821745714704,-0.5538675821210285,Nouveaux clients,"Mail de bienvenue, code promo sur la 2e commande"
16931.0,5,21,4554.87,0,3.2476646760551984,0.05429695283689406,Champions,"Programme VIP, avant-premières, remerciements personnalisés"
16932.0,53,1,150.23000000000002,1,-1.387568725792303,-0.7169231375384417,Clients perdus,"Campagne de réactivation avec remise, à faible coût"
16933.0,1,2,563.23,2,0.8660022898577999,-2.1715404202171973,Nouveaux clients,"Mail de bienvenue, code promo sur la 2e commande"
16934.0,55,2,931.03,3,-0.1674725063695525,0.12538556597756212,Clients fidèles,"Fidélité à paliers, recommandations de produits complémentaires"
16936.0,26,1,261.9,2,-0.8593887424546531,-0.9550229513722303,Nouveaux clients,"Mail de bienvenue, code promo sur la 2e commande"
16938.0,9,4,2711.6800000000003,3,1.4625164907663446,-0.3812632252035872,Clients fidèles,"Fidélité à paliers, recommandations de produits complémentaires"
16940.0,52,3,3049.88,3,0.6793075482337085,0.6336218509157178,Clients fidèles,"Fidélité à paliers, recommandations de produits complémentaires"
16942.0,13,9,1904.99,0,1.7941786062758516,-0.029562255806852712,Champions,"Programme VIP, avant-premières, remerciements personnalisés"
16943.0,212,3,816.73,3,-0.4792407929242789,1.0359772771511164,Clients fidèles,"Fidélité à paliers, recommandations de produits complémentaires"
16945.0,22,19,4345.5,0,2.6256679696886067,0.852891752151902,Champions,"Programme VIP, avant-premières, remerciements personnalisés"
16947.0,236,1,406.48,1,-1.480197003536105,0.5828004240163246,Clients perdus,"Campagne de réactivation avec remise, à faible coût"
16948.0,139,3,435.02,1,-0.6185809811252245,0.5404640032027304,Clients perdus,"Campagne de réactivation avec remise, à faible coût"
16949.0,4,6,1286.27,0,1.677091620351237,-0.9632074840107828,Champions,"Programme VIP, avant-premières, remerciements personnalisés"
16950.0,57,3,1178.56,3,0.1921189810344407,0.34431543364388,Clients fidèles,"Fidélité à paliers, recommandations de produits complémentaires"
16951.0,135,3,1277.75,3,-0.09488073305938723,0.9143911961641842,Clients fidèles,"Fidélité à paliers, recommandations de produits complémentaires"
16952.0,109,2,167.61,1,-1.2399232884194693,-0.06974348916315584,Clients perdus,"Campagne de réactivation avec remise, à faible coût"
16953.0,30,1,20.8,1,-2.0984294836014583,-1.7752442231699561,Clients perdus,"Campagne de réactivation avec remise, à faible coût"
16954.0,1,9,2085.08,0,2.580357558367493,-1.231109971631337,Champions,"Programme VIP, avant-premières, remerciements personnalisés"
16955.0,185,4,518.67,3,-0.44119138532306285,0.8706244606902618,Clients fidèles,"Fidélité à paliers, recommandations de produits complémentaires"
16956.0,18,1,308.74,2,-0.64706880324761,-1.1181631193745714,Nouveaux clients,"Mail de bienvenue, code promo sur la 2e commande"
16957.0,239,2,416.64,1,-1.105724541514166,0.7559069393051526,Clients perdus,"Campagne de réactivation avec remise, à faible coût"
16959.0,87,1,117.35000000000001,1,-1.69087847157961,-0.4965059998865623,Clients perdus,"Campagne de réactivation avec remise, à faible coût"
16960.0,39,3,505.1,2,-0.06912577994551732,-0.19993177056587097,Nouveaux clients,"Mail de bienvenue, code promo sur la 2e commande"
16961.0,116,1,234.17,1,-1.4725048265291252,-0.06543475587704259,Clients perdus,"Campagne de réactivation avec remise, à faible coût"
16963.0,187,1,110.55000000000001,1,-2.0089813583728997,-0.036512573412467754,Clients perdus,"Campagne de réactivation avec remise, à faible coût"
16965.0,227,1,192.07,1,-1.8212858682773831,0.28588883559638867,Clients perdus,"Campagne de réactivation avec remise, à faible coût"
16966.0,8,7,2154.97,0,1.8193623307105447,-0.3508548069956702,Champions,"Programme VIP, avant-premières, remerciements personnalisés"
16967.0,189,1,319.02,1,-1.510893807872302,0.35448108006667756,Clients perdus,"Campagne de réactivation avec remise, à faible coût"
16968.0,4,2,439.43,2,0.3980413404863945,-1.6805748958412208,Nouveaux clients,"Mail de bienvenue, code promo sur la 2e commande"
16969.0,39,3,650.41,3,0.05113095548392898,-0.10789901303197287,Clients fidèles,"Fidélité à paliers, recommandations de produits complémentaires"
16971.0,38,1,357.21,2,-0.8524408584291856,-0.6089470051790645,Nouveaux clients,"Mail de bienvenue, code promo sur la 2e commande"
16976.0,267,1,251.51999999999998,1,-1.7551229699731674,0.48631129085895036,Clients perdus,"Campagne de réactivation avec remise, à faible coût"
16978.0,78,1,344.33,1,-1.1394729391303582,-0.17449129912908154,Clients perdus,"Campagne de réactivation avec remise, à faible coût"
16979.0,4,6,1852.0,0,1.8506515740345197,-0.8303816503650697,Champions,"Programme VIP, avant-premières, remerciements personnalisés"
16980.0,255,2,1028.46,1,-0.7005393985925508,1.1258018352128387,Clients perdus,"Campagne de réactivation avec remise, à faible coût"
16982.0,61,1,384.06,1,-0.9950468416143667,-0.28850576168238773,Clients perdus,"Campagne de réactivation avec remise, à faible coût"
16983.0,13,7,1905.87,0,1.5921252461401951,-0.11532768664537772,Champions,"Programme VIP, avant-premières, remerciements personnalisés"
16984.0,88,2,4459.52,3,0.4015409260071113,0.9901638568829778,Clients fidèles,"Fidélité à paliers, recommandations de produits complémentaires"
16985.0,17,10,5464.12,0,2.2864733333292317,0.5506624366986882,Champions,"Programme VIP, avant-premières, remerciements personnalisés"
16986.0,30,2,1873.2,3,0.39120595064597385,0.004945050356624839,Clients fidèles,"Fidélité à paliers, recommandations de produits complémentaires"
16987.0,3,7,1616.8,0,1.9922429507387538,-0.9700117916620499,Champions,"Programme VIP, avant-premières, remerciements personnalisés"
16988.0,5,1,126.12,2,-0.6311701051182199,-2.1741467991984536,Nouveaux clients,"Mail de bienvenue, code promo sur la 2e commande"
16989.0,7,6,1133.25,0,1.4372974633728575,-0.7111852754965907,Champions,"Programme VIP, avant-premières, remerciements personnalisés"
16990.0,219,1,179.0,1,-1.841041539859963,0.23767097730985867,Clients perdus,"Campagne de réactivation avec remise, à faible coût"
16992.0,11,5,1614.31,3,1.3111620879845174,-0.3844115879273959,Clients fidèles,"Fidélité à paliers, recommandations de produits complémentaires"
16996.0,30,6,1456.96,3,1.0396015545045,0.23967098121520905,Clients fidèles,"Fidélité à paliers, recommandations de produits complémentaires"
16997.0,288,3,702.0,1,-0.6678013313648109,1.1744297991386736,Clients perdus,"Campagne de réactivation avec remise, à faible coût"
16998.0,150,4,295.0,1,-0.6297346739724401,0.533152340203958,Clients perdus,"Campagne de réactivation avec remise, à faible coût"
16999.0,23,2,484.82,2,-0.15429650359359076,-0.649694456306749,Nouveaux clients,"Mail de bienvenue, code promo sur la 2e commande"
17001.0,1,11,3989.57,0,3.0546707663477024,-0.924384982604248,Champions,"Programme VIP, avant-premières, remerciements personnalisés"
17002.0,86,3,1493.73,3,0.15009147429679054,0.6878831469612096,Clients fidèles,"Fidélité à paliers, recommandations de produits complémentaires"
17004.0,46,2,1312.1399999999999,3,0.06277009113670735,0.13923476949609845,Clients fidèles,"Fidélité à paliers, recommandations de produits complémentaires"
17006.0,5,4,781.78,2,1.0654625626178043,-1.1584951730212893,Nouveaux clients,"Mail de bienvenue, code promo sur la 2e commande"
17007.0,51,6,889.9300000000001,3,0.6073943133335784,0.3882267387752335,Clients fidèles,"Fidélité à paliers, recommandations de produits complémentaires"
17010.0,18,1,195.36,2,-0.8642239560957048,-1.2843524596883251,Nouveaux clients,"Mail de bienvenue, code promo sur la 2e commande"
17011.0,30,1,270.9,2,-0.896112394993774,-0.855108176739423,Nouveaux clients,"Mail de bienvenue, code promo sur la 2e commande"
17014.0,8,3,583.4300000000001,2,0.5691141524984172,-1.0937538243715081,Nouveaux clients,"Mail de bienvenue, code promo sur la 2e commande"
17015.0,29,3,1838.6100000000001,3,0.6556290022555042,0.08813902479697164,Clients fidèles,"Fidélité à paliers, recommandations de produits complémentaires"
17017.0,3,20,8694.26,0,3.66830174447294,0.01483700045077107,Champions,"Programme VIP, avant-premières, remerciements personnalisés"
17018.0,41,2,920.1,3,-0.06322407090262509,-0.061418579786930536,Clients fidèles,"Fidélité à paliers, recommandations de produits complémentaires"
17019.0,11,4,1258.08,3,1.0271889527856937,-0.5454688793846367,Clients fidèles,"Fidélité à paliers, recommandations de produits complémentaires"
17022.0,31,1,71.0,1,-1.541320695847029,-1.3194670838911342,Clients perdus,"Campagne de réactivation avec remise, à faible coût"
17024.0,45,3,95.85,1,-0.9103356061931662,-0.7141987023740851,Clients perdus,"Campagne de réactivation avec remise, à faible coût"
17025.0,61,3,357.77,1,-0.4004216049699045,-0.04735649661342411,Clients perdus,"Campagne de réactivation avec remise, à faible coût"
17026.0,185,2,154.82999999999998,1,-1.4780824785351894,0.2347401083629118,Clients perdus,"Campagne de réactivation avec remise, à faible coût"
17027.0,79,6,877.5600000000001,3,0.4362124001581851,0.656413483901828,Clients fidèles,"Fidélité à paliers, recommandations de produits complémentaires"
17029.0,111,2,716.0,1,-0.557158566211479,0.46947509951796956,Clients perdus,"Campagne de réactivation avec remise, à faible coût"
17030.0,64,1,146.87,1,-1.4690810310365108,-0.6074974952867777,Clients perdus,"Campagne de réactivation avec remise, à faible coût"
17031.0,12,2,380.35,2,-0.0355023907253503,-1.1269252227396078,Nouveaux clients,"Mail de bienvenue, code promo sur la 2e commande"
17033.0,86,3,1030.14,3,-0.026802799411456794,0.5525055504948766,Clients fidèles,"Fidélité à paliers, recommandations de produits complémentaires"
17034.0,16,3,745.52,2,0.44284991798352097,-0.601033820984144,Nouveaux clients,"Mail de bienvenue, code promo sur la 2e commande"
17035.0,246,2,433.53000000000003,1,-1.0978155510093934,0.7886008636932405,Clients perdus,"Campagne de réactivation avec remise, à faible coût"
17037.0,88,1,1267.32,1,-0.5651638969741117,0.37547689960582487,Clients perdus,"Campagne de réactivation avec remise, à faible coût"
17038.0,30,1,112.4,2,-1.3127685145052324,-1.1739760678814557,Nouveaux clients,"Mail de bienvenue, code promo sur la 2e commande"
17040.0,138,1,449.73,1,-1.2283528927476373,0.28108014436615103,Clients perdus,"Campagne de réactivation avec remise, à faible coût"
17041.0,27,3,1071.49,3,0.42490314895015036,-0.1523694766538674,Clients fidèles,"Fidélité à paliers, recommandations de produits complémentaires"
17042.0,3,5,1036.58,2,1.5198424524632446,-1.2427566597760176,Nouveaux clients,"Mail de bienvenue, code promo sur la 2e commande"
17043.0,32,4,1735.18,3,0.7939323183375753,0.2134372746193579,Clients fidèles,"Fidélité à paliers, recommandations de produits complémentaires"
17044.0,25,1,948.48,2,-0.2331546630589299,-0.510737310058181,Nouveaux clients,"Mail de bienvenue, code promo sur la 2e commande"
17045.0,113,3,339.44,1,-0.6580154065947361,0.3199064298189545,Clients perdus,"Campagne de réactivation avec remise, à faible coût"
17046.0,157,1,642.02,1,-1.1079997495273046,0.4919123812980831,Clients perdus,"Campagne de réactivation avec remise, à faible coût"
17047.0,85,3,1100.9,3,0.009234426065364449,0.5693718805258711,Clients fidèles,"Fidélité à paliers, recommandations de produits complémentaires"
17048.0,118,3,925.35,3,-0.1974825563405898,0.712130541322709,Clients fidèles,"Fidélité à paliers, recommandations de produits complémentaires"
17049.0,3,9,5655.03,0,2.7908592877247114,-0.4276953360006732,Champions,"Programme VIP, avant-premières, remerciements personnalisés"
17050.0,96,6,3185.64,3,0.9764923932719429,1.2484453889733786,Clients fidèles,"Fidélité à paliers, recommandations de produits complémentaires"
17051.0,194,1,240.89000000000001,1,-1.6541708815475662,0.26890145141828053,Clients perdus,"Campagne de réactivation avec remise, à faible coût"
17052.0,28,1,399.09,2,-0.6866134597097804,-0.7565789069762785,Nouveaux clients,"Mail de bienvenue, code promo sur la 2e commande"
17053.0,131,1,498.48,1,-1.1596885036632911,0.28574637147200327,Clients perdus,"Campagne de réactivation avec remise, à faible coût"
17054.0,28,5,1356.33,3,0.8912638596421711,0.11192097147857541,Clients fidèles,"Fidélité à paliers, recommandations de produits complémentaires"
17058.0,82,3,1179.89,3,0.05578014583855933,0.572090522412754,Clients fidèles,"Fidélité à paliers, recommandations de produits complémentaires"
17059.0,30,5,3080.39,3,1.2564114006059692,0.4531699779788003,Clients fidèles,"Fidélité à paliers, recommandations de produits complémentaires"
17060.0,266,1,234.24,1,-1.7874675832728537,0.4580937008122064,Clients perdus,"Campagne de réactivation avec remise, à faible coût"
17061.0,74,11,5232.2300000000005,0,1.7996588501836073,1.473711551136301,Champions,"Programme VIP, avant-premières, remerciements personnalisés"
17062.0,314,4,528.29,1,-0.6336524958742697,1.211526188218803,Clients perdus,"Campagne de réactivation avec remise, à faible coût"
17063.0,21,7,1461.14,3,1.292982123907808,0.07457745267986497,Clients fidèles,"Fidélité à paliers, recommandations de produits complémentaires"
17064.0,59,3,855.45,3,0.026661631864021512,0.24910601840180427,Clients fidèles,"Fidélité à paliers, recommandations de produits complémentaires"
17068.0,12,21,4545.89,0,2.95143544086583,0.544082210409603,Champions,"Programme VIP, avant-premières, remerciements personnalisés"
17069.0,28,9,2709.7000000000003,0,1.6838627963004267,0.5608479718433319,Champions,"Programme VIP, avant-premières, remerciements personnalisés"
17070.0,114,1,304.24,1,-1.3416684164074077,0.018717224241709993,Clients perdus,"Campagne de réactivation avec remise, à faible coût"
17071.0,28,9,2429.03,0,1.6317859359469238,0.520993430266719,Champions,"Programme VIP, avant-premières, remerciements personnalisés"
17073.0,18,4,1444.84,3,0.9175853358502962,-0.2035149661626173,Clients fidèles,"Fidélité à paliers, recommandations de produits complémentaires"
17075.0,18,4,834.12,3,0.6560795746121212,-0.40364592957023787,Clients fidèles,"Fidélité à paliers, recommandations de produits complémentaires"
17076.0,36,3,841.0799999999999,3,0.20322539562761127,-0.06374523693807967,Clients fidèles,"Fidélité à paliers, recommandations de produits complémentaires"
17078.0,36,2,375.86,2,-0.44061149109759123,-0.4676907693169981,Nouveaux clients,"Mail de bienvenue, code promo sur la 2e commande"
17079.0,78,1,118.80000000000001,1,-1.6438727429118092,-0.5605096346159874,Clients perdus,"Campagne de réactivation avec remise, à faible coût"
17080.0,22,2,287.62,2,-0.3861397186642983,-0.866563229017665,Nouveaux clients,"Mail de bienvenue, code promo sur la 2e commande"
17081.0,25,2,288.91,2,-0.43083806955132353,-0.7871593556637922,Nouveaux clients,"Mail de bienvenue, code promo sur la 2e commande"
17082.0,33,2,2003.85,3,0.38803389601130167,0.0881168513324565,Clients fidèles,"Fidélité à paliers, recommandations de produits complémentaires"
17083.0,109,3,1405.78,3,0.03161333068712889,0.8145820990026779,Clients fidèles,"Fidélité à paliers, recommandations de produits complémentaires"
17084.0,35,2,2747.9900000000002,3,0.5166007618833719,0.23947623273439164,Clients fidèles,"Fidélité à paliers, recommandations de produits complémentaires"
17085.0,123,5,1562.4,3,0.40369577309634835,1.085219089025889,Clients fidèles,"Fidélité à paliers, recommandations de produits complémentaires"
17086.0,7,6,2050.08,0,1.719540206667191,-0.4951842517988427,Champions,"Programme VIP, avant-premières, remerciements personnalisés"
17088.0,28,4,1991.01,3,0.9087700663267994,0.1815865170745426,Clients fidèles,"Fidélité à paliers, recommandations de produits complémentaires"
17090.0,4,7,1974.65,0,2.002229976023909,-0.7555887534481791,Champions,"Programme VIP, avant-premières, remerciements personnalisés"
17091.0,3,9,3827.76,0,2.6049599249414803,-0.5699645479465847,Champions,"Programme VIP, avant-premières, remerciements personnalisés"
17092.0,50,4,1774.03,3,0.6382235640684469,0.49766824629305023,Clients fidèles,"Fidélité à paliers, recommandations de produits complémentaires"
17094.0,322,1,302.0,1,-1.739584185212443,0.6711799219682894,Clients perdus,"Campagne de réactivation avec remise, à faible coût"
17095.0,23,3,1324.16,3,0.5845666079016855,-0.1730251345085109,Clients fidèles,"Fidélité à paliers, recommandations de produits complémentaires"
17096.0,15,4,1022.13,3,0.8184511267873613,-0.4386307056657065,Clients fidèles,"Fidélité à paliers, recommandations de produits complémentaires"
17097.0,2,8,954.42,0,1.9579494264146697,-1.299192572277663,Champions,"Programme VIP, avant-premières, remerciements personnalisés"
17100.0,18,2,971.74,2,0.2657080500913491,-0.5447473618905786,Nouveaux clients,"Mail de bienvenue, code promo sur la 2e commande"
17101.0,10,4,1621.73,3,1.1813068778627307,-0.5081527168032558,Clients fidèles,"Fidélité à paliers, recommandations de produits complémentaires"
17102.0,262,1,25.5,1,-2.8219991057302813,-0.3476233682305656,Clients perdus,"Campagne de réactivation avec remise, à faible coût"
17105.0,159,2,665.78,1,-0.7279736878439762,0.6692690792419764,Clients perdus,"Campagne de réactivation avec remise, à faible coût"
17107.0,33,6,10797.48,0,1.9583382980112893,1.0283817159125446,Champions,"Programme VIP, avant-premières, remerciements personnalisés"
17109.0,29,6,881.29,3,0.8128197143120827,0.035729041719409875,Clients fidèles,"Fidélité à paliers, recommandations de produits complémentaires"
17110.0,165,1,163.29999999999998,1,-1.7769620005243432,0.02572470077521485,Clients perdus,"Campagne de réactivation avec remise, à faible coût"
17111.0,47,1,231.61,1,-1.137447949395843,-0.6346508763461506,Clients perdus,"Campagne de réactivation avec remise, à faible coût"
17114.0,6,8,801.12,0,1.5510310645477232,-0.8254444873325774,Champions,"Programme VIP, avant-premières, remerciements personnalisés"
17115.0,8,3,837.5,2,0.7410996113018157,-0.9621329552959814,Nouveaux clients,"Mail de bienvenue, code promo sur la 2e commande"
17117.0,288,1,116.19999999999999,1,-2.1496563808478877,0.2542815079425797,Clients perdus,"Campagne de réactivation avec remise, à faible coût"
17118.0,318,1,157.02,1,-2.0449952476714612,0.4259007182936669,Clients perdus,"Campagne de réactivation avec remise, à faible coût"
17119.0,3,2,606.91,2,0.6368081865603057,-1.7046260214411917,Nouveaux clients,"Mail de bienvenue, code promo sur la 2e commande"
17120.0,233,1,307.46,1,-1.607973587422453,0.4732078640373537,Clients perdus,"Campagne de réactivation avec remise, à faible coût"
17122.0,119,1,138.32,1,-1.7316089693731114,-0.24026655764945515,Clients perdus,"Campagne de réactivation avec remise, à faible coût"
17123.0,162,1,345.29999999999995,1,-1.4147550714177137,0.2860223154641134,Clients perdus,"Campagne de réactivation avec remise, à faible coût"
17124.0,185,1,294.24,1,-1.541166679875628,0.31159610106786195,Clients perdus,"Campagne de réactivation avec remise, à faible coût"
17125.0,50,1,230.5,1,-1.1628801185116646,-0.5979352889737056,Clients perdus,"Campagne de réactivation avec remise, à faible coût"
17126.0,152,5,989.45,3,0.10595799480178884,1.0521048079577755,Clients fidèles,"Fidélité à paliers, recommandations de produits complémentaires"
17128.0,335,1,157.09,1,-2.0646130442008275,0.45899981864502454,Clients perdus,"Campagne de réactivation avec remise, à faible coût"
17131.0,5,5,2463.17,0,1.7770977013075584,-0.6701471619782546,Champions,"Programme VIP, avant-premières, remerciements personnalisés"
17133.0,16,7,4892.240000000001,0,1.9669714799873288,0.3514611299207202,Champions,"Programme VIP, avant-premières, remerciements personnalisés"
17134.0,107,2,413.2,1,-0.8047068135404217,0.24632512879832466,Clients perdus,"Campagne de réactivation avec remise, à faible coût"
17135.0,16,7,1139.73,3,1.2731808322418414,-0.1794984561284763,Clients fidèles,"Fidélité à paliers, recommandations de produits complémentaires"
17138.0,276,1,380.5,1,-1.5711473133891893,0.6577166107000649,Clients perdus,"Campagne de réactivation avec remise, à faible coût"
17139.0,16,12,10650.77,0,2.7776823820683267,0.8220628309464412,Champions,"Programme VIP, avant-premières, remerciements personnalisés"
17140.0,247,1,454.12,1,-1.4448437195231998,0.651897999567444,Clients perdus,"Campagne de réactivation avec remise, à faible coût"
17142.0,239,1,579.0,1,-1.3167991009018358,0.7195055689952361,Clients perdus,"Campagne de réactivation avec remise, à faible coût"
17144.0,1,2,984.57,2,1.1317426175593632,-1.9681687333091884,Nouveaux clients,"Mail de bienvenue, code promo sur la 2e commande"
17146.0,106,3,749.78,3,-0.2570071372073549,0.5680764041131419,Clients fidèles,"Fidélité à paliers, recommandations de produits complémentaires"
17147.0,23,4,1714.59,3,0.9098689921898269,0.007063059338744114,Clients fidèles,"Fidélité à paliers, recommandations de produits complémentaires"
17148.0,52,1,124.88,1,-1.4678444447056103,-0.7956797285889092,Clients perdus,"Campagne de réactivation avec remise, à faible coût"
17152.0,195,3,1689.5,3,-0.10145849896323751,1.2480170224883054,Clients fidèles,"Fidélité à paliers, recommandations de produits complémentaires"
17153.0,24,1,213.78,2,-0.9263141223407614,-1.0775584182483637,Nouveaux clients,"Mail de bienvenue, code promo sur la 2e commande"
17154.0,75,1,329.34,1,-1.1458311082435635,-0.21523271263216023,Clients perdus,"Campagne de réactivation avec remise, à faible coût"
17155.0,18,2,251.70000000000002,2,-0.37649688684180566,-1.0362282842420518,Nouveaux clients,"Mail de bienvenue, code promo sur la 2e commande"
17157.0,8,2,319.0,2,0.02136891063523501,-1.4241601988725858,Nouveaux clients,"Mail de bienvenue, code promo sur la 2e commande"
17158.0,32,3,1266.97,3,0.44192704961148893,0.012913301602171006,Clients fidèles,"Fidélité à paliers, recommandations de produits complémentaires"
17159.0,22,3,1538.88,3,0.6723687141012802,-0.1452686041604235,Clients fidèles,"Fidélité à paliers, recommandations de produits complémentaires"
17160.0,31,6,3518.03,3,1.4472933524985454,0.5810989529321844,Clients fidèles,"Fidélité à paliers, recommandations de produits complémentaires"
17162.0,29,10,1715.46,0,1.5396038954700717,0.4524471889377833,Champions,"Programme VIP, avant-premières, remerciements personnalisés"
17163.0,22,2,293.1,2,-0.37717833754326013,-0.859705063336249,Nouveaux clients,"Mail de bienvenue, code promo sur la 2e commande"
17164.0,33,7,2467.35,3,1.3762187866223727,0.5416739041669375,Clients fidèles,"Fidélité à paliers, recommandations de produits complémentaires"
17165.0,284,1,158.68,1,-1.9969742866661662,0.35821402767616056,Clients perdus,"Campagne de réactivation avec remise, à faible coût"
17166.0,39,2,206.34,2,-0.7550674492842706,-0.6361001903818415,Nouveaux clients,"Mail de bienvenue, code promo sur la 2e commande"
17169.0,58,2,835.78,3,-0.23876522172939738,0.11918394345039797,Clients fidèles,"Fidélité à paliers, recommandations de produits complémentaires"
17171.0,289,1,224.91,1,-1.8383071709665282,0.49575870602342903,Clients perdus,"Campagne de réactivation avec remise, à faible coût"
17172.0,79,1,317.76,1,-1.1824219411121455,-0.19570391711440424,Clients perdus,"Campagne de réactivation avec remise, à faible coût"
17173.0,5,8,3766.6,0,2.3469302288581138,-0.35918748955427576,Champions,"Programme VIP, avant-premières, remerciements personnalisés"
17174.0,218,1,59.9,1,-2.3556348565573595,-0.16037020567344978,Clients perdus,"Campagne de réactivation avec remise, à faible coût"
17175.0,44,4,1443.69,3,0.5879141711828542,0.3431816968254767,Clients fidèles,"Fidélité à paliers, recommandations de produits complémentaires"
17176.0,202,1,306.13,1,-1.5557570937535972,0.3814757460212909,Clients perdus,"Campagne de réactivation avec remise, à faible coût"
17179.0,178,3,711.79,3,-0.47826148047039035,0.8755733226260597,Clients fidèles,"Fidélité à paliers, recommandations de produits complémentaires"
17180.0,56,4,783.97,3,0.20700208459837016,0.27072266655581506,Clients fidèles,"Fidélité à paliers, recommandations de produits complémentaires"
17181.0,57,2,239.92000000000002,1,-0.8254548511023044,-0.34565184675346944,Clients perdus,"Campagne de réactivation avec remise, à faible coût"
17183.0,8,6,3347.31,0,1.908057548980713,-0.24176574706272325,Champions,"Programme VIP, avant-premières, remerciements personnalisés"
17186.0,47,2,144.0,1,-0.9950866618168429,-0.6508359317457387,Clients perdus,"Campagne de réactivation avec remise, à faible coût"
17187.0,227,1,203.95,1,-1.7928358811231044,0.3076616765126333,Clients perdus,"Campagne de réactivation avec remise, à faible coût"
17188.0,11,7,2474.23,0,1.7752869079460372,-0.11800011555197125,Champions,"Programme VIP, avant-premières, remerciements personnalisés"
17189.0,106,2,383.75,1,-0.8362943168479474,0.21353091173853073,Clients perdus,"Campagne de réactivation avec remise, à faible coût"
17190.0,59,2,444.74,1,-0.5452603121996992,-0.09980284216498617,Clients perdus,"Campagne de réactivation avec remise, à faible coût"
17191.0,28,7,2093.68,3,1.3587594372202785,0.38091209244769547,Clients fidèles,"Fidélité à paliers, recommandations de produits complémentaires"
17193.0,36,7,1699.3000000000002,3,1.166333373002232,0.4594047211643409,Clients fidèles,"Fidélité à paliers, recommandations de produits complémentaires"
17194.0,361,1,226.78,1,-1.9190732677412288,0.6394491254060064,Clients perdus,"Campagne de réactivation avec remise, à faible coût"
17197.0,30,1,1013.01,2,-0.2690012504528406,-0.3751785685870225,Nouveaux clients,"Mail de bienvenue, code promo sur la 2e commande"
17198.0,24,3,692.22,2,0.26026887551679084,-0.3833825105262227,Nouveaux clients,"Mail de bienvenue, code promo sur la 2e commande"
17201.0,54,1,289.78,1,-1.0830942360241973,-0.46690455085161203,Clients perdus,"Campagne de réactivation avec remise, à faible coût"
17203.0,36,6,3560.08,3,1.397506273481837,0.6775322805538604,Clients fidèles,"Fidélité à paliers, recommandations de produits complémentaires"
17204.0,175,4,1564.56,3,0.10533834592487169,1.237674781934755,Clients fidèles,"Fidélité à paliers, recommandations de produits complémentaires"
17205.0,54,1,384.08,1,-0.9492687811356035,-0.36448762095872084,Clients perdus,"Campagne de réactivation avec remise, à faible coût"
17206.0,53,1,204.24,1,-1.2420732457041415,-0.6055751103912397,Clients perdus,"Campagne de réactivation avec remise, à faible coût"
17211.0,27,8,2317.2200000000003,3,1.5272389835980036,0.4409817295144934,Clients fidèles,"Fidélité à paliers, recommandations de produits complémentaires"
17212.0,253,1,226.85,1,-1.783612247698688,0.4147901385846839,Clients perdus,"Campagne de réactivation avec remise, à faible coût"
17213.0,40,7,2781.23,3,1.3617524270711747,0.7040856743700152,Clients fidèles,"Fidélité à paliers, recommandations de produits complémentaires"
17214.0,60,6,1059.1200000000001,3,0.6292698928710331,0.5528922868242779,Clients fidèles,"Fidélité à paliers, recommandations de produits complémentaires"
17217.0,234,1,113.5,1,-2.0817660989521727,0.11456504110226466,Clients perdus,"Campagne de réactivation avec remise, à faible coût"
17218.0,4,10,1951.97,0,2.2853981307485074,-0.6371605720239645,Champions,"Programme VIP, avant-premières, remerciements personnalisés"
17219.0,32,1,114.23,2,-1.3290184222099841,-1.1284765578888751,Nouveaux clients,"Mail de bienvenue, code promo sur la 2e commande"
17220.0,24,14,3187.55,0,2.185443602621286,0.6820384040630388,Champions,"Programme VIP, avant-premières, remerciements personnalisés"
17221.0,7,2,334.48,2,0.08885930557361234,-1.4816553906635517,Nouveaux clients,"Mail de bienvenue, code promo sur la 2e commande"
17222.0,65,1,328.65,1,-1.0929479512662836,-0.30549410523347503,Clients perdus,"Campagne de réactivation avec remise, à faible coût"
17223.0,310,2,381.89,1,-1.2460877706908802,0.8886362933865977,Clients perdus,"Campagne de réactivation avec remise, à faible coût"
17226.0,309,1,393.49,1,-1.598180416412097,0.7413290157652429,Clients perdus,"Campagne de réactivation avec remise, à faible coût"
17227.0,19,6,939.32,3,0.9980202168501283,-0.19826804704333723,Clients fidèles,"Fidélité à paliers, recommandations de produits complémentaires"
17228.0,16,8,1906.09,0,1.624796998425939,0.053244055570020904,Champions,"Programme VIP, avant-premières, remerciements personnalisés"
17229.0,96,2,318.76,1,-0.8869751504614054,0.08382209453343892,Clients perdus,"Campagne de réactivation avec remise, à faible coût"
17230.0,264,8,3638.41,3,0.8837723899479853,2.0312446073029284,Clients fidèles,"Fidélité à paliers, recommandations de produits complémentaires"
17231.0,12,10,3124.72,0,2.1445562501878017,0.14049450380616946,Champions,"Programme VIP, avant-premières, remerciements personnalisés"
17232.0,3,2,417.77,2,0.4592352669016421,-1.8405229872217086,Nouveaux clients,"Mail de bienvenue, code promo sur la 2e commande"
17233.0,35,1,190.88,2,-1.119291284415867,-0.8873412530198309,Nouveaux clients,"Mail de bienvenue, code promo sur la 2e commande"
17234.0,183,1,149.89000000000001,1,-1.8568446984244837,0.05998885606387842,Clients perdus,"Campagne de réactivation avec remise, à faible coût"
17235.0,25,2,550.06,2,-0.12483111800968832,-0.552971528476005,Nouveaux clients,"Mail de bienvenue, code promo sur la 2e commande"
17236.0,13,6,916.13,3,1.1223407788460105,-0.4336444207047916,Clients fidèles,"Fidélité à paliers, recommandations de produits complémentaires"
17237.0,11,2,314.69,2,-0.09496054910819456,-1.2466016889057887,Nouveaux clients,"Mail de bienvenue, code promo sur la 2e commande"
17238.0,3,17,3719.1,0,3.124054801729795,-0.3541025220680494,Champions,"Programme VIP, avant-premières, remerciements personnalisés"
17239.0,313,1,382.5,1,-1.616538288937575,0.7391602126899157,Clients perdus,"Campagne de réactivation avec remise, à faible coût"
17242.0,108,2,1135.04,3,-0.32751664408682446,0.6200606458001986,Clients fidèles,"Fidélité à paliers, recommandations de produits complémentaires"
17243.0,1,26,8531.65,0,4.151836854980098,-0.33499019500864646,Champions,"Programme VIP, avant-premières, remerciements personnalisés"
17244.0,53,1,954.9,1,-0.5090774692369683,-0.04461174872944938,Clients perdus,"Campagne de réactivation avec remise, à faible coût"
17245.0,205,1,171.45,1,-1.8363457864840635,0.1803349635610626,Clients perdus,"Campagne de réactivation avec remise, à faible coût"
17247.0,15,1,280.09000000000003,2,-0.6276802399586364,-1.2625731072941393,Nouveaux clients,"Mail de bienvenue, code promo sur la 2e commande"
17248.0,120,1,318.65,1,-1.339114239152305,0.06780079981269568,Clients perdus,"Campagne de réactivation avec remise, à faible coût"
17250.0,4,2,381.97,2,0.3314369689791488,-1.7315473752764399,Nouveaux clients,"Mail de bienvenue, code promo sur la 2e commande"
17251.0,363,1,269.83,1,-1.8386997989819505,0.7060647474395823,Clients perdus,"Campagne de réactivation avec remise, à faible coût"
17252.0,117,2,348.91,1,-0.9188894303441296,0.24100049054104472,Clients perdus,"Campagne de réactivation avec remise, à faible coût"
17253.0,18,1,178.26,2,-0.90763389828023,-1.317574188761229,Nouveaux clients,"Mail de bienvenue, code promo sur la 2e commande"
17254.0,5,2,271.19,2,0.09912180697454616,-1.7403871889674503,Nouveaux clients,"Mail de bienvenue, code promo sur la 2e commande"
17255.0,41,2,291.48,2,-0.6097870022976665,-0.47970445427425235,Nouveaux clients,"Mail de bienvenue, code promo sur la 2e commande"
17256.0,107,2,240.0,1,-1.0627258155581014,0.048862590279946286,Clients perdus,"Campagne de réactivation avec remise, à faible coût"
17259.0,148,2,581.23,1,-0.7653743477622459,0.5746420281547746,Clients perdus,"Campagne de réactivation avec remise, à faible coût"
17262.0,52,5,1253.3600000000001,3,0.623384864047096,0.46568961369553846,Clients fidèles,"Fidélité à paliers, recommandations de produits complémentaires"
17263.0,208,1,63.440000000000005,1,-2.310865607728677,-0.1694183120519414,Clients perdus,"Campagne de réactivation avec remise, à faible coût"
17265.0,139,2,550.01,1,-0.7678378986812727,0.515021664188581,Clients perdus,"Campagne de réactivation avec remise, à faible coût"
17266.0,2,3,296.58,2,0.6671080374963072,-2.03680751475998,Nouveaux clients,"Mail de bienvenue, code promo sur la 2e commande"
17267.0,127,2,317.2,1,-0.9952163421831784,0.25796771360292753,Clients perdus,"Campagne de réactivation avec remise, à faible coût"
17268.0,108,4,763.64,3,-0.05309113819352711,0.6724283221171286,Clients fidèles,"Fidélité à paliers, recommandations de produits complémentaires"
17272.0,42,4,2148.63,3,0.794615876660984,0.4592424713569516,Clients fidèles,"Fidélité à paliers, recommandations de produits complémentaires"
17274.0,35,1,107.82,1,-1.3895182108569997,-1.094146544311629,Clients perdus,"Campagne de réactivation avec remise, à faible coût"
17277.0,228,2,1065.3500000000001,1,-0.6411991652550147,1.067932884228295,Clients perdus,"Campagne de réactivation avec remise, à faible coût"
17278.0,241,1,246.04,1,-1.7266025684298034,0.4135722616329505,Clients perdus,"Campagne de réactivation avec remise, à faible coût"
17279.0,58,1,187.82999999999998,1,-1.315596124191012,-0.5797827569511965,Clients perdus,"Campagne de réactivation avec remise, à faible coût"
17282.0,130,3,1685.46,3,0.051279810293793915,0.9915374805459048,Clients fidèles,"Fidélité à paliers, recommandations de produits complémentaires"
17284.0,60,6,1647.48,3,0.8396061919140011,0.7138631425627995,Clients fidèles,"Fidélité à paliers, recommandations de produits complémentaires"
17286.0,22,1,151.37,2,-1.0580340988233692,-1.2556310731048501,Nouveaux clients,"Mail de bienvenue, code promo sur la 2e commande"
17287.0,26,7,1049.06,3,1.057040548532718,0.08378720843896206,Clients fidèles,"Fidélité à paliers, recommandations de produits complémentaires"
17288.0,9,7,1417.63,0,1.5797090044584703,-0.43662785373028035,Champions,"Programme VIP, avant-premières, remerciements personnalisés"
17289.0,32,3,931.02,3,0.29526903164841634,-0.09932441846729088,Clients fidèles,"Fidélité à paliers, recommandations de produits complémentaires"
17290.0,4,2,513.01,2,0.4716476859811203,-1.6242437895320296,Nouveaux clients,"Mail de bienvenue, code promo sur la 2e commande"
17291.0,308,1,550.8000000000001,1,-1.4370558511515095,0.8616439351662168,Clients perdus,"Campagne de réactivation avec remise, à faible coût"
17293.0,8,9,1854.06,0,1.9500148486594484,-0.31973260568789197,Champions,"Programme VIP, avant-premières, remerciements personnalisés"
17295.0,29,3,547.0,2,0.07863977869201844,-0.3534321614011179,Nouveaux clients,"Mail de bienvenue, code promo sur la 2e commande"
17297.0,17,1,128.18,2,-1.0430825225131373,-1.471335687109829,Nouveaux clients,"Mail de bienvenue, code promo sur la 2e commande"
17298.0,101,2,498.42,1,-0.6937355503273142,0.2782848311507752,Clients perdus,"Campagne de réactivation avec remise, à faible coût"
17299.0,12,4,656.61,2,0.6871580018650749,-0.7315223517758594,Nouveaux clients,"Mail de bienvenue, code promo sur la 2e commande"
17301.0,21,1,163.24,2,-1.0053161413328962,-1.2564779156152577,Nouveaux clients,"Mail de bienvenue, code promo sur la 2e commande"
17302.0,15,5,1135.63,3,1.033842868639216,-0.33005891302646323,Clients fidèles,"Fidélité à paliers, recommandations de produits complémentaires"
17303.0,361,1,250.04,1,-1.872747683627515,0.6749022019852802,Clients perdus,"Campagne de réactivation avec remise, à faible coût"
17306.0,11,19,8631.31,0,3.2010416800920978,0.6903480311394246,Champions,"Programme VIP, avant-premières, remerciements personnalisés"
17309.0,95,1,82.75,1,-1.8888680610351598,-0.5673972486029325,Clients perdus,"Campagne de réactivation avec remise, à faible coût"
17311.0,78,2,1384.85,3,-0.10987931838750503,0.4883246004091902,Clients fidèles,"Fidélité à paliers, recommandations de produits complémentaires"
17312.0,139,3,644.3,3,-0.4318021180089362,0.6834062987860294,Clients fidèles,"Fidélité à paliers, recommandations de produits complémentaires"
17313.0,31,1,2328.84,3,0.11522076505290668,-0.05171207564631178,Clients fidèles,"Fidélité à paliers, recommandations de produits complémentaires"
17314.0,25,8,2527.92,0,1.5969886923443222,0.42568787098954497,Champions,"Programme VIP, avant-premières, remerciements personnalisés"
17315.0,2,36,6241.15,0,4.133673044842725,-0.07039972479397602,Champions,"Programme VIP, avant-premières, remerciements personnalisés"
17317.0,46,3,2600.34,3,0.6492451792678545,0.49928118484957396,Clients fidèles,"Fidélité à paliers, recommandations de produits complémentaires"
17320.0,100,3,1200.6200000000001,3,-0.010889983907776454,0.7029539903380104,Clients fidèles,"Fidélité à paliers, recommandations de produits complémentaires"
17321.0,8,2,657.16,2,0.3649453000809891,-1.1612203940349217,Nouveaux clients,"Mail de bienvenue, code promo sur la 2e commande"
17323.0,15,7,903.12,3,1.1855791587055715,-0.30271910450041956,Clients fidèles,"Fidélité à paliers, recommandations de produits complémentaires"
17324.0,18,4,986.48,3,0.7359223851736905,-0.3425420421331057,Clients fidèles,"Fidélité à paliers, recommandations de produits complémentaires"
17325.0,280,1,96.8,1,-2.2251513380572456,0.17049160672686373,Clients perdus,"Campagne de réactivation avec remise, à faible coût"
17329.0,14,2,523.11,2,0.06134736657825416,-0.9201989351245776,Nouveaux clients,"Mail de bienvenue, code promo sur la 2e commande"
17330.0,23,2,363.9,2,-0.2906617384234563,-0.7540550856580516,Nouveaux clients,"Mail de bienvenue, code promo sur la 2e commande"
17331.0,124,1,175.2,1,-1.6353083046096784,-0.12873900833915072,Clients perdus,"Campagne de réactivation avec remise, à faible coût"
17333.0,86,1,494.25,1,-1.0045245490731973,0.018171638689129844,Clients perdus,"Campagne de réactivation avec remise, à faible coût"
17334.0,302,2,307.02,1,-1.3398011911596035,0.7927681343119781,Clients perdus,"Campagne de réactivation avec remise, à faible coût"
17337.0,151,4,1979.61,3,0.273368822089451,1.2304161741620088,Clients fidèles,"Fidélité à paliers, recommandations de produits complémentaires"
17338.0,17,8,6484.75,0,2.1861483891492424,0.5358144339927838,Champions,"Programme VIP, avant-premières, remerciements personnalisés"
17339.0,94,2,243.36,1,-1.0071475065490316,-0.027452364854731726,Clients perdus,"Campagne de réactivation avec remise, à faible coût"
17340.0,30,11,12353.29,0,2.5463299769857546,1.2264288427494583,Champions,"Programme VIP, avant-premières, remerciements personnalisés"
17341.0,157,3,682.29,3,-0.4507406675407121,0.7809954729523347,Clients fidèles,"Fidélité à paliers, recommandations de produits complémentaires"
17343.0,355,1,193.64,1,-1.987600757329628,0.5715170345471066,Clients perdus,"Campagne de réactivation avec remise, à faible coût"
17344.0,46,1,157.62,1,-1.3118147449415563,-0.7876037044028122,Clients perdus,"Campagne de réactivation avec remise, à faible coût"
17345.0,15,4,519.6899999999999,2,0.4966291944422059,-0.6849217742103786,Nouveaux clients,"Mail de bienvenue, code promo sur la 2e commande"
17346.0,4,15,2622.88,0,2.765742246105665,-0.38518985139673767,Champions,"Programme VIP, avant-premières, remerciements personnalisés"
17347.0,86,1,228.96,1,-1.3700317515698197,-0.2615518680578214,Clients perdus,"Campagne de réactivation avec remise, à faible coût"
17348.0,15,5,1156.6,3,1.0425528069932988,-0.323393177075675,Clients fidèles,"Fidélité à paliers, recommandations de produits complémentaires"
17349.0,179,1,98.25,1,-2.048037330371651,-0.1066984522302064,Clients perdus,"Campagne de réactivation avec remise, à faible coût"
17350.0,8,4,1281.32,2,1.145771688506839,-0.7213029520384344,Nouveaux clients,"Mail de bienvenue, code promo sur la 2e commande"
17351.0,36,3,587.15,3,0.03223311394613813,-0.19460602526699403,Clients fidèles,"Fidélité à paliers, recommandations de produits complémentaires"
17353.0,129,2,1740.0,3,-0.19140502928447448,0.8874935994391757,Clients fidèles,"Fidélité à paliers, recommandations de produits complémentaires"
17354.0,51,1,1393.06,3,-0.3148912335715335,0.069026679328079,Clients fidèles,"Fidélité à paliers, recommandations de produits complémentaires"
17356.0,312,1,178.22,1,-1.9777628925159174,0.45975830812296864,Clients perdus,"Campagne de réactivation avec remise, à faible coût"
17357.0,24,2,384.39,2,-0.2802227900570477,-0.7082377063302664,Nouveaux clients,"Mail de bienvenue, code promo sur la 2e commande"
17358.0,303,2,360.81,1,-1.2643738032639025,0.8535461625243081,Clients perdus,"Campagne de réactivation avec remise, à faible coût"
17359.0,11,1,127.86,2,-0.8894129060182121,-1.7294634358283165,Nouveaux clients,"Mail de bienvenue, code promo sur la 2e commande"
17360.0,17,3,568.24,2,0.2918470070079574,-0.6636298358811517,Nouveaux clients,"Mail de bienvenue, code promo sur la 2e commande"
17361.0,49,3,488.2,3,-0.170528000013525,-0.07075517923801244,Clients fidèles,"Fidélité à paliers, recommandations de produits complémentaires"
17362.0,239,2,312.23,1,-1.242788829176086,0.6510113232059885,Clients perdus,"Campagne de réactivation avec remise, à faible coût"
17364.0,1,11,4462.68,0,3.108051252156371,-0.8835327734541574,Champions,"Programme VIP, avant-premières, remerciements personnalisés"
17365.0,13,8,4762.32,0,2.1350676567442886,0.2638372420570088,Champions,"Programme VIP, avant-premières, remerciements personnalisés"
17367.0,238,1,167.55,1,-1.9039914406970235,0.2662567321098994,Clients perdus,"Campagne de réactivation avec remise, à faible coût"
17368.0,23,8,1878.87,3,1.4862495544436154,0.2667659526895234,Clients fidèles,"Fidélité à paliers, recommandations de produits complémentaires"
17370.0,73,4,446.18,3,-0.16076913445942376,0.23113961108350425,Clients fidèles,"Fidélité à paliers, recommandations de produits complémentaires"
17371.0,17,3,418.4,2,0.14630443045067562,-0.7750139060650099,Nouveaux clients,"Mail de bienvenue, code promo sur la 2e commande"
17372.0,41,8,1337.18,3,1.1105870663641784,0.49784851573321715,Clients fidèles,"Fidélité à paliers, recommandations de produits complémentaires"
17373.0,40,4,646.92,3,0.24141441538263556,-0.00825926495939046,Clients fidèles,"Fidélité à paliers, recommandations de produits complémentaires"
17374.0,219,2,495.77,1,-0.989827540845969,0.7639725401090282,Clients perdus,"Campagne de réactivation avec remise, à faible coût"
17375.0,199,3,400.1,1,-0.7945710698804245,0.7362975686285376,Clients perdus,"Campagne de réactivation avec remise, à faible coût"
17376.0,71,2,203.2,1,-0.9868197975519143,-0.2687778200713389,Clients perdus,"Campagne de réactivation avec remise, à faible coût"
17377.0,24,20,4058.32,0,2.6054830504626243,0.8996536385297784,Champions,"Programme VIP, avant-premières, remerciements personnalisés"
17379.0,11,1,389.71999999999997,2,-0.36091084329712875,-1.3249995858753059,Nouveaux clients,"Mail de bienvenue, code promo sur la 2e commande"
17381.0,9,29,20275.61,0,4.045076578531414,1.042203895013556,Champions,"Programme VIP, avant-premières, remerciements personnalisés"
17382.0,65,1,65.4,1,-1.8563699651785648,-0.8897427367261374,Clients perdus,"Campagne de réactivation avec remise, à faible coût"
17383.0,4,1,193.39000000000001,2,-0.35917737466779454,-2.1349416506821735,Nouveaux clients,"Mail de bienvenue, code promo sur la 2e commande"
17384.0,19,2,336.4,2,-0.2583626000575848,-0.8982879970888507,Nouveaux clients,"Mail de bienvenue, code promo sur la 2e commande"
17385.0,15,1,256.11,2,-0.670165143322637,-1.2950869020199582,Nouveaux clients,"Mail de bienvenue, code promo sur la 2e commande"
17386.0,8,6,2686.42,0,1.8032999297766679,-0.3219369951313247,Champions,"Programme VIP, avant-premières, remerciements personnalisés"
17387.0,20,2,746.81,2,0.10219576800631595,-0.5771395704799265,Nouveaux clients,"Mail de bienvenue, code promo sur la 2e commande"
17388.0,78,4,1259.56,3,0.308022929602548,0.6504953590232556,Clients fidèles,"Fidélité à paliers, recommandations de produits complémentaires"
17389.0,1,34,31833.68,0,5.0143888576546,0.24503260571327973,Champions,"Programme VIP, avant-premières, remerciements personnalisés"
17391.0,164,2,508.8,1,-0.8676230199412932,0.5909102280260239,Clients perdus,"Campagne de réactivation avec remise, à faible coût"
17392.0,307,2,411.27,1,-1.2071620387058137,0.9094439352756338,Clients perdus,"Campagne de réactivation avec remise, à faible coût"
17394.0,219,1,203.86999999999998,1,-1.7793807876187226,0.2848600934962467,Clients perdus,"Campagne de réactivation avec remise, à faible coût"
17396.0,39,7,7312.8,0,1.8316704127804284,1.0408331457145263,Champions,"Programme VIP, avant-premières, remerciements personnalisés"
17397.0,22,2,681.41,2,0.02384940421508976,-0.5527976058053867,Nouveaux clients,"Mail de bienvenue, code promo sur la 2e commande"
17398.0,115,3,653.38,3,-0.35332573207128826,0.56920250988788,Clients fidèles,"Fidélité à paliers, recommandations de produits complémentaires"
17400.0,126,5,2097.84,3,0.5348890755890143,1.2077741031212959,Clients fidèles,"Fidélité à paliers, recommandations de produits complémentaires"
17402.0,5,12,2598.85,0,2.5035091158059006,-0.352844378532948,Champions,"Programme VIP, avant-premières, remerciements personnalisés"
17403.0,36,1,263.92,2,-0.9760746694891417,-0.7523474994030459,Nouveaux clients,"Mail de bienvenue, code promo sur la 2e commande"
17404.0,4,13,31781.82,0,3.8330796961586096,0.47285637013269066,Champions,"Programme VIP, avant-premières, remerciements personnalisés"
17405.0,1,3,1031.41,2,1.414639990046976,-1.8404510452967917,Nouveaux clients,"Mail de bienvenue, code promo sur la 2e commande"
17406.0,333,3,2184.42,3,-0.18268380822561514,1.679793447791937,Clients fidèles,"Fidélité à paliers, recommandations de produits complémentaires"
17408.0,163,1,32.65,1,-2.5278203069392515,-0.5601413708819147,Clients perdus,"Campagne de réactivation avec remise, à faible coût"
17409.0,185,2,771.85,1,-0.7151441110858964,0.8186186040997565,Clients perdus,"Campagne de réactivation avec remise, à faible coût"
17410.0,16,5,1214.72,3,1.0427394664695897,-0.26707144097733415,Clients fidèles,"Fidélité à paliers, recommandations de produits complémentaires"
17411.0,12,3,778.94,2,0.5661683538995105,-0.7552495363547825,Nouveaux clients,"Mail de bienvenue, code promo sur la 2e commande"
17412.0,3,7,1258.06,0,1.8727976822889811,-1.0614235316411278,Champions,"Programme VIP, avant-premières, remerciements personnalisés"
17414.0,44,2,778.0,3,-0.16940489184430454,-0.07874553471866155,Clients fidèles,"Fidélité à paliers, recommandations de produits complémentaires"
17415.0,80,1,507.84,1,-0.9643358567309266,-0.017290583419211154,Clients perdus,"Campagne de réactivation avec remise, à faible coût"
17416.0,30,7,6893.42,0,1.9008821188523817,0.8576005830856666,Champions,"Programme VIP, avant-premières, remerciements personnalisés"
17418.0,42,2,463.46000000000004,2,-0.3984283012314096,-0.29614619754134636,Nouveaux clients,"Mail de bienvenue, code promo sur la 2e commande"
17419.0,11,12,4226.57,0,2.4704233672362816,0.26415219731688266,Champions,"Programme VIP, avant-premières, remerciements personnalisés"
17420.0,50,3,598.83,3,-0.08095594313856203,0.016144980037656513,Clients fidèles,"Fidélité à paliers, recommandations de produits complémentaires"
17422.0,16,6,1979.37,3,1.4149520054080484,-0.02979024525663605,Clients fidèles,"Fidélité à paliers, recommandations de produits complémentaires"
17423.0,46,2,698.41,3,-0.23736050296219613,-0.09045586776067875,Clients fidèles,"Fidélité à paliers, recommandations de produits complémentaires"
17425.0,19,2,759.17,2,0.12863965052494913,-0.6021142803673338,Nouveaux clients,"Mail de bienvenue, code promo sur la 2e commande"
17426.0,8,6,5037.26,0,2.1027348145389144,-0.09277878583765506,Champions,"Programme VIP, avant-premières, remerciements personnalisés"
17427.0,72,1,100.8,1,-1.6912777453907788,-0.6699848102264334,Clients perdus,"Campagne de réactivation avec remise, à faible coût"
17428.0,1,28,17256.85,0,4.552203598821747,-0.05064223729164211,Champions,"Programme VIP, avant-premières, remerciements personnalisés"
17429.0,128,3,524.9200000000001,1,-0.4980146572543258,0.5569044461717232,Clients perdus,"Campagne de réactivation avec remise, à faible coût"
17430.0,33,2,265.76,2,-0.5729410416725765,-0.6473194892615468,Nouveaux clients,"Mail de bienvenue, code promo sur la 2e commande"
17431.0,313,1,403.3,1,-1.5913737014974367,0.7584187296124676,Clients perdus,"Campagne de réactivation avec remise, à faible coût"
17432.0,18,2,365.76,2,-0.1990194144259223,-0.9004043644570103,Nouveaux clients,"Mail de bienvenue, code promo sur la 2e commande"
17433.0,88,1,303.15999999999997,1,-1.2454751628603844,-0.1451668843560635,Clients perdus,"Campagne de réactivation avec remise, à faible coût"
17434.0,2,7,2373.82,0,2.284996703506185,-1.012552382466279,Champions,"Programme VIP, avant-premières, remerciements personnalisés"
17436.0,2,2,216.29999999999998,2,0.2565365394883661,-2.262234506084195,Nouveaux clients,"Mail de bienvenue, code promo sur la 2e commande"
17438.0,254,1,388.45000000000005,1,-1.5297162450621813,0.6127384716938996,Clients perdus,"Campagne de réactivation avec remise, à faible coût"
17440.0,157,3,186.42000000000002,1,-1.0670525431636875,0.30933057025963734,Clients perdus,"Campagne de réactivation avec remise, à faible coût"
17442.0,37,6,2248.56,3,1.1684769150240533,0.5269681892074648,Clients fidèles,"Fidélité à paliers, recommandations de produits complémentaires"
17443.0,220,1,534.24,1,-1.3235651297887046,0.6378994520881242,Clients perdus,"Campagne de réactivation avec remise, à faible coût"
17444.0,152,2,2389.1,3,-0.10264621463514713,1.1063783270938572,Clients fidèles,"Fidélité à paliers, recommandations de produits complémentaires"
17446.0,177,2,120.9,1,-1.5782902103442193,0.11731168859270891,Clients perdus,"Campagne de réactivation avec remise, à faible coût"
17447.0,40,2,541.53,2,-0.3062145927613821,-0.26971021291397373,Nouveaux clients,"Mail de bienvenue, code promo sur la 2e commande"
17449.0,2,7,2516.21,0,2.312739777297463,-0.9913205439803944,Champions,"Programme VIP, avant-premières, remerciements personnalisés"
17450.0,8,46,194390.79,0,5.569232258531848,1.9724547260717764,Champions,"Programme VIP, avant-premières, remerciements personnalisés"
17451.0,1,7,1721.4,0,2.2868129038009624,-1.3868939015314734,Champions,"Programme VIP, avant-premières, remerciements personnalisés"
17453.0,18,2,486.71999999999997,2,-0.06321688522509633,-0.7964743750240078,Nouveaux clients,"Mail de bienvenue, code promo sur la 2e commande"
17454.0,192,4,517.53,3,-0.4563468174365087,0.8932603395665157,Clients fidèles,"Fidélité à paliers, recommandations de produits complémentaires"
17455.0,204,1,131.7,1,-1.959323379301548,0.08171058630215308,Clients perdus,"Campagne de réactivation avec remise, à faible coût"
17456.0,365,1,249.86,1,-1.8772862833796276,0.681612066265273,Clients perdus,"Campagne de réactivation avec remise, à faible coût"
17457.0,127,5,1737.7,3,0.4422045538978207,1.1441104445144032,Clients fidèles,"Fidélité à paliers, recommandations de produits complémentaires"
17458.0,15,1,316.5,2,-0.5696480180788841,-1.218160913778824,Nouveaux clients,"Mail de bienvenue, code promo sur la 2e commande"
17459.0,43,2,657.3,2,-0.24103169831381138,-0.1543865672202722,Nouveaux clients,"Mail de bienvenue, code promo sur la 2e commande"
17460.0,94,6,622.4300000000001,3,0.20713811904072352,0.6403505073897899,Clients fidèles,"Fidélité à paliers, recommandations de produits complémentaires"
17461.0,23,3,735.82,2,0.3049204762621723,-0.3870389653061326,Nouveaux clients,"Mail de bienvenue, code promo sur la 2e commande"
17462.0,60,2,675.69,3,-0.3526685594357891,0.06290524324059935,Clients fidèles,"Fidélité à paliers, recommandations de produits complémentaires"
17463.0,16,5,1875.86,3,1.2496416227479021,-0.10872874263280538,Clients fidèles,"Fidélité à paliers, recommandations de produits complémentaires"
17464.0,158,1,289.96000000000004,1,-1.4882243246226687,0.20677213925158275,Clients perdus,"Campagne de réactivation avec remise, à faible coût"
17466.0,10,2,763.28,2,0.35952881327980213,-0.9794105712008624,Nouveaux clients,"Mail de bienvenue, code promo sur la 2e commande"
17468.0,10,2,137.0,2,-0.45599045218786255,-1.6035293497040604,Nouveaux clients,"Mail de bienvenue, code promo sur la 2e commande"
17469.0,16,5,1870.97,3,1.2483986692838664,-0.10967997779126043,Clients fidèles,"Fidélité à paliers, recommandations de produits complémentaires"
17470.0,45,5,1125.07,3,0.6260783047451275,0.3364879364973909,Clients fidèles,"Fidélité à paliers, recommandations de produits complémentaires"
17472.0,191,3,697.54,1,-0.5146585424292002,0.9126868447376215,Clients perdus,"Campagne de réactivation avec remise, à faible coût"
17475.0,79,1,194.37,1,-1.4156617091462482,-0.37420285060107766,Clients perdus,"Campagne de réactivation avec remise, à faible coût"
17480.0,78,1,511.82,1,-0.9510754952127674,-0.030310299918053653,Clients perdus,"Campagne de réactivation avec remise, à faible coût"
17481.0,4,4,1255.59,2,1.360596334928429,-1.1015801316911382,Nouveaux clients,"Mail de bienvenue, code promo sur la 2e commande"
17483.0,65,3,414.04,3,-0.35488409027612544,0.04542907052964917,Clients fidèles,"Fidélité à paliers, recommandations de produits complémentaires"
17486.0,261,1,396.87,1,-1.5298676939754228,0.6377176199304064,Clients perdus,"Campagne de réactivation avec remise, à faible coût"
17489.0,59,2,376.64,1,-0.6242520254263235,-0.16025538284482424,Clients perdus,"Campagne de réactivation avec remise, à faible coût"
17490.0,1,7,2092.32,0,2.3797349678742084,-1.3157804311560888,Champions,"Programme VIP, avant-premières, remerciements personnalisés"
17491.0,1,10,3558.87,0,2.9213827773905905,-0.9995371725809191,Champions,"Programme VIP, avant-premières, remerciements personnalisés"
17492.0,248,1,374.57,1,-1.5379131447216836,0.5844008039037659,Clients perdus,"Campagne de réactivation avec remise, à faible coût"
17495.0,8,2,497.56,2,0.23262541550283947,-1.2624851074899017,Nouveaux clients,"Mail de bienvenue, code promo sur la 2e commande"
17496.0,359,1,271.05,1,-1.8323383503711415,0.70069365132846,Clients perdus,"Campagne de réactivation avec remise, à faible coût"
17498.0,76,1,272.22,1,-1.2412739554838093,-0.27616186707037205,Clients perdus,"Campagne de réactivation avec remise, à faible coût"
17499.0,290,1,622.88,1,-1.355640236593138,0.8683347358605509,Clients perdus,"Campagne de réactivation avec remise, à faible coût"
17500.0,17,3,1138.0,3,0.6223101237033131,-0.410725648983751,Clients fidèles,"Fidélité à paliers, recommandations de produits complémentaires"
17501.0,221,2,288.6,1,-1.2503853602257795,0.5729532300045009,Clients perdus,"Campagne de réactivation avec remise, à faible coût"
17502.0,9,4,689.1,2,0.8103338605227427,-0.8803800993036985,Nouveaux clients,"Mail de bienvenue, code promo sur la 2e commande"
17503.0,3,2,558.96,2,0.5976628679447288,-1.734584024241361,Nouveaux clients,"Mail de bienvenue, code promo sur la 2e commande"
17504.0,206,9,2997.0299999999997,3,0.9812484627318329,1.8444297800461842,Clients fidèles,"Fidélité à paliers, recommandations de produits complémentaires"
17505.0,162,2,1145.84,3,-0.47669022696350205,0.8787910309884049,Clients fidèles,"Fidélité à paliers, recommandations de produits complémentaires"
17506.0,76,1,302.2,1,-1.1916688745507622,-0.23819898399644293,Clients perdus,"Campagne de réactivation avec remise, à faible coût"
17507.0,262,2,605.58,1,-0.9628583401453845,0.9500468783141289,Clients perdus,"Campagne de réactivation avec remise, à faible coût"
17508.0,281,1,387.31,1,-1.5695497396468647,0.6755169212599555,Clients perdus,"Campagne de réactivation avec remise, à faible coût"
17509.0,58,8,6083.64,3,1.7023414482189976,1.265664083328948,Clients fidèles,"Fidélité à paliers, recommandations de produits complémentaires"
17510.0,25,1,308.48,2,-0.7672579634413542,-0.9194878001377099,Nouveaux clients,"Mail de bienvenue, code promo sur la 2e commande"
17511.0,3,31,91062.38,0,5.169179920135317,1.0334678074314934,Champions,"Programme VIP, avant-premières, remerciements personnalisés"
17512.0,29,10,2924.9900000000002,0,1.7937240826836875,0.6469259554765665,Champions,"Programme VIP, avant-premières, remerciements personnalisés"
17513.0,72,1,513.2,1,-0.9196286166349533,-0.07943994873138867,Clients perdus,"Campagne de réactivation avec remise, à faible coût"
17514.0,128,1,208.65,1,-1.5645226551256066,-0.04537778657116653,Clients perdus,"Campagne de réactivation avec remise, à faible coût"
17515.0,31,4,639.02,3,0.33022068633953117,-0.1699574143361321,Clients fidèles,"Fidélité à paliers, recommandations de produits complémentaires"
17516.0,15,5,764.88,3,0.8457441078414674,-0.4740113293556284,Clients fidèles,"Fidélité à paliers, recommandations de produits complémentaires"
17517.0,309,1,153.94,1,-2.043443585752212,0.4005680832792967,Clients perdus,"Campagne de réactivation avec remise, à faible coût"
17519.0,17,6,1844.02,3,1.359393468561116,-0.01934246006388929,Clients fidèles,"Fidélité à paliers, recommandations de produits complémentaires"
17520.0,54,1,546.81,1,-0.7813331699956555,-0.2359661096591105,Clients perdus,"Campagne de réactivation avec remise, à faible coût"
17521.0,30,3,723.2099999999999,3,0.19895240303871653,-0.23097135883924247,Clients fidèles,"Fidélité à paliers, recommandations de produits complémentaires"
17522.0,2,5,1066.15,0,1.6430994922577824,-1.4150134767202696,Champions,"Programme VIP, avant-premières, remerciements personnalisés"
17523.0,11,4,652.74,2,0.714915009835222,-0.7844528495804376,Nouveaux clients,"Mail de bienvenue, code promo sur la 2e commande"
17524.0,361,1,145.0,1,-2.1309828251531076,0.47727425140200397,Clients perdus,"Campagne de réactivation avec remise, à faible coût"
17525.0,360,1,422.70000000000005,1,-1.622314263383226,0.8639960791927362,Clients perdus,"Campagne de réactivation avec remise, à faible coût"
17526.0,5,4,1195.8999999999999,2,1.2677788538478827,-1.003662047795972,Nouveaux clients,"Mail de bienvenue, code promo sur la 2e commande"
17527.0,54,4,939.37,3,0.3067022061526663,0.31392460281572526,Clients fidèles,"Fidélité à paliers, recommandations de produits complémentaires"
17528.0,1,8,3628.5,0,2.7487096253360677,-1.069753425967763,Champions,"Programme VIP, avant-premières, remerciements personnalisés"
17530.0,1,10,2362.53,0,2.7262468301811085,-1.1488751639337125,Champions,"Programme VIP, avant-premières, remerciements personnalisés"
17531.0,190,1,296.7,1,-1.5473441429612806,0.33144996347911093,Clients perdus,"Campagne de réactivation avec remise, à faible coût"
17534.0,54,1,223.36,1,-1.20664324298326,-0.5614568913954674,Clients perdus,"Campagne de réactivation avec remise, à faible coût"
17535.0,280,1,164.4,1,-1.9748077521769392,0.3620801315376519,Clients perdus,"Campagne de réactivation avec remise, à faible coût"
17536.0,177,1,76.5,1,-2.1616251228747645,-0.20398139026006684,Clients perdus,"Campagne de réactivation avec remise, à faible coût"
17537.0,30,2,887.67,2,0.03567837770362933,-0.26714102282981006,Nouveaux clients,"Mail de bienvenue, code promo sur la 2e commande"
17538.0,26,1,98.42,2,-1.3226922516253619,-1.309590197621219,Nouveaux clients,"Mail de bienvenue, code promo sur la 2e commande"
17540.0,25,2,578.9,2,-0.10052678625875382,-0.5343713672204262,Nouveaux clients,"Mail de bienvenue, code promo sur la 2e commande"
17542.0,270,1,170.75,1,-1.9430197764581896,0.3528289487016162,Clients perdus,"Campagne de réactivation avec remise, à faible coût"
17545.0,43,3,642.32,3,0.008776909355518375,-0.0519917873904599,Clients fidèles,"Fidélité à paliers, recommandations de produits complémentaires"
17548.0,234,1,103.3,1,-2.1262199375513653,0.08054441569080212,Clients perdus,"Campagne de réactivation avec remise, à faible coût"
17549.0,24,2,148.86,2,-0.7302496511043645,-1.052644303088484,Nouveaux clients,"Mail de bienvenue, code promo sur la 2e commande"
17550.0,197,3,267.16,1,-0.9825617865850016,0.5831145160382724,Clients perdus,"Campagne de réactivation avec remise, à faible coût"
17551.0,359,1,290.34,1,-1.7996995340080881,0.7256722129184396,Clients perdus,"Campagne de réactivation avec remise, à faible coût"
17552.0,60,4,930.41,3,0.2625975535338551,0.37611902382557444,Clients fidèles,"Fidélité à paliers, recommandations de produits complémentaires"
17553.0,130,1,1487.6,1,-0.636496456311375,0.6790995169787497,Clients perdus,"Campagne de réactivation avec remise, à faible coût"
17554.0,1,5,1952.45,0,2.0860112325347875,-1.4517835596783772,Champions,"Programme VIP, avant-premières, remerciements personnalisés"
17555.0,20,2,480.31,2,-0.10774310078319005,-0.7378062719270241,Nouveaux clients,"Mail de bienvenue, code promo sur la 2e commande"
17556.0,206,1,157.9,1,-1.877183695622673,0.15356912151088858,Clients perdus,"Campagne de réactivation avec remise, à faible coût"
17557.0,14,3,541.46,2,0.33851872724385246,-0.7968633771922117,Nouveaux clients,"Mail de bienvenue, code promo sur la 2e commande"
17560.0,95,4,854.95,3,0.0491574479981299,0.6329928768707138,Clients fidèles,"Fidélité à paliers, recommandations de produits complémentaires"
17561.0,19,1,165.12,2,-0.9634934873495529,-1.3127918168934225,Nouveaux clients,"Mail de bienvenue, code promo sur la 2e commande"
17562.0,14,7,1122.38,3,1.3136797578522077,-0.26448918959576617,Clients fidèles,"Fidélité à paliers, recommandations de produits complémentaires"
17564.0,24,3,454.01,2,0.05967276567593226,-0.5368991769590821,Nouveaux clients,"Mail de bienvenue, code promo sur la 2e commande"
17566.0,8,2,869.77,2,0.4983160740662164,-1.0591514324881308,Nouveaux clients,"Mail de bienvenue, code promo sur la 2e commande"
17567.0,7,8,4331.48,0,2.3036215704673,-0.12574599156341926,Champions,"Programme VIP, avant-premières, remerciements personnalisés"
17569.0,332,1,344.14,1,-1.689187480404833,0.7380028924972837,Clients perdus,"Campagne de réactivation avec remise, à faible coût"
17571.0,50,4,1424.42,3,0.5337152670039168,0.4176878050339957,Clients fidèles,"Fidélité à paliers, recommandations de produits complémentaires"
17572.0,71,4,226.75000000000003,1,-0.47176772575854214,-0.032258076790236706,Clients perdus,"Campagne de réactivation avec remise, à faible coût"
17573.0,29,3,380.6,2,-0.09378628534188962,-0.4853902266777791,Nouveaux clients,"Mail de bienvenue, code promo sur la 2e commande"
17574.0,243,1,185.65,1,-1.863300203288704,0.31658418433230057,Clients perdus,"Campagne de réactivation avec remise, à faible coût"
17576.0,8,19,3564.83,0,2.8896793424143103,0.1854760002231327,Champions,"Programme VIP, avant-premières, remerciements personnalisés"
17578.0,218,1,143.45999999999998,1,-1.9440974006971063,0.1545803603472361,Clients perdus,"Campagne de réactivation avec remise, à faible coût"
17579.0,5,3,448.90000000000003,2,0.5993222477278125,-1.4463669606304137,Nouveaux clients,"Mail de bienvenue, code promo sur la 2e commande"
17580.0,253,3,212.77,1,-1.1856848734133898,0.6584665372213213,Clients perdus,"Campagne de réactivation avec remise, à faible coût"
17581.0,1,25,11025.24,0,4.239775937679371,-0.2560428070267511,Champions,"Programme VIP, avant-premières, remerciements personnalisés"
17582.0,236,1,175.27,1,-1.8794448170254385,0.277255149703102,Clients perdus,"Campagne de réactivation avec remise, à faible coût"
17584.0,7,2,1242.3,2,0.7129823755690309,-1.0040125628661851,Nouveaux clients,"Mail de bienvenue, code promo sur la 2e commande"
17585.0,109,4,1116.68,3,0.12428157229986606,0.8166348458498537,Clients fidèles,"Fidélité à paliers, recommandations de produits complémentaires"
17588.0,100,3,1240.2,3,0.004550604334327455,0.7147707082024333,Clients fidèles,"Fidélité à paliers, recommandations de produits complémentaires"
17589.0,60,4,2402.92,3,0.714340643859851,0.7218390548169199,Clients fidèles,"Fidélité à paliers, recommandations de produits complémentaires"
17590.0,2,3,1466.77,2,1.4274245898400526,-1.4549355001823472,Nouveaux clients,"Mail de bienvenue, code promo sur la 2e commande"
17591.0,73,7,2203.67,3,1.025380561828515,0.9938503847256782,Clients fidèles,"Fidélité à paliers, recommandations de produits complémentaires"
17593.0,4,5,3923.86,0,2.06850108633354,-0.6160869946578552,Champions,"Programme VIP, avant-premières, remerciements personnalisés"
17594.0,85,2,993.18,3,-0.30055436036014566,0.42107413128154286,Clients fidèles,"Fidélité à paliers, recommandations de produits complémentaires"
17595.0,12,2,386.69,2,-0.027646567938209583,-1.120913143406036,Nouveaux clients,"Mail de bienvenue, code promo sur la 2e commande"
17596.0,23,7,2806.69,0,1.5706124444018148,0.3676792201913724,Champions,"Programme VIP, avant-premières, remerciements personnalisés"
17597.0,214,1,2044.3700000000001,1,-0.6743239305691352,1.109259013580498,Clients perdus,"Campagne de réactivation avec remise, à faible coût"
17600.0,18,1,161.67000000000002,2,-0.9539030805277848,-1.3529841008619883,Nouveaux clients,"Mail de bienvenue, code promo sur la 2e commande"
17601.0,239,1,116.00999999999999,1,-2.079475134287047,0.1358278381238791,Clients perdus,"Campagne de réactivation avec remise, à faible coût"
17602.0,2,6,5054.42,0,2.523926166308984,-0.7884887080056341,Champions,"Programme VIP, avant-premières, remerciements personnalisés"
17603.0,78,1,394.72,1,-1.0745782647897966,-0.12482725488658533,Clients perdus,"Campagne de réactivation avec remise, à faible coût"
17604.0,217,2,309.36,1,-1.2104560795089319,0.5866622311151976,Clients perdus,"Campagne de réactivation avec remise, à faible coût"
17608.0,33,2,191.99,2,-0.7271710837069604,-0.765352096851506,Nouveaux clients,"Mail de bienvenue, code promo sur la 2e commande"
17609.0,41,5,1098.28,3,0.649349425413534,0.2699967609837066,Clients fidèles,"Fidélité à paliers, recommandations de produits complémentaires"
17611.0,7,15,3961.12,0,2.7825973819715846,0.06324665404008725,Champions,"Programme VIP, avant-premières, remerciements personnalisés"
17612.0,53,6,2048.45,3,0.9898874340910928,0.7159223548770484,Clients fidèles,"Fidélité à paliers, recommandations de produits complémentaires"
17613.0,23,14,4544.55,0,2.369972496149408,0.785430364702028,Champions,"Programme VIP, avant-premières, remerciements personnalisés"
17614.0,57,1,386.32,1,-0.9667885414792398,-0.3286803688403947,Clients perdus,"Campagne de réactivation avec remise, à faible coût"
17615.0,130,3,329.6,1,-0.7250744661773455,0.39739175863087367,Clients perdus,"Campagne de réactivation avec remise, à faible coût"
17616.0,174,3,571.1999999999999,1,-0.5743042084324684,0.7811290643502267,Clients perdus,"Campagne de réactivation avec remise, à faible coût"
17618.0,6,3,930.28,2,0.8870797526713224,-1.0832990051303373,Nouveaux clients,"Mail de bienvenue, code promo sur la 2e commande"
17619.0,312,1,214.37,1,-1.8902195326667146,0.5267554437256674,Clients perdus,"Campagne de réactivation avec remise, à faible coût"
17620.0,60,1,81.44,1,-1.723192866418611,-0.8608256983578076,Clients perdus,"Campagne de réactivation avec remise, à faible coût"
17621.0,21,3,1379.9,3,0.6374277016353359,-0.2132010589557525,Clients fidèles,"Fidélité à paliers, recommandations de produits complémentaires"
17623.0,33,1,527.0500000000001,2,-0.6151481111211806,-0.5544861792733442,Nouveaux clients,"Mail de bienvenue, code promo sur la 2e commande"
17624.0,15,2,843.48,2,0.2639723205285167,-0.7053238199472468,Nouveaux clients,"Mail de bienvenue, code promo sur la 2e commande"
17625.0,18,4,2020.4,3,1.0772415320547233,-0.08132971024664308,Clients fidèles,"Fidélité à paliers, recommandations de produits complémentaires"
17628.0,81,1,75.75,1,-1.8702532659581281,-0.6992209704915064,Clients perdus,"Campagne de réactivation avec remise, à faible coût"
17629.0,6,8,1814.12,0,1.9401180967347893,-0.5276752824312437,Champions,"Programme VIP, avant-premières, remerciements personnalisés"
17630.0,170,2,503.59999999999997,1,-0.8861488414404093,0.6098311711897396,Clients perdus,"Campagne de réactivation avec remise, à faible coût"
17631.0,2,3,528.33,2,0.9415057151258371,-1.8268103379452196,Nouveaux clients,"Mail de bienvenue, code promo sur la 2e commande"
17633.0,31,4,1324.84,3,0.6772155620294853,0.09559856592423863,Clients fidèles,"Fidélité à paliers, recommandations de produits complémentaires"
17634.0,36,9,2358.59,3,1.5247292123759728,0.6648194126665965,Clients fidèles,"Fidélité à paliers, recommandations de produits complémentaires"
17636.0,19,1,285.56,2,-0.7037185504313742,-1.113985457337779,Nouveaux clients,"Mail de bienvenue, code promo sur la 2e commande"
17637.0,31,2,547.0600000000001,2,-0.20673160496110327,-0.42323744621689874,Nouveaux clients,"Mail de bienvenue, code promo sur la 2e commande"
17639.0,276,1,108.5,1,-2.165837711793307,0.20259867448955032,Clients perdus,"Campagne de réactivation avec remise, à faible coût"
17640.0,87,1,621.66,1,-0.8998132663747077,0.1088980297849368,Clients perdus,"Campagne de réactivation avec remise, à faible coût"
17642.0,120,2,712.29,1,-0.5891487346186809,0.5166166558037752,Clients perdus,"Campagne de réactivation avec remise, à faible coût"
17643.0,373,1,101.55,1,-2.311744158634137,0.3691572915589045,Clients perdus,"Campagne de réactivation avec remise, à faible coût"
17644.0,1,11,2895.64,0,2.9020265051582963,-1.0412039884488533,Champions,"Programme VIP, avant-premières, remerciements personnalisés"
17646.0,219,3,1008.39,3,-0.39126562912959084,1.1332690294845713,Clients fidèles,"Fidélité à paliers, recommandations de produits complémentaires"
17647.0,65,1,133.06,1,-1.5216252503516532,-0.6335618328840109,Clients perdus,"Campagne de réactivation avec remise, à faible coût"
17648.0,61,4,1797.5,3,0.5698915371692734,0.6263599208179279,Clients fidèles,"Fidélité à paliers, recommandations de produits complémentaires"
17649.0,138,1,868.49,1,-0.9153111672728522,0.5206517003021314,Clients perdus,"Campagne de réactivation avec remise, à faible coût"
17650.0,21,1,166.08,2,-0.9971480076938084,-1.2502268240649497,Nouveaux clients,"Mail de bienvenue, code promo sur la 2e commande"
17651.0,12,10,3945.0,0,2.2555855995667415,0.22546552147139995,Champions,"Programme VIP, avant-premières, remerciements personnalisés"
17652.0,25,12,4867.72,0,2.2424097750222276,0.8061430441029235,Champions,"Programme VIP, avant-premières, remerciements personnalisés"
17653.0,37,4,1207.56,3,0.5674575621503548,0.17084861518027605,Clients fidèles,"Fidélité à paliers, recommandations de produits complémentaires"
17654.0,277,1,117.55,1,-2.129379453496394,0.23383961086985572,Clients perdus,"Campagne de réactivation avec remise, à faible coût"
17655.0,11,7,2638.94,0,1.8059807726100137,-0.09451002999202066,Champions,"Programme VIP, avant-premières, remerciements personnalisés"
17656.0,73,5,1674.69,3,0.6338912939885806,0.7830270682475058,Clients fidèles,"Fidélité à paliers, recommandations de produits complémentaires"
17658.0,26,2,595.42,2,-0.10155717163810361,-0.5001871766765821,Nouveaux clients,"Mail de bienvenue, code promo sur la 2e commande"
17659.0,17,12,2999.46,0,2.152217764947053,0.39636017586921457,Champions,"Programme VIP, avant-premières, remerciements personnalisés"
17660.0,141,1,178.75,1,-1.674503201934393,-0.04057246533191405,Clients perdus,"Campagne de réactivation avec remise, à faible coût"
17663.0,26,7,1802.91,3,1.314848586269035,0.2810882955052816,Clients fidèles,"Fidélité à paliers, recommandations de produits complémentaires"
17664.0,19,2,604.64,2,0.0203648163872893,-0.6849772611528099,Nouveaux clients,"Mail de bienvenue, code promo sur la 2e commande"
17666.0,4,2,728.16,2,0.6382364193856923,-1.496753046875897,Nouveaux clients,"Mail de bienvenue, code promo sur la 2e commande"
17667.0,66,5,2055.51,3,0.7694113408428583,0.7946556011967598,Clients fidèles,"Fidélité à paliers, recommandations de produits complémentaires"
17668.0,1,2,347.75,2,0.6367821028638635,-2.346963159044699,Nouveaux clients,"Mail de bienvenue, code promo sur la 2e commande"
17669.0,43,7,3406.7200000000003,3,1.4314011754932028,0.8228270484308249,Clients fidèles,"Fidélité à paliers, recommandations de produits complémentaires"
17670.0,228,1,205.7,1,-1.790456340122522,0.3135381901795071,Clients perdus,"Campagne de réactivation avec remise, à faible coût"
17671.0,16,4,1572.71,3,1.0004399691443162,-0.24317533886934983,Clients fidèles,"Fidélité à paliers, recommandations de produits complémentaires"
17672.0,50,2,3178.17,3,0.45284735117242747,0.5134501996972076,Clients fidèles,"Fidélité à paliers, recommandations de produits complémentaires"
17673.0,2,6,1594.97,0,1.9745965680379083,-1.2088919190468694,Champions,"Programme VIP, avant-premières, remerciements personnalisés"
17674.0,74,2,551.04,1,-0.5285771441404743,0.11974476958846722,Clients perdus,"Campagne de réactivation avec remise, à faible coût"
17675.0,1,31,20374.28,0,4.720552708603057,0.047815189991355034,Champions,"Programme VIP, avant-premières, remerciements personnalisés"
17676.0,4,6,1371.18,0,1.7075254185429067,-0.9399164279230944,Champions,"Programme VIP, avant-premières, remerciements personnalisés"
17677.0,2,30,16345.38,0,4.431953985299398,0.21247965189307524,Champions,"Programme VIP, avant-premières, remerciements personnalisés"
17678.0,264,1,298.11,1,-1.6701518626018335,0.5409082330327846,Clients perdus,"Campagne de réactivation avec remise, à faible coût"
17679.0,53,2,1992.1100000000001,3,0.2085550391633293,0.37945959060020223,Clients fidèles,"Fidélité à paliers, recommandations de produits complémentaires"
17680.0,24,1,184.4,2,-0.9963983094046326,-1.1311940085708185,Nouveaux clients,"Mail de bienvenue, code promo sur la 2e commande"
17682.0,10,6,2474.33,0,1.6874942882840642,-0.2246082474886637,Champions,"Programme VIP, avant-premières, remerciements personnalisés"
17684.0,44,1,239.41,1,-1.0970856881623547,-0.6635673142071221,Clients perdus,"Campagne de réactivation avec remise, à faible coût"
17685.0,17,7,3155.83,0,1.7363233803899583,0.227912468113779,Champions,"Programme VIP, avant-premières, remerciements personnalisés"
17686.0,7,7,5739.46,0,2.3309254604238694,-0.06850010862447171,Champions,"Programme VIP, avant-premières, remerciements personnalisés"
17690.0,30,15,4726.8,0,2.3494608255826295,0.98698010130209,Champions,"Programme VIP, avant-premières, remerciements personnalisés"
17691.0,358,2,290.40000000000003,1,-1.4309964931310832,0.8801293654117583,Clients perdus,"Campagne de réactivation avec remise, à faible coût"
17692.0,127,4,725.5799999999999,3,-0.13878296124324255,0.7557473616959584,Clients fidèles,"Fidélité à paliers, recommandations de produits complémentaires"
17693.0,137,1,200.47,1,-1.6092411495561343,-0.017105290125097476,Clients perdus,"Campagne de réactivation avec remise, à faible coût"
17694.0,142,1,283.12,1,-1.4590532522414192,0.13081483771187447,Clients perdus,"Campagne de réactivation avec remise, à faible coût"
17695.0,132,2,765.34,1,-0.5910825849329321,0.6027610698040553,Clients perdus,"Campagne de réactivation avec remise, à faible coût"
17696.0,38,8,2285.71,3,1.3941698821901354,0.6462016282182733,Clients fidèles,"Fidélité à paliers, recommandations de produits complémentaires"
17697.0,236,1,338.95,1,-1.566525396876235,0.5167331050907709,Clients perdus,"Campagne de réactivation avec remise, à faible coût"
17698.0,261,1,154.95,1,-1.9760999636865553,0.2962150326909586,Clients perdus,"Campagne de réactivation avec remise, à faible coût"
17700.0,17,4,2534.64,3,1.2058790381023092,-0.03298548279638048,Clients fidèles,"Fidélité à paliers, recommandations de produits complémentaires"
17701.0,253,1,417.95,1,-1.4934275612773507,0.6368691497111225,Clients perdus,"Campagne de réactivation avec remise, à faible coût"
17702.0,30,4,1824.37,3,0.8416771257448632,0.19204088415290582,Clients fidèles,"Fidélité à paliers, recommandations de produits complémentaires"
17703.0,35,3,798.74,3,0.18911040803230222,-0.09993721680810684,Clients fidèles,"Fidélité à paliers, recommandations de produits complémentaires"
17704.0,169,2,885.19,1,-0.615592359999102,0.81145365432134,Clients perdus,"Campagne de réactivation avec remise, à faible coût"
17705.0,3,9,1823.52,0,2.251808455153777,-0.840232183897669,Champions,"Programme VIP, avant-premières, remerciements personnalisés"
17706.0,4,17,10504.49,0,3.533452693899553,0.16599057559925537,Champions,"Programme VIP, avant-premières, remerciements personnalisés"
17707.0,185,2,152.4,1,-1.4855706383240554,0.22900940237157763,Clients perdus,"Campagne de réactivation avec remise, à faible coût"
17708.0,188,2,263.33,1,-1.2324248085044365,0.4375694921245213,Clients perdus,"Campagne de réactivation avec remise, à faible coût"
17709.0,170,1,137.45,1,-1.8698553765458834,-0.017867235666554303,Clients perdus,"Campagne de réactivation avec remise, à faible coût"
17711.0,11,2,385.1,2,0.0009645526979444544,-1.17318998681349,Nouveaux clients,"Mail de bienvenue, code promo sur la 2e commande"
17712.0,45,1,522.91,2,-0.7343424133177552,-0.36559190245519346,Nouveaux clients,"Mail de bienvenue, code promo sur la 2e commande"
17714.0,321,1,153.0,1,-2.060847575307459,0.42244291625648567,Clients perdus,"Campagne de réactivation avec remise, à faible coût"
17715.0,201,1,326.4,1,-1.5234208608560675,0.40164659318220364,Clients perdus,"Campagne de réactivation avec remise, à faible coût"
17716.0,23,11,5655.99,0,2.271918021184024,0.7792555210226466,Champions,"Programme VIP, avant-premières, remerciements personnalisés"
17718.0,232,1,139.35,1,-1.9815148908833233,0.18336723645762784,Clients perdus,"Campagne de réactivation avec remise, à faible coût"
17719.0,38,15,5396.04,0,2.324860670209308,1.1808927892485144,Champions,"Programme VIP, avant-premières, remerciements personnalisés"
17720.0,26,4,1195.94,3,0.6933720949644293,-0.04947676942014682,Clients fidèles,"Fidélité à paliers, recommandations de produits complémentaires"
17722.0,96,4,2424.04,3,0.5413640488408502,1.0192825870765083,Clients fidèles,"Fidélité à paliers, recommandations de produits complémentaires"
17723.0,127,6,3276.4000000000005,3,0.8839614312674663,1.4346140831513885,Clients fidèles,"Fidélité à paliers, recommandations de produits complémentaires"
17724.0,71,3,1033.0,3,0.04679032205505446,0.43346206818635663,Clients fidèles,"Fidélité à paliers, recommandations de produits complémentaires"
17725.0,16,11,3439.08,0,2.1666344296593856,0.3791291689433871,Champions,"Programme VIP, avant-premières, remerciements personnalisés"
17727.0,15,1,1060.25,2,0.005288369361386425,-0.7781607678098744,Nouveaux clients,"Mail de bienvenue, code promo sur la 2e commande"
17728.0,4,3,2876.01,0,1.5529850541410501,-0.8854781276604994,Champions,"Programme VIP, avant-premières, remerciements personnalisés"
17730.0,3,13,5298.4800000000005,0,3.0648388771712325,-0.32186004870348095,Champions,"Programme VIP, avant-premières, remerciements personnalisés"
17731.0,79,4,1240.11,3,0.2958102997515429,0.6528053576604634,Clients fidèles,"Fidélité à paliers, recommandations de produits complémentaires"
17732.0,373,1,303.97,1,-1.7924859218943634,0.7665468201262117,Clients perdus,"Campagne de réactivation avec remise, à faible coût"
17733.0,39,2,692.19,2,-0.18002659934201107,-0.19602009901871,Nouveaux clients,"Mail de bienvenue, code promo sur la 2e commande"
17734.0,54,3,700.63,3,-0.03510579421861472,0.12120462283605506,Clients fidèles,"Fidélité à paliers, recommandations de produits complémentaires"
17735.0,2,19,13110.02,0,3.929607106715497,-0.03671351555331492,Champions,"Programme VIP, avant-premières, remerciements personnalisés"
17736.0,9,3,377.44,2,0.3218232671838583,-1.1853719127068096,Nouveaux clients,"Mail de bienvenue, code promo sur la 2e commande"
17737.0,9,2,168.24,2,-0.32236545317809445,-1.5895867041810101,Nouveaux clients,"Mail de bienvenue, code promo sur la 2e commande"
17738.0,19,4,1879.05,3,1.0231137577667058,-0.07522197652453133,Clients fidèles,"Fidélité à paliers, recommandations de produits complémentaires"
17739.0,12,7,2791.35,0,1.8021531520824654,-0.023266316677518026,Champions,"Programme VIP, avant-premières, remerciements personnalisés"
17742.0,113,2,355.11,1,-0.8973506941661475,0.2255269060636107,Clients perdus,"Campagne de réactivation avec remise, à faible coût"
17744.0,4,6,2322.4,0,1.9584353570097008,-0.7478944721690433,Champions,"Programme VIP, avant-premières, remerciements personnalisés"
17746.0,240,1,110.25,1,-2.10511374749117,0.12005964232235433,Clients perdus,"Campagne de réactivation avec remise, à faible coût"
17747.0,113,1,71.4,1,-2.023883870691839,-0.5114770595397009,Clients perdus,"Campagne de réactivation avec remise, à faible coût"
17749.0,178,2,674.52,1,-0.7646240665879308,0.7452036986146735,Clients perdus,"Campagne de réactivation avec remise, à faible coût"
17750.0,5,9,1694.16,0,2.0619195738049734,-0.6098231222734994,Champions,"Programme VIP, avant-premières, remerciements personnalisés"
17752.0,359,1,80.64,1,-2.405817590126647,0.2618086638500857,Clients perdus,"Campagne de réactivation avec remise, à faible coût"
17754.0,1,5,1664.65,0,2.0100748850893866,-1.5098978218649854,Champions,"Programme VIP, avant-premières, remerciements personnalisés"
17757.0,1,30,5589.4400000000005,0,4.075605842984044,-0.4359658662788083,Champions,"Programme VIP, avant-premières, remerciements personnalisés"
17758.0,19,8,3408.2000000000003,0,1.839495030149383,0.3681540149223976,Champions,"Programme VIP, avant-premières, remerciements personnalisés"
17759.0,17,3,818.71,2,0.4655814490532079,-0.5306704658887873,Nouveaux clients,"Mail de bienvenue, code promo sur la 2e commande"
17760.0,22,2,287.59,2,-0.3861892441700129,-0.8666011310016404,Nouveaux clients,"Mail de bienvenue, code promo sur la 2e commande"
17761.0,33,1,712.78,2,-0.4715557154565724,-0.4445945870334591,Nouveaux clients,"Mail de bienvenue, code promo sur la 2e commande"
17763.0,263,1,15.0,1,-3.063840974150178,-0.5291887389410587,Clients perdus,"Campagne de réactivation avec remise, à faible coût"
17764.0,51,2,772.55,3,-0.22796694053290437,0.010415563893497676,Clients fidèles,"Fidélité à paliers, recommandations de produits complémentaires"
17765.0,159,3,367.63,1,-0.7495703484220426,0.5639567800725448,Clients perdus,"Campagne de réactivation avec remise, à faible coût"
17767.0,15,1,271.2,2,-0.6429920956624067,-1.2742913058494783,Nouveaux clients,"Mail de bienvenue, code promo sur la 2e commande"
17768.0,8,3,2081.9,3,1.1746165420204302,-0.6303614463722782,Clients fidèles,"Fidélité à paliers, recommandations de produits complémentaires"
17769.0,13,10,3957.43,0,2.228781450774725,0.27362571627528864,Champions,"Programme VIP, avant-premières, remerciements personnalisés"
17770.0,199,5,1143.27,3,0.07243279182813668,1.274683149837763,Clients fidèles,"Fidélité à paliers, recommandations de produits complémentaires"
17771.0,57,2,245.33,1,-0.8148743856097598,-0.3375545920608837,Clients perdus,"Campagne de réactivation avec remise, à faible coût"
17772.0,11,2,173.45,2,-0.3775500040721468,-1.4628680518455364,Nouveaux clients,"Mail de bienvenue, code promo sur la 2e commande"
17774.0,97,4,1213.73,3,0.20806903420835715,0.773715510630514,Clients fidèles,"Fidélité à paliers, recommandations de produits complémentaires"
17775.0,255,1,56.4,1,-2.4434534002104966,-0.08291980027134961,Clients perdus,"Campagne de réactivation avec remise, à faible coût"
17777.0,25,3,647.56,2,0.21356232361364258,-0.38278257050427617,Nouveaux clients,"Mail de bienvenue, code promo sur la 2e commande"
17779.0,21,3,650.32,2,0.279385245394198,-0.48721177814257466,Nouveaux clients,"Mail de bienvenue, code promo sur la 2e commande"
17781.0,159,2,188.02,1,-1.328582004534429,0.2096221464907967,Clients perdus,"Campagne de réactivation avec remise, à faible coût"
17783.0,72,2,283.47,1,-0.834133260026051,-0.13914463251786957,Clients perdus,"Campagne de réactivation avec remise, à faible coût"
17785.0,53,1,131.94,1,-1.448984194090159,-0.7639245373561135,Clients perdus,"Campagne de réactivation avec remise, à faible coût"
17786.0,85,2,266.85,1,-0.9254059520085953,-0.05712623582048028,Clients perdus,"Campagne de réactivation avec remise, à faible coût"
17787.0,153,4,1817.54,3,0.22770204025350746,1.2075807576087176,Clients fidèles,"Fidélité à paliers, recommandations de produits complémentaires"
17788.0,74,2,1112.95,3,-0.1940913171940198,0.37572754593739766,Clients fidèles,"Fidélité à paliers, recommandations de produits complémentaires"
17789.0,281,1,225.9,1,-1.8255403222321598,0.4796067368207982,Clients perdus,"Campagne de réactivation avec remise, à faible coût"
17790.0,27,14,1964.3,0,1.9116009628514088,0.5774840429538374,Champions,"Programme VIP, avant-premières, remerciements personnalisés"
17791.0,30,1,106.1,2,-1.340001276039829,-1.1948173632179853,Nouveaux clients,"Mail de bienvenue, code promo sur la 2e commande"
17793.0,25,1,300.34,2,-0.779957222349116,-0.9292065723274301,Nouveaux clients,"Mail de bienvenue, code promo sur la 2e commande"
17795.0,180,2,342.83,1,-1.0906268075097396,0.506009462469478,Clients perdus,"Campagne de réactivation avec remise, à faible coût"
17796.0,40,4,690.0,3,0.27208432598399684,0.015212488501083546,Clients fidèles,"Fidélité à paliers, recommandations de produits complémentaires"
17797.0,22,3,780.43,2,0.349180715109662,-0.39260512666657293,Nouveaux clients,"Mail de bienvenue, code promo sur la 2e commande"
17799.0,22,10,3039.17,0,1.9134373877107163,0.4923242553496987,Champions,"Programme VIP, avant-premières, remerciements personnalisés"
17800.0,37,9,1186.21,3,1.187283855199973,0.43128430695499814,Clients fidèles,"Fidélité à paliers, recommandations de produits complémentaires"
17802.0,82,3,1285.04,3,0.09642047114439924,0.6031926572878977,Clients fidèles,"Fidélité à paliers, recommandations de produits complémentaires"
17805.0,74,1,512.31,1,-0.9307765096666087,-0.0629248565429653,Clients perdus,"Campagne de réactivation avec remise, à faible coût"
17806.0,11,1,546.04,2,-0.20057292209228242,-1.2022926042410644,Nouveaux clients,"Mail de bienvenue, code promo sur la 2e commande"
17809.0,16,12,5411.91,0,2.4551590034812243,0.5752349439717857,Champions,"Programme VIP, avant-premières, remerciements personnalisés"
17811.0,4,39,7755.12,0,4.1127167093262536,0.3628675428150416,Champions,"Programme VIP, avant-premières, remerciements personnalisés"
17812.0,13,4,699.81,2,0.6891690126203767,-0.6613098487794303,Nouveaux clients,"Mail de bienvenue, code promo sur la 2e commande"
17813.0,14,5,1698.07,3,1.2500274666989912,-0.22441811019407995,Clients fidèles,"Fidélité à paliers, recommandations de produits complémentaires"
17816.0,37,4,36.56,2,-1.0863950592840952,-1.0948486180077823,Nouveaux clients,"Mail de bienvenue, code promo sur la 2e commande"
17817.0,4,3,387.68,2,0.5992638227573012,-1.615363190059914,Nouveaux clients,"Mail de bienvenue, code promo sur la 2e commande"
17819.0,72,7,3704.87,3,1.278013030363318,1.1745826770083458,Clients fidèles,"Fidélité à paliers, recommandations de produits complémentaires"
17824.0,51,1,298.4,1,-1.0477545020252341,-0.49183527364477864,Clients perdus,"Campagne de réactivation avec remise, à faible coût"
17827.0,5,5,1987.33,0,1.6748719840133128,-0.7483807396641363,Champions,"Programme VIP, avant-premières, remerciements personnalisés"
17828.0,23,4,1165.09,3,0.725913742745485,-0.13371831817612698,Clients fidèles,"Fidélité à paliers, recommandations de produits complémentaires"
17829.0,299,1,889.24,1,-1.1978814707291918,1.0172934508648939,Clients perdus,"Campagne de réactivation avec remise, à faible coût"
17830.0,2,3,398.7,2,0.8076737554639275,-1.929232245956162,Nouveaux clients,"Mail de bienvenue, code promo sur la 2e commande"
17831.0,33,1,35.400000000000006,1,-1.8894547917421078,-1.5297160268374201,Clients perdus,"Campagne de réactivation avec remise, à faible coût"
17832.0,50,1,155.37,1,-1.349815097234678,-0.74099706019161,Clients perdus,"Campagne de réactivation avec remise, à faible coût"
17835.0,3,3,342.24,2,0.6252500937907559,-1.8022557814679334,Nouveaux clients,"Mail de bienvenue, code promo sur la 2e commande"
17836.0,47,1,109.83,1,-1.4906669233334569,-0.9049701733791614,Clients perdus,"Campagne de réactivation avec remise, à faible coût"
17837.0,42,8,1535.33,3,1.1673907075124579,0.5631254279387431,Clients fidèles,"Fidélité à paliers, recommandations de produits complémentaires"
17838.0,27,5,2720.8,3,1.2361626275160098,0.3433547993126352,Clients fidèles,"Fidélité à paliers, recommandations de produits complémentaires"
17839.0,42,1,318.15,1,-0.9447393178665128,-0.5891048033042169,Clients perdus,"Campagne de réactivation avec remise, à faible coût"
17841.0,2,124,40495.99,0,6.128111085659296,1.0802361095919455,Champions,"Programme VIP, avant-premières, remerciements personnalisés"
17843.0,303,1,197.73,1,-1.917388115022256,0.4789272784154692,Clients perdus,"Campagne de réactivation avec remise, à faible coût"
17844.0,107,1,51.559999999999995,1,-2.155816550601012,-0.6625477975721045,Clients perdus,"Campagne de réactivation avec remise, à faible coût"
17848.0,81,9,901.1999999999999,3,0.7627482728730117,0.8191171139590929,Clients fidèles,"Fidélité à paliers, recommandations de produits complémentaires"
17849.0,218,4,605.8000000000001,3,-0.4297156463577511,1.0307549413254833,Clients fidèles,"Fidélité à paliers, recommandations de produits complémentaires"
17850.0,372,34,5391.21,0,2.1716232671121576,2.9144764246530457,Champions,"Programme VIP, avant-premières, remerciements personnalisés"
17852.0,12,2,114.34,2,-0.6052495358567224,-1.5629540295773727,Nouveaux clients,"Mail de bienvenue, code promo sur la 2e commande"
17854.0,185,2,311.26,1,-1.146920571977964,0.4881790807564838,Clients perdus,"Campagne de réactivation avec remise, à faible coût"
17855.0,373,1,208.97,1,-1.9703179059811136,0.6304515917401897,Clients perdus,"Campagne de réactivation avec remise, à faible coût"
17856.0,2,4,1418.03,2,1.6136080385935512,-1.3813153491994812,Nouveaux clients,"Mail de bienvenue, code promo sur la 2e commande"
17857.0,4,22,25301.54,0,4.174446417080813,0.5808949593469824,Champions,"Programme VIP, avant-premières, remerciements personnalisés"
17858.0,6,12,5140.66,0,2.7695348768647103,-0.006407776849247018,Champions,"Programme VIP, avant-premières, remerciements personnalisés"
17859.0,305,1,141.92000000000002,1,-2.0769578513862625,0.3628847223795354,Clients perdus,"Campagne de réactivation avec remise, à faible coût"
17860.0,369,1,226.45000000000002,1,-1.9281121226769944,0.6527875092964678,Clients perdus,"Campagne de réactivation avec remise, à faible coût"
17861.0,3,8,2097.88,0,2.223045667545467,-0.8297280919683573,Champions,"Programme VIP, avant-premières, remerciements personnalisés"
17862.0,324,1,330.9,1,-1.698537215046066,0.7083134528883919,Clients perdus,"Campagne de réactivation avec remise, à faible coût"
17863.0,59,6,3160.0,3,1.1561002704335397,0.940759620320669,Clients fidèles,"Fidélité à paliers, recommandations de produits complémentaires"
17864.0,13,3,554.85,2,0.3764854770685647,-0.8317408085269878,Nouveaux clients,"Mail de bienvenue, code promo sur la 2e commande"
17865.0,31,20,10524.220000000001,0,2.9651404941980286,1.4036575977016466,Champions,"Programme VIP, avant-premières, remerciements personnalisés"
17866.0,143,1,329.65,1,-1.389455442618734,0.19053584374685484,Clients perdus,"Campagne de réactivation avec remise, à faible coût"
17867.0,30,6,1157.8700000000001,3,0.9302135271825391,0.1559560711132309,Clients fidèles,"Fidélité à paliers, recommandations de produits complémentaires"
17869.0,107,5,428.18,3,-0.15946177028362032,0.5262138488485808,Clients fidèles,"Fidélité à paliers, recommandations de produits complémentaires"
17870.0,2,12,1865.89,0,2.610440672560971,-0.913326586722983,Champions,"Programme VIP, avant-premières, remerciements personnalisés"
17871.0,205,1,155.9,1,-1.8813690793851148,0.14587853345639565,Clients perdus,"Campagne de réactivation avec remise, à faible coût"
17873.0,80,5,1719.5800000000002,3,0.611968152892522,0.8500052374645474,Clients fidèles,"Fidélité à paliers, recommandations de produits complémentaires"
17874.0,185,6,683.46,3,-0.004959044601872736,1.1006321534992463,Clients fidèles,"Fidélité à paliers, recommandations de produits complémentaires"
17877.0,170,1,237.61,1,-1.6105170283723027,0.18060500151390493,Clients perdus,"Campagne de réactivation avec remise, à faible coût"
17878.0,44,1,379.45,1,-0.8783937965375085,-0.4962019041561629,Clients perdus,"Campagne de réactivation avec remise, à faible coût"
17879.0,174,1,178.51999999999998,1,-1.7549167948631843,0.09152232629048691,Clients perdus,"Campagne de réactivation avec remise, à faible coût"
17880.0,365,1,458.92,1,-1.5884863882600075,0.9026312934082958,Clients perdus,"Campagne de réactivation avec remise, à faible coût"
17881.0,304,1,133.35000000000002,1,-2.1051694348676966,0.33826104713571153,Clients perdus,"Campagne de réactivation avec remise, à faible coût"
17883.0,3,4,664.34,2,1.142866295465341,-1.4749893787433146,Nouveaux clients,"Mail de bienvenue, code promo sur la 2e commande"
17884.0,4,4,695.0699999999999,2,1.0791578723741915,-1.3169656374798218,Nouveaux clients,"Mail de bienvenue, code promo sur la 2e commande"
17885.0,12,1,156.34,2,-0.8248445772761935,-1.6058761444768077,Nouveaux clients,"Mail de bienvenue, code promo sur la 2e commande"
17886.0,32,3,869.28,3,0.26261393156500057,-0.12431544202609515,Clients fidèles,"Fidélité à paliers, recommandations de produits complémentaires"
17887.0,129,1,111.35,1,-1.8646870688087103,-0.26793853453730054,Clients perdus,"Campagne de réactivation avec remise, à faible coût"
17888.0,21,8,716.0,3,1.0602446387317408,-0.13988723543149953,Clients fidèles,"Fidélité à paliers, recommandations de produits complémentaires"
17889.0,212,2,201.37,1,-1.4053387201136835,0.41601671820806524,Clients perdus,"Campagne de réactivation avec remise, à faible coût"
17890.0,323,2,586.89,1,-1.0574319623956465,1.0709626253774236,Clients perdus,"Campagne de réactivation avec remise, à faible coût"
17891.0,162,1,203.85999999999999,1,-1.664877790829414,0.09460282027216543,Clients perdus,"Campagne de réactivation avec remise, à faible coût"
17892.0,56,3,244.1,1,-0.5498416668908654,-0.23962513288971626,Clients perdus,"Campagne de réactivation avec remise, à faible coût"
17893.0,225,1,107.21,1,-2.093771863970252,0.06919014652576781,Clients perdus,"Campagne de réactivation avec remise, à faible coût"
17894.0,72,8,1118.54,3,0.8144769141441549,0.7834872631909204,Clients fidèles,"Fidélité à paliers, recommandations de produits complémentaires"
17895.0,44,1,95.45,1,-1.532231679008287,-0.9965855466109712,Clients perdus,"Campagne de réactivation avec remise, à faible coût"
17896.0,23,1,256.32,2,-0.8246274663474289,-1.0375658134406984,Nouveaux clients,"Mail de bienvenue, code promo sur la 2e commande"
17897.0,173,3,541.8100000000001,1,-0.5972381096936591,0.758267264967194,Clients perdus,"Campagne de réactivation avec remise, à faible coût"
17898.0,85,2,152.06,1,-1.1920224293800534,-0.26116844209561535,Clients perdus,"Campagne de réactivation avec remise, à faible coût"
17899.0,159,1,154.55,1,-1.788976599683753,-0.017584423358709543,Clients perdus,"Campagne de réactivation avec remise, à faible coût"
17900.0,190,2,112.19999999999999,1,-1.6404892283333101,0.1350313366118686,Clients perdus,"Campagne de réactivation avec remise, à faible coût"
17901.0,29,1,110.38,2,-1.3088091560334103,-1.2013312348034573,Nouveaux clients,"Mail de bienvenue, code promo sur la 2e commande"
17904.0,21,1,181.07,2,-0.9562126919269728,-1.218898932308292,Nouveaux clients,"Mail de bienvenue, code promo sur la 2e commande"
17905.0,71,4,798.99,3,0.1268125441537635,0.4258367870748713,Clients fidèles,"Fidélité à paliers, recommandations de produits complémentaires"
17906.0,247,1,72.9,1,-2.31094593842007,-0.010932030090827535,Clients perdus,"Campagne de réactivation avec remise, à faible coût"
17908.0,374,1,232.03,1,-1.9216910598796457,0.6701402442690172,Clients perdus,"Campagne de réactivation avec remise, à faible coût"
17911.0,9,1,366.23,2,-0.320821214680804,-1.4632704171138415,Nouveaux clients,"Mail de bienvenue, code promo sur la 2e commande"
17912.0,310,5,310.06,1,-0.716756402168284,1.0798160102897076,Clients perdus,"Campagne de réactivation avec remise, à faible coût"
17913.0,59,2,408.65,1,-0.5854877265688732,-0.1305889753460745,Clients perdus,"Campagne de réactivation avec remise, à faible coût"
17914.0,4,1,329.36,2,-0.10651145345324456,-1.9415758372732408,Nouveaux clients,"Mail de bienvenue, code promo sur la 2e commande"
17917.0,45,3,335.03,2,-0.3176220912976776,-0.2605936796812437,Nouveaux clients,"Mail de bienvenue, code promo sur la 2e commande"
17919.0,88,1,1304.04,1,-0.5515659571384962,0.3858834343864564,Clients perdus,"Campagne de réactivation avec remise, à faible coût"
17920.0,4,17,4107.6,0,3.086159973095878,-0.17632357731198642,Champions,"Programme VIP, avant-premières, remerciements personnalisés"
17921.0,64,4,820.23,3,0.17835861548586415,0.3705065980719704,Clients fidèles,"Fidélité à paliers, recommandations de produits complémentaires"
17923.0,282,1,207.50000000000003,1,-1.8671852224424177,0.45101604188930206,Clients perdus,"Campagne de réactivation avec remise, à faible coût"
17924.0,12,7,2962.5,0,1.8304955761502155,-0.0015757940399689111,Champions,"Programme VIP, avant-premières, remerciements personnalisés"
17925.0,373,1,244.08,1,-1.8966501819756343,0.6868296711655045,Clients perdus,"Campagne de réactivation avec remise, à faible coût"
17926.0,133,2,397.29,1,-0.9057497570307225,0.36888692013321983,Clients perdus,"Campagne de réactivation avec remise, à faible coût"
17928.0,45,2,184.46,1,-0.8615773189152052,-0.5880995475215117,Clients perdus,"Campagne de réactivation avec remise, à faible coût"
17929.0,11,4,843.0,2,0.8366190902856983,-0.6913124355571739,Nouveaux clients,"Mail de bienvenue, code promo sur la 2e commande"
17930.0,36,5,1740.48,3,0.9169593455078514,0.35734252654671894,Clients fidèles,"Fidélité à paliers, recommandations de produits complémentaires"
17931.0,134,2,408.36,1,-0.8955277497148256,0.3835996011429909,Clients perdus,"Campagne de réactivation avec remise, à faible coût"
17932.0,29,3,1331.57,3,0.5020025283123482,-0.0294316707379429,Clients fidèles,"Fidélité à paliers, recommandations de produits complémentaires"
17934.0,52,2,704.25,3,-0.27928311862099214,-0.011205476782940503,Clients fidèles,"Fidélité à paliers, recommandations de produits complémentaires"
17935.0,138,2,142.89,1,-1.4048228546058856,0.020892796962691463,Clients perdus,"Campagne de réactivation avec remise, à faible coût"
17936.0,5,1,380.13,2,-0.10803072271025765,-1.7737870208820694,Nouveaux clients,"Mail de bienvenue, code promo sur la 2e commande"
17937.0,9,7,4301.22,0,2.108294399149864,-0.032100229627813344,Champions,"Programme VIP, avant-premières, remerciements personnalisés"
17939.0,160,1,99.14,1,-2.0011809356027004,-0.17421124217997278,Clients perdus,"Campagne de réactivation avec remise, à faible coût"
17940.0,49,9,2152.1800000000003,3,1.3661194413587883,0.822459383481899,Clients fidèles,"Fidélité à paliers, recommandations de produits complémentaires"
17941.0,131,1,304.56,1,-1.3938230931540219,0.1065626290566666,Clients perdus,"Campagne de réactivation avec remise, à faible coût"
17942.0,8,1,77.50000000000001,2,-1.0156829126898335,-2.0926838780827115,Nouveaux clients,"Mail de bienvenue, code promo sur la 2e commande"
17946.0,233,2,149.57999999999998,1,-1.5820876050953678,0.36788398835750497,Clients perdus,"Campagne de réactivation avec remise, à faible coût"
17947.0,37,1,176.68,1,-1.1765719569075463,-0.8810759308462359,Clients perdus,"Campagne de réactivation avec remise, à faible coût"
17948.0,147,1,358.56000000000006,1,-1.3599835809771452,0.23848047481377926,Clients perdus,"Campagne de réactivation avec remise, à faible coût"
17949.0,1,44,58030.48,0,5.528268978389706,0.5607456923980693,Champions,"Programme VIP, avant-premières, remerciements personnalisés"
17950.0,72,3,482.2,3,-0.3209364556209124,0.1648217429561549,Clients fidèles,"Fidélité à paliers, recommandations de produits complémentaires"
17951.0,40,3,1008.5400000000001,3,0.2504356946239353,0.06751121350448974,Clients fidèles,"Fidélité à paliers, recommandations de produits complémentaires"
17954.0,5,12,2314.13,0,2.4482474164258754,-0.39513628477662655,Champions,"Programme VIP, avant-premières, remerciements personnalisés"
17955.0,199,4,557.3,3,-0.4347447035432339,0.9428070457218268,Clients fidèles,"Fidélité à paliers, recommandations de produits complémentaires"
17956.0,249,1,12.75,1,-3.115236355717155,-0.6190141902311207,Clients perdus,"Campagne de réactivation avec remise, à faible coût"
17957.0,66,1,110.72,1,-1.6142200976044307,-0.6904897666755869,Clients perdus,"Campagne de réactivation avec remise, à faible coût"
17958.0,117,1,508.4599999999999,1,-1.1074438927249601,0.22183380251373755,Clients perdus,"Campagne de réactivation avec remise, à faible coût"
17960.0,171,1,73.78,1,-2.1655518953980275,-0.23876113876999977,Clients perdus,"Campagne de réactivation avec remise, à faible coût"
17961.0,21,39,1296.44,0,2.694952994104763,0.65080492154942,Champions,"Programme VIP, avant-premières, remerciements personnalisés"
17962.0,142,1,102.41,1,-1.9405924426559593,-0.23770821753513607,Clients perdus,"Campagne de réactivation avec remise, à faible coût"
17964.0,32,2,463.21,2,-0.2975960022563077,-0.4642610740882596,Nouveaux clients,"Mail de bienvenue, code promo sur la 2e commande"
17965.0,38,14,2599.19,0,1.9184276954095074,0.8897665466868879,Champions,"Programme VIP, avant-premières, remerciements personnalisés"
17966.0,38,5,1098.43,3,0.6777170325398586,0.223033084456169,Clients fidèles,"Fidélité à paliers, recommandations de produits complémentaires"
17967.0,372,1,112.27,1,-2.2633517745409586,0.4037110551593839,Clients perdus,"Campagne de réactivation avec remise, à faible coût"
17968.0,374,1,265.1,1,-1.8584646202427493,0.7185275846375575,Clients perdus,"Campagne de réactivation avec remise, à faible coût"
17969.0,166,2,228.2,1,-1.2531046334445834,0.30706506577058934,Clients perdus,"Campagne de réactivation avec remise, à faible coût"
17970.0,211,1,562.79,1,-1.2829275095976431,0.6304719805674446,Clients perdus,"Campagne de réactivation avec remise, à faible coût"
17972.0,242,1,135.19,1,-2.011899298758084,0.1990553305477264,Clients perdus,"Campagne de réactivation avec remise, à faible coût"
17973.0,52,1,337.04,1,-0.9971966865481047,-0.43549191161798373,Clients perdus,"Campagne de réactivation avec remise, à faible coût"
17974.0,25,3,703.99,2,0.2533115848038483,-0.35236236905605,Nouveaux clients,"Mail de bienvenue, code promo sur la 2e commande"
17975.0,15,13,4479.96,0,2.455465143127054,0.4964191757685969,Champions,"Programme VIP, avant-premières, remerciements personnalisés"
17976.0,372,1,321.79,1,-1.7644068633914751,0.7855547487089504,Clients perdus,"Campagne de réactivation avec remise, à faible coût"
17977.0,29,1,288.14,2,-0.8542994664785628,-0.8534939190287432,Nouveaux clients,"Mail de bienvenue, code promo sur la 2e commande"
17978.0,365,1,300.91999999999996,1,-1.7890169715229616,0.7491647746169369,Clients perdus,"Campagne de réactivation avec remise, à faible coût"
17979.0,36,4,729.01,3,0.3374545323791036,-0.029885840995220587,Clients fidèles,"Fidélité à paliers, recommandations de produits complémentaires"
17980.0,166,3,811.45,3,-0.38940896386334556,0.8792690327563472,Clients fidèles,"Fidélité à paliers, recommandations de produits complémentaires"
17984.0,145,1,152.68,1,-1.7597685883868652,-0.08008383496129998,Clients perdus,"Campagne de réactivation avec remise, à faible coût"
17985.0,22,1,631.35,2,-0.37999228897773263,-0.7367241090955059,Nouveaux clients,"Mail de bienvenue, code promo sur la 2e commande"
17986.0,56,1,20.8,1,-2.331037335460985,-1.3888594916404018,Clients perdus,"Campagne de réactivation avec remise, à faible coût"
17987.0,185,1,198.57,1,-1.7277532131069948,0.16880099598996195,Clients perdus,"Campagne de réactivation avec remise, à faible coût"
17988.0,12,7,201.12,2,0.55111834467148,-0.9806861458934181,Nouveaux clients,"Mail de bienvenue, code promo sur la 2e commande"
17990.0,237,3,630.84,1,-0.644497539371926,1.012346117460824,Clients perdus,"Campagne de réactivation avec remise, à faible coût"
17991.0,225,2,93.35,1,-1.7915318314099835,0.17536066413537452,Clients perdus,"Campagne de réactivation avec remise, à faible coût"
17994.0,122,4,674.89,3,-0.15802096770760787,0.7041005503166563,Clients fidèles,"Fidélité à paliers, recommandations de produits complémentaires"
17995.0,282,1,76.1,1,-2.341168372364401,0.08827564189303025,Clients perdus,"Campagne de réactivation avec remise, à faible coût"
17997.0,74,8,1962.46,3,1.0718158060739562,1.0054759123753303,Clients fidèles,"Fidélité à paliers, recommandations de produits complémentaires"
17999.0,37,2,380.39,2,-0.4451034842486994,-0.44641589609501436,Nouveaux clients,"Mail de bienvenue, code promo sur la 2e commande"
18001.0,12,2,415.13,2,0.0060816668462711524,-1.0951008473805244,Nouveaux clients,"Mail de bienvenue, code promo sur la 2e commande"
18004.0,362,1,157.92,1,-2.091636663987188,0.5099422860679056,Clients perdus,"Campagne de réactivation avec remise, à faible coût"
18005.0,4,2,226.47,2,0.08323924226918325,-1.9214936691051492,Nouveaux clients,"Mail de bienvenue, code promo sur la 2e commande"
18006.0,23,1,444.68,2,-0.5629261537130767,-0.8372851940976701,Nouveaux clients,"Mail de bienvenue, code promo sur la 2e commande"
18008.0,70,9,2116.19,3,1.2241689905924518,1.0387668086586543,Clients fidèles,"Fidélité à paliers, recommandations de produits complémentaires"
18009.0,235,1,247.39,1,-1.7144178238029109,0.39963242605140137,Clients perdus,"Campagne de réactivation avec remise, à faible coût"
18010.0,257,1,174.8,1,-1.913140859658025,0.33014107154420175,Clients perdus,"Campagne de réactivation avec remise, à faible coût"
18011.0,373,1,102.78999999999999,1,-2.306017714906227,0.3735397521775153,Clients perdus,"Campagne de réactivation avec remise, à faible coût"
18013.0,155,2,187.29,1,-1.320756471927345,0.19214984715150493,Clients perdus,"Campagne de réactivation avec remise, à faible coût"
18014.0,28,1,154.27,2,-1.1375787723089135,-1.1017037028758347,Nouveaux clients,"Mail de bienvenue, code promo sur la 2e commande"
18015.0,4,1,120.03,2,-0.5849297024486049,-2.30771042883975,Nouveaux clients,"Mail de bienvenue, code promo sur la 2e commande"
18016.0,32,5,1477.66,3,0.8827081140395091,0.22510959106437656,Clients fidèles,"Fidélité à paliers, recommandations de produits complémentaires"
18017.0,81,3,523.0,3,-0.3267162613325931,0.26813266352027665,Clients fidèles,"Fidélité à paliers, recommandations de produits complémentaires"
18018.0,108,2,122.14,1,-1.3861657368719802,-0.19012595141488295,Clients perdus,"Campagne de réactivation avec remise, à faible coût"
18019.0,52,1,38.45,1,-2.020659605243071,-1.2187504484876406,Clients perdus,"Campagne de réactivation avec remise, à faible coût"
18022.0,36,1,612.72,2,-0.5758091899773704,-0.4460234029310557,Nouveaux clients,"Mail de bienvenue, code promo sur la 2e commande"
18024.0,153,2,389.78,1,-0.9679477819217557,0.45019798311917303,Clients perdus,"Campagne de réactivation avec remise, à faible coût"
18027.0,99,1,115.31,1,-1.7479834215509376,-0.4217494804065673,Clients perdus,"Campagne de réactivation avec remise, à faible coût"
18030.0,4,2,230.64999999999998,2,0.09191492337716362,-1.9148541503039704,Nouveaux clients,"Mail de bienvenue, code promo sur la 2e commande"
18032.0,334,1,73.5,1,-2.421934389054544,0.18277891553801637,Clients perdus,"Campagne de réactivation avec remise, à faible coût"
18033.0,65,1,93.82000000000001,1,-1.6866210599372273,-0.7598335072602649,Clients perdus,"Campagne de réactivation avec remise, à faible coût"
18034.0,22,2,418.68,2,-0.20776800763703404,-0.7300549463567747,Nouveaux clients,"Mail de bienvenue, code promo sur la 2e commande"
18035.0,36,3,713.89,3,0.12520949830983769,-0.12345098344779272,Clients fidèles,"Fidélité à paliers, recommandations de produits complémentaires"
18036.0,32,3,403.12,2,-0.10286746225088747,-0.4040191973300372,Nouveaux clients,"Mail de bienvenue, code promo sur la 2e commande"
18037.0,154,6,70.02,1,-1.0147919446168436,0.15885318475940857,Clients perdus,"Campagne de réactivation avec remise, à faible coût"
18040.0,19,2,357.20000000000005,2,-0.22986063766315548,-0.8764753794012056,Nouveaux clients,"Mail de bienvenue, code promo sur la 2e commande"
18041.0,12,21,4097.37,0,2.901954794246738,0.5062145572037077,Champions,"Programme VIP, avant-premières, remerciements personnalisés"
18042.0,54,1,165.04999999999998,1,-1.3500351232531496,-0.6711950287403889,Clients perdus,"Campagne de réactivation avec remise, à faible coût"
18043.0,25,3,529.29,2,0.11763969449489398,-0.4561923802432006,Nouveaux clients,"Mail de bienvenue, code promo sur la 2e commande"
18044.0,4,10,2088.6,0,2.3176159006489065,-0.6125042382648801,Champions,"Programme VIP, avant-premières, remerciements personnalisés"
18045.0,45,1,178.34,1,-1.245107347766507,-0.7564814871514124,Clients perdus,"Campagne de réactivation avec remise, à faible coût"
18048.0,203,2,172.29000000000002,1,-1.462762098819933,0.3320642120822092,Clients perdus,"Campagne de réactivation avec remise, à faible coût"
18050.0,359,1,74.4,1,-2.443700605125944,0.23281670492460182,Clients perdus,"Campagne de réactivation avec remise, à faible coût"
18053.0,71,1,300.02,1,-1.1694656733078124,-0.2834226531000173,Clients perdus,"Campagne de réactivation avec remise, à faible coût"
18055.0,7,10,6761.34,0,2.6976502982596053,0.1138741954817086,Champions,"Programme VIP, avant-premières, remerciements personnalisés"
18056.0,288,1,363.65,1,-1.6088661391721661,0.6681495296471917,Clients perdus,"Campagne de réactivation avec remise, à faible coût"
18058.0,10,1,170.16,2,-0.7209332420774176,-1.6811562013049501,Nouveaux clients,"Mail de bienvenue, code promo sur la 2e commande"
18059.0,23,3,306.46,2,-0.11149059455155971,-0.7057193201134951,Nouveaux clients,"Mail de bienvenue, code promo sur la 2e commande"
18061.0,22,10,2119.41,0,1.7417728609985255,0.3609489963452378,Champions,"Programme VIP, avant-premières, remerciements personnalisés"
18062.0,173,3,720.52,3,-0.46164189984515946,0.8620393577230633,Clients fidèles,"Fidélité à paliers, recommandations de produits complémentaires"
18064.0,133,2,814.0,1,-0.5646124430286928,0.6299600948971709,Clients perdus,"Campagne de réactivation avec remise, à faible coût"
18065.0,6,14,2392.83,0,2.5350194424309946,-0.23004670530300383,Champions,"Programme VIP, avant-premières, remerciements personnalisés"
18066.0,75,1,318.0,1,-1.1624739148062828,-0.22796949095564084,Clients perdus,"Campagne de réactivation avec remise, à faible coût"
18067.0,40,1,396.33,2,-0.8221580388854169,-0.5394284467861704,Nouveaux clients,"Mail de bienvenue, code promo sur la 2e commande"
18068.0,289,1,101.69999999999999,1,-2.2138993832820226,0.20831711795593685,Clients perdus,"Campagne de réactivation avec remise, à faible coût"
18069.0,26,5,2009.24,3,1.1056706615261809,0.2097882712154022,Clients fidèles,"Fidélité à paliers, recommandations de produits complémentaires"
18071.0,258,2,453.0,1,-1.0950496944805141,0.8346784459432247,Clients perdus,"Campagne de réactivation avec remise, à faible coût"
18072.0,186,1,247.44,1,-1.6254425396271777,0.25206833091724135,Clients perdus,"Campagne de réactivation avec remise, à faible coût"
18073.0,114,12,3859.82,3,1.5640601185955723,1.664803155873534,Clients fidèles,"Fidélité à paliers, recommandations de produits complémentaires"
18074.0,374,1,489.6,1,-1.566996923330693,0.9415884866575426,Clients perdus,"Campagne de réactivation avec remise, à faible coût"
18075.0,23,10,2611.75,0,1.8249973978459406,0.46407955115851807,Champions,"Programme VIP, avant-premières, remerciements personnalisés"
18077.0,8,11,2584.41,0,2.2734477442639074,-0.12847666840188457,Champions,"Programme VIP, avant-premières, remerciements personnalisés"
18078.0,217,2,336.13,1,-1.1710371838555897,0.616829603054597,Clients perdus,"Campagne de réactivation avec remise, à faible coût"
18079.0,45,4,3613.15,3,1.0164008605174804,0.6914706956177005,Clients fidèles,"Fidélité à paliers, recommandations de produits complémentaires"
18080.0,19,2,1231.5,2,0.3588847519719561,-0.42590717214035034,Nouveaux clients,"Mail de bienvenue, code promo sur la 2e commande"
18081.0,36,3,343.45,2,-0.2226799806578696,-0.3896916056640295,Nouveaux clients,"Mail de bienvenue, code promo sur la 2e commande"
18082.0,26,1,680.84,2,-0.405327828122945,-0.6075290843128908,Nouveaux clients,"Mail de bienvenue, code promo sur la 2e commande"
18084.0,16,1,90.47999999999999,2,-1.185667353012292,-1.6334230492359716,Nouveaux clients,"Mail de bienvenue, code promo sur la 2e commande"
18085.0,330,2,689.95,1,-0.9886364444151148,1.1434193884655055,Clients perdus,"Campagne de réactivation avec remise, à faible coût"
18086.0,274,1,101.34,1,-2.1952892310822483,0.17334434524497608,Clients perdus,"Campagne de réactivation avec remise, à faible coût"
18087.0,291,1,3202.9199999999996,3,-0.5774065432405497,1.467097746283076,Clients fidèles,"Fidélité à paliers, recommandations de produits complémentaires"
18088.0,61,1,166.03,1,-1.3929848105940257,-0.5930486089653446,Clients perdus,"Campagne de réactivation avec remise, à faible coût"
18092.0,2,11,9068.26,0,3.2909589879541334,-0.3678215992058138,Champions,"Programme VIP, avant-premières, remerciements personnalisés"
18093.0,93,4,2106.52,3,0.4864999703581494,0.9481826034493702,Clients fidèles,"Fidélité à paliers, recommandations de produits complémentaires"
18094.0,82,7,3017.3,3,1.1312051344174545,1.181196948751082,Clients fidèles,"Fidélité à paliers, recommandations de produits complémentaires"
18095.0,313,2,580.0500000000001,1,-1.0510347120546555,1.0468069291638766,Clients perdus,"Campagne de réactivation avec remise, à faible coût"
18096.0,12,3,849.06,2,0.6071853572081102,-0.7238591289336351,Nouveaux clients,"Mail de bienvenue, code promo sur la 2e commande"
18097.0,8,6,2662.4,0,1.7990223601344442,-0.32521062906385495,Champions,"Programme VIP, avant-premières, remerciements personnalisés"
18099.0,127,1,168.31,1,-1.6633704451821123,-0.12823768772993535,Clients perdus,"Campagne de réactivation avec remise, à faible coût"
18101.0,11,2,222.4,2,-0.25971324348913616,-1.3726873066541054,Nouveaux clients,"Mail de bienvenue, code promo sur la 2e commande"
18102.0,1,60,259657.3,0,6.517921964446291,1.224243818278941,Champions,"Programme VIP, avant-premières, remerciements personnalisés"
18104.0,37,1,754.64,2,-0.4868812778871221,-0.3532540603372362,Nouveaux clients,"Mail de bienvenue, code promo sur la 2e commande"
18105.0,38,1,113.48000000000002,1,-1.3959292761041369,-1.0248799472112915,Clients perdus,"Campagne de réactivation avec remise, à faible coût"
18106.0,330,1,421.9,1,-1.590080320281019,0.8082674781229034,Clients perdus,"Campagne de réactivation avec remise, à faible coût"
18108.0,254,1,271.0,1,-1.7007277831039063,0.48186294642798355,Clients perdus,"Campagne de réactivation avec remise, à faible coût"
18109.0,2,26,8004.92,0,3.9666271710127265,-0.1010001328149807,Champions,"Programme VIP, avant-premières, remerciements personnalisés"
18110.0,20,1,198.8,2,-0.8941723907252054,-1.2145279471578703,Nouveaux clients,"Mail de bienvenue, code promo sur la 2e commande"
18112.0,12,2,352.69,2,-0.07137705409042626,-1.1543801855181817,Nouveaux clients,"Mail de bienvenue, code promo sur la 2e commande"
18113.0,369,1,76.32000000000001,1,-2.442184200627222,0.2593669600358589,Clients perdus,"Campagne de réactivation avec remise, à faible coût"
18114.0,290,1,220.1,1,-1.8498756676829387,0.4900952182841284,Clients perdus,"Campagne de réactivation avec remise, à faible coût"
18116.0,68,8,1399.51,3,0.9426832557182513,0.8293834207132278,Clients fidèles,"Fidélité à paliers, recommandations de produits complémentaires"
18117.0,26,1,314.4,2,-0.7726436329233995,-0.8886367185825909,Nouveaux clients,"Mail de bienvenue, code promo sur la 2e commande"
18118.0,11,26,5622.68,0,3.2689095360747897,0.6496693001429736,Champions,"Programme VIP, avant-premières, remerciements personnalisés"
18119.0,368,1,180.7,1,-2.034075126558568,0.5691858793898097,Clients perdus,"Campagne de réactivation avec remise, à faible coût"
18120.0,214,1,111.15,1,-2.057676415125391,0.050576160263101966,Clients perdus,"Campagne de réactivation avec remise, à faible coût"
18121.0,149,2,653.3,1,-0.712327778953957,0.6214371598137926,Clients perdus,"Campagne de réactivation avec remise, à faible coût"
18122.0,8,6,1791.84,0,1.6104447621401972,-0.46952950060607873,Champions,"Programme VIP, avant-premières, remerciements personnalisés"
18123.0,24,2,574.4399999999999,2,-0.08922647380360134,-0.5620677841146914,Nouveaux clients,"Mail de bienvenue, code promo sur la 2e commande"
18125.0,30,4,1131.75,3,0.6143494847719321,0.01806651516889703,Clients fidèles,"Fidélité à paliers, recommandations de produits complémentaires"
18126.0,61,1,198.58,1,-1.3081579685275038,-0.5281304306995234,Clients perdus,"Campagne de réactivation avec remise, à faible coût"
18127.0,19,3,347.08,2,0.017260511462359414,-0.7761373178056116,Nouveaux clients,"Mail de bienvenue, code promo sur la 2e commande"
18129.0,243,1,112.55000000000001,1,-2.100088840174879,0.13536929331180575,Clients perdus,"Campagne de réactivation avec remise, à faible coût"
18130.0,15,3,1059.39,2,0.6332203300513979,-0.5115217898580022,Nouveaux clients,"Mail de bienvenue, code promo sur la 2e commande"
18133.0,212,1,931.4999999999999,1,-1.0449843551487783,0.816931224260442,Clients perdus,"Campagne de réactivation avec remise, à faible coût"
18135.0,29,5,681.9100000000001,3,0.5510417945984109,-0.11703628469743463,Clients fidèles,"Fidélité à paliers, recommandations de produits complémentaires"
18136.0,63,3,784.33,3,-0.03929011103005776,0.2584387668113931,Clients fidèles,"Fidélité à paliers, recommandations de produits complémentaires"
18138.0,295,1,152.65,1,-2.0297778054938833,0.36820258260690747,Clients perdus,"Campagne de réactivation avec remise, à faible coût"
18139.0,18,6,8438.34,0,2.063136181705229,0.5693358178392127,Champions,"Programme VIP, avant-premières, remerciements personnalisés"
18142.0,157,2,1019.52,3,-0.520391779880605,0.8164756406367597,Clients fidèles,"Fidélité à paliers, recommandations de produits complémentaires"
18143.0,117,2,1000.16,3,-0.41803349413279406,0.6243066959867685,Clients fidèles,"Fidélité à paliers, recommandations de produits complémentaires"
18144.0,8,12,2888.75,0,2.399025635239053,-0.05707436632100345,Champions,"Programme VIP, avant-premières, remerciements personnalisés"
18145.0,13,4,2861.55,3,1.3596353885505987,-0.14820038185215542,Clients fidèles,"Fidélité à paliers, recommandations de produits complémentaires"
18146.0,141,2,160.35000000000002,1,-1.3584122703147703,0.07619817733683236,Clients perdus,"Campagne de réactivation avec remise, à faible coût"
18147.0,46,2,179.33999999999997,1,-0.8831289271134266,-0.5846639351152585,Clients perdus,"Campagne de réactivation avec remise, à faible coût"
18149.0,51,3,612.0799999999999,3,-0.07796202178080819,0.03643034995159111,Clients fidèles,"Fidélité à paliers, recommandations de produits complémentaires"
18150.0,32,3,566.58,2,0.0589660679084371,-0.2801676227066259,Nouveaux clients,"Mail de bienvenue, code promo sur la 2e commande"
18151.0,135,2,653.35,1,-0.6748716424980399,0.559307137748819,Clients perdus,"Campagne de réactivation avec remise, à faible coût"
18154.0,3,2,399.19,2,0.4376131077939089,-1.8570704755550242,Nouveaux clients,"Mail de bienvenue, code promo sur la 2e commande"
18155.0,75,3,371.62,1,-0.46013159745254006,0.09561590491110843,Clients perdus,"Campagne de réactivation avec remise, à faible coût"
18156.0,13,2,675.64,2,0.20939816024762256,-0.8708287933040836,Nouveaux clients,"Mail de bienvenue, code promo sur la 2e commande"
18158.0,9,2,453.4,2,0.14819887116150743,-1.2294627393037392,Nouveaux clients,"Mail de bienvenue, code promo sur la 2e commande"
18159.0,301,1,530.15,1,-1.446476787704855,0.8332001640970271,Clients perdus,"Campagne de réactivation avec remise, à faible coût"
18160.0,57,2,638.0600000000001,3,-0.3606681789312233,0.01005046756724989,Clients fidèles,"Fidélité à paliers, recommandations de produits complémentaires"
18161.0,15,5,1618.69,3,1.202583489530596,-0.2009213259037284,Clients fidèles,"Fidélité à paliers, recommandations de produits complémentaires"
18164.0,37,1,399.65000000000003,2,-0.7891737215160863,-0.5845991660353389,Nouveaux clients,"Mail de bienvenue, code promo sur la 2e commande"
18165.0,177,1,302.46000000000004,1,-1.511292985700912,0.2937192972173307,Clients perdus,"Campagne de réactivation avec remise, à faible coût"
18167.0,23,3,1384.8600000000001,3,0.605905411618996,-0.15669449871031177,Clients fidèles,"Fidélité à paliers, recommandations de produits complémentaires"
18168.0,176,6,1160.04,3,0.26575499007143605,1.2618503413137865,Clients fidèles,"Fidélité à paliers, recommandations de produits complémentaires"
18169.0,61,1,202.65,1,-1.298539679291315,-0.5207695317194875,Clients perdus,"Campagne de réactivation avec remise, à faible coût"
18170.0,33,3,980.31,3,0.30842098908606785,-0.061595415240284127,Clients fidèles,"Fidélité à paliers, recommandations de produits complémentaires"
18171.0,59,5,1231.31,3,0.5675581374541876,0.5379208863492103,Clients fidèles,"Fidélité à paliers, recommandations de produits complémentaires"
18172.0,15,20,7561.68,0,3.072372757888462,0.843405521224169,Champions,"Programme VIP, avant-premières, remerciements personnalisés"
18173.0,87,4,2106.84,3,0.5117623353889688,0.9063948246150529,Clients fidèles,"Fidélité à paliers, recommandations de produits complémentaires"
18174.0,7,1,104.0,2,-0.8321211427457623,-2.0613493783443206,Nouveaux clients,"Mail de bienvenue, code promo sur la 2e commande"
18176.0,358,1,476.35,1,-1.5633888689710271,0.903943652003105,Clients perdus,"Campagne de réactivation avec remise, à faible coût"
18177.0,31,6,1340.8700000000001,3,0.987943949512485,0.22955779328412873,Clients fidèles,"Fidélité à paliers, recommandations de produits complémentaires"
18178.0,129,4,1590.81,3,0.22896027780469724,1.0515493428738532,Clients fidèles,"Fidélité à paliers, recommandations de produits complémentaires"
18179.0,9,6,1793.17,0,1.570559807585245,-0.4024193508221091,Champions,"Programme VIP, avant-premières, remerciements personnalisés"
18180.0,5,6,1843.75,0,1.7788951124270151,-0.7163455195957944,Champions,"Programme VIP, avant-premières, remerciements personnalisés"
18181.0,24,1,366.85,2,-0.6699583933448453,-0.8813687864173155,Nouveaux clients,"Mail de bienvenue, code promo sur la 2e commande"
18183.0,227,2,632.07,1,-0.8879530516287352,0.8750361193055067,Clients perdus,"Campagne de réactivation avec remise, à faible coût"
18184.0,15,1,49.8,2,-1.442769762407259,-1.8863630024717408,Nouveaux clients,"Mail de bienvenue, code promo sur la 2e commande"
18185.0,249,1,304.25,1,-1.6382171669996284,0.5113520082418669,Clients perdus,"Campagne de réactivation avec remise, à faible coût"
18188.0,15,3,2001.04,3,0.9360144934260306,-0.27979271687908003,Clients fidèles,"Fidélité à paliers, recommandations de produits complémentaires"
18189.0,78,2,1090.24,3,-0.22374886944536027,0.401179969835464,Clients fidèles,"Fidélité à paliers, recommandations de produits complémentaires"
18190.0,192,2,284.46000000000004,1,-1.203782997241022,0.4788965013917175,Clients perdus,"Campagne de réactivation avec remise, à faible coût"
18191.0,262,1,207.79999999999998,1,-1.8385088830035732,0.4050439720388703,Clients perdus,"Campagne de réactivation avec remise, à faible coût"
18192.0,72,1,957.97,1,-0.622686323769446,0.14781067422340105,Clients perdus,"Campagne de réactivation avec remise, à faible coût"
18193.0,165,1,243.76,1,-1.5870591430690921,0.17105779644558022,Clients perdus,"Campagne de réactivation avec remise, à faible coût"
18194.0,82,1,973.8399999999999,1,-0.6638962788877623,0.23523929411516295,Clients perdus,"Campagne de réactivation avec remise, à faible coût"
18196.0,95,2,686.63,1,-0.5182140554461935,0.3564329516384864,Clients perdus,"Campagne de réactivation avec remise, à faible coût"
18198.0,4,17,5425.56,0,3.2187175831239054,-0.0748769320208385,Champions,"Programme VIP, avant-premières, remerciements personnalisés"
18200.0,106,1,150.35,1,-1.6483582032257653,-0.28280897938542593,Clients perdus,"Campagne de réactivation avec remise, à faible coût"
18202.0,200,3,1396.99,3,-0.20159789137096923,1.1947231066248472,Clients fidèles,"Fidélité à paliers, recommandations de produits complémentaires"
18203.0,157,1,160.42000000000002,1,-1.7665239985091328,-0.012057748277685186,Clients perdus,"Campagne de réactivation avec remise, à faible coût"
18204.0,71,3,1975.35,3,0.35543856596037887,0.6696712825240234,Clients fidèles,"Fidélité à paliers, recommandations de produits complémentaires"
18205.0,36,2,517.36,2,-0.2887230683483622,-0.3514502083773806,Nouveaux clients,"Mail de bienvenue, code promo sur la 2e commande"
18209.0,29,1,139.10000000000002,2,-1.1995088566465615,-1.1176834630929573,Nouveaux clients,"Mail de bienvenue, code promo sur la 2e commande"
18210.0,2,6,2621.38,0,2.2111987552455585,-1.0278197183962294,Champions,"Programme VIP, avant-premières, remerciements personnalisés"
18211.0,26,5,600.07,3,0.5304612350542666,-0.2304208321554495,Clients fidèles,"Fidélité à paliers, recommandations de produits complémentaires"
18212.0,326,1,216.07,1,-1.9031847833794275,0.5573812922921288,Clients perdus,"Campagne de réactivation avec remise, à faible coût"
18213.0,237,1,232.48000000000002,1,-1.747134323989202,0.3824144407286711,Clients perdus,"Campagne de réactivation avec remise, à faible coût"
18215.0,89,1,299.34000000000003,1,-1.2557639955916151,-0.14268701389324767,Clients perdus,"Campagne de réactivation avec remise, à faible coût"
18216.0,31,1,481.75,2,-0.6347281495573011,-0.6256497131071652,Nouveaux clients,"Mail de bienvenue, code promo sur la 2e commande"
18217.0,29,2,621.75,2,-0.12121305788851178,-0.417595674170369,Nouveaux clients,"Mail de bienvenue, code promo sur la 2e commande"
18218.0,211,2,641.92,1,-0.8528095477290328,0.8345077729988203,Clients perdus,"Campagne de réactivation avec remise, à faible coût"
18219.0,3,10,2069.77,0,2.3985238909641744,-0.7573651109840664,Champions,"Programme VIP, avant-premières, remerciements personnalisés"
18220.0,227,1,305.28000000000003,1,-1.6014324379318372,0.45414317391458087,Clients perdus,"Campagne de réactivation avec remise, à faible coût"
18221.0,22,5,1041.61,3,0.8541091065651981,-0.13131673958764226,Clients fidèles,"Fidélité à paliers, recommandations de produits complémentaires"
18222.0,93,1,443.0,1,-1.0861251213075027,0.027434261816685866,Clients perdus,"Campagne de réactivation avec remise, à faible coût"
18223.0,5,14,6484.54,0,3.0687532372887216,0.03557452937679425,Champions,"Programme VIP, avant-premières, remerciements personnalisés"
18224.0,264,1,158.95000000000002,1,-1.9683818088287366,0.3126721659847899,Clients perdus,"Campagne de réactivation avec remise, à faible coût"
18225.0,3,12,5504.96,0,3.015872944895525,-0.3364626174210438,Champions,"Programme VIP, avant-premières, remerciements personnalisés"
18226.0,44,11,5228.05,0,1.9943677205223893,1.149357040547194,Champions,"Programme VIP, avant-premières, remerciements personnalisés"
18227.0,218,1,93.75,1,-2.1450426466418646,0.0007964992472189914,Clients perdus,"Campagne de réactivation avec remise, à faible coût"
18228.0,57,2,779.9,3,-0.2651656491990409,0.08313877427479803,Clients fidèles,"Fidélité à paliers, recommandations de produits complémentaires"
18229.0,12,20,7276.900000000001,0,3.1333849123177675,0.6976855498135768,Champions,"Programme VIP, avant-premières, remerciements personnalisés"
18230.0,9,7,2810.2000000000003,0,1.905558239075157,-0.18725468145022933,Champions,"Programme VIP, avant-premières, remerciements personnalisés"
18231.0,192,5,2071.77,3,0.36910338402297743,1.4687112811704548,Clients fidèles,"Fidélité à paliers, recommandations de produits complémentaires"
18232.0,82,4,592.97,3,-0.06935617435518752,0.40745693476955613,Clients fidèles,"Fidélité à paliers, recommandations de produits complémentaires"
18233.0,326,1,440.0,1,-1.565469638487805,0.8158354731273542,Clients perdus,"Campagne de réactivation avec remise, à faible coût"
18235.0,72,3,1796.48,3,0.30497244155076697,0.6438312684185074,Clients fidèles,"Fidélité à paliers, recommandations de produits complémentaires"
18236.0,30,6,882.24,3,0.8008096741235032,0.05692300331869082,Clients fidèles,"Fidélité à paliers, recommandations de produits complémentaires"
18237.0,3,5,987.1,2,1.4965622497880744,-1.260573052683182,Nouveaux clients,"Mail de bienvenue, code promo sur la 2e commande"
18239.0,219,5,1561.6100000000001,3,0.1844882135556401,1.4487602980651009,Clients fidèles,"Fidélité à paliers, recommandations de produits complémentaires"
18240.0,46,1,422.58,1,-0.843837055854252,-0.42945929746176204,Clients perdus,"Campagne de réactivation avec remise, à faible coût"
18241.0,10,17,2073.09,0,2.4593622483501325,0.07462472614204392,Champions,"Programme VIP, avant-premières, remerciements personnalisés"
18242.0,72,4,2232.4900000000002,3,0.6107196084959204,0.8089538092416474,Clients fidèles,"Fidélité à paliers, recommandations de produits complémentaires"
18245.0,7,7,2567.06,0,1.9476796466110482,-0.36179901560511346,Champions,"Programme VIP, avant-premières, remerciements personnalisés"
18246.0,24,2,596.1,2,-0.07162205456457768,-0.5485950813877767,Nouveaux clients,"Mail de bienvenue, code promo sur la 2e commande"
18248.0,123,2,804.02,1,-0.5408624105988887,0.576265330894323,Clients perdus,"Campagne de réactivation avec remise, à faible coût"
18249.0,17,1,95.34,2,-1.1828344795845602,-1.57828818281921,Nouveaux clients,"Mail de bienvenue, code promo sur la 2e commande"
18250.0,310,1,349.27,1,-1.6560545487693996,0.7000222484785654,Clients perdus,"Campagne de réactivation avec remise, à faible coût"
18251.0,87,1,4314.72,3,0.02259054912659328,0.8148158014358964,Clients fidèles,"Fidélité à paliers, recommandations de produits complémentaires"
18252.0,51,2,518.27,2,-0.41786132515665464,-0.1349110474993397,Nouveaux clients,"Mail de bienvenue, code promo sur la 2e commande"
18255.0,89,1,103.3,1,-1.759671637084423,-0.5283286964432824,Clients perdus,"Campagne de réactivation avec remise, à faible coût"
18257.0,39,8,2337.63,3,1.395197473609809,0.6704492438345495,Clients fidèles,"Fidélité à paliers, recommandations de produits complémentaires"
18259.0,25,3,2338.6000000000004,3,0.8248303068381836,0.08502222967961408,Clients fidèles,"Fidélité à paliers, recommandations de produits complémentaires"
18260.0,173,6,2628.35,3,0.6617383174999134,1.5490564358780283,Clients fidèles,"Fidélité à paliers, recommandations de produits complémentaires"
18261.0,43,2,324.24,2,-0.5769708471384948,-0.41148157416119496,Nouveaux clients,"Mail de bienvenue, code promo sur la 2e commande"
18262.0,140,1,149.48,1,-1.756485747548755,-0.10986281328126324,Clients perdus,"Campagne de réactivation avec remise, à faible coût"
18263.0,26,3,1213.1599999999999,3,0.49790441672211955,-0.13020216268637858,Clients fidèles,"Fidélité à paliers, recommandations de produits complémentaires"
18265.0,72,2,801.51,3,-0.3400057139651092,0.23901232039664813,Clients fidèles,"Fidélité à paliers, recommandations de produits complémentaires"
18268.0,134,1,25.5,1,-2.5673110359582156,-0.7706855334840801,Clients perdus,"Campagne de réactivation avec remise, à faible coût"
18269.0,366,1,168.6,1,-2.064833277510429,0.5406103449234322,Clients perdus,"Campagne de réactivation avec remise, à faible coût"
18270.0,38,2,283.15,2,-0.5952507745733826,-0.5372533174220786,Nouveaux clients,"Mail de bienvenue, code promo sur la 2e commande"
18272.0,3,6,3078.58,0,2.1778996957516834,-0.7867178512376604,Champions,"Programme VIP, avant-premières, remerciements personnalisés"
18273.0,2,3,204.0,2,0.4895503088800849,-2.1726928548006104,Nouveaux clients,"Mail de bienvenue, code promo sur la 2e commande"
18274.0,30,1,175.92,2,-1.1008577028228408,-1.0118002339813312,Nouveaux clients,"Mail de bienvenue, code promo sur la 2e commande"
18276.0,44,1,335.86,1,-0.9363709573864958,-0.5405719593373891,Clients perdus,"Campagne de réactivation avec remise, à faible coût"
18277.0,58,1,110.38,1,-1.5671104062169436,-0.7722672182276756,Clients perdus,"Campagne de réactivation avec remise, à faible coût"
18278.0,74,1,173.9,1,-1.4437469496600162,-0.4555023197293668,Clients perdus,"Campagne de réactivation avec remise, à faible coût"
18280.0,278,1,180.60000000000002,1,-1.9275610687322515,0.39161904367790673,Clients perdus,"Campagne de réactivation avec remise, à faible coût"
18281.0,181,1,80.82,1,-2.1442682671725017,-0.17010468311664023,Clients perdus,"Campagne de réactivation avec remise, à faible coût"
18282.0,8,2,178.05,2,-0.2552808873265316,-1.63588092858219,Nouveaux clients,"Mail de bienvenue, code promo sur la 2e commande"
18283.0,4,16,2039.58,0,2.7009092601363958,-0.45351663166681316,Champions,"Programme VIP, avant-premières, remerciements personnalisés"
18287.0,43,3,1837.28,3,0.5090157248432488,0.33084213413934116,Clients fidèles,"Fidélité à paliers, recommandations de produits complémentaires"
